

================================================================
== Synthesis Summary Report of 'riscv_gpgpu_hls_gpgpu_scheduler'
================================================================
+ General Information: 
    * Date:           Thu Aug  6 17:29:41 2026
    * Version:        2026.1 (Build 6493734 on Jun 16 2026)
    * Project:        gpgpu_scheduler
    * Solution:       solution1
    * Product family: zynquplus
    * Target device:  xck26-sfvc784-2LV-c
    

* Performance & Resource Estimates: 
+-------------------------------------+--------+---------------+----------+---------+------+----------+---------+-----------+-------+-----------+----------+-------------+---------------+-----+
|               Modules               |  Issue |               | Iteration|         | Trip |          |       Latency       |       |           |          |             |               |     |
|               & Loops               |  Type  | Violation Type|  Latency | Interval| Count| Pipelined| (cycles)|    (ns)   | Slack |   BRAM    |    DSP   |      FF     |      LUT      | URAM|
+-------------------------------------+--------+---------------+----------+---------+------+----------+---------+-----------+-------+-----------+----------+-------------+---------------+-----+
|+ riscv_gpgpu_hls_gpgpu_scheduler*   |  Timing|              -|         -|        -|     -|  dataflow|        -|          -|  -2.40|  266 (92%)|  124 (9%)|  63570 (27%)|  123619 (105%)|    -|
| + barrierCore                       |       -|              -|         -|        -|     -|        no|        -|          -|   0.04|          -|         -|    352 (~0%)|     1047 (~0%)|    -|
|  + barrierCoreN_4_s                 |       -|              -|         -|        -|     -|        no|        -|          -|   0.04|          -|         -|    315 (~0%)|     1022 (~0%)|    -|
|   o Loop 1                          |       -|              -|         -|        -|     -|        no|        -|          -|   3.65|          -|         -|            -|              -|    -|
|    + barrierCoreN_4_Pipeline_1      |       -|              -|         -|        -|     -|       yes|        -|          -|   0.04|          -|         -|    302 (~0%)|      784 (~0%)|    -|
|     o Loop 1                        |       -|              -|         5|        3|     -|       yes|        -|          -|   3.65|          -|         -|            -|              -|    -|
| + programLoader                     |       -|              -|         -|        -|     -|        no|        -|          -|   0.00|          -|         -|    794 (~0%)|     1022 (~0%)|    -|
|  o VITIS_LOOP_106_1                 |       -|              -|        13|        -|     -|        no|        -|          -|   3.65|          -|         -|            -|              -|    -|
| + schedulerCore_1                   |       -|              -|         -|        -|     -|        no|        -|          -|   0.00|          -|         -|    183 (~0%)|     1058 (~0%)|    -|
|  + schedulerCore_1_Pipeline_1       |       -|              -|         -|        9|     -|       yes|        9|     54.437|   2.12|          -|         -|      5 (~0%)|       47 (~0%)|    -|
|   o Loop 1                          |       -|              -|         1|        1|     8|       yes|        7|     42.340|   3.65|          -|         -|            -|              -|    -|
|  o VITIS_LOOP_230_1                 |       -|              -|         -|        -|     -|        no|        -|          -|   3.65|          -|         -|            -|              -|    -|
|   + assignSlot                      |       -|              -|         -|        0|     -|        no|        0|      0.000|   1.96|          -|         -|            -|       66 (~0%)|    -|
|   o VITIS_LOOP_230_1                |       -|              -|         1|        -|     -|        no|        -|          -|   3.65|          -|         -|            -|              -|    -|
| + schedulerCore_2                   |       -|              -|         -|        -|     -|        no|        -|          -|   0.00|          -|         -|    183 (~0%)|     1058 (~0%)|    -|
|  + schedulerCore_2_Pipeline_1       |       -|              -|         -|        9|     -|       yes|        9|     54.437|   2.12|          -|         -|      5 (~0%)|       47 (~0%)|    -|
|   o Loop 1                          |       -|              -|         1|        1|     8|       yes|        7|     42.340|   3.65|          -|         -|            -|              -|    -|
|  o VITIS_LOOP_230_1                 |       -|              -|         -|        -|     -|        no|        -|          -|   3.65|          -|         -|            -|              -|    -|
|   + assignSlot                      |       -|              -|         -|        0|     -|        no|        0|      0.000|   1.96|          -|         -|            -|       66 (~0%)|    -|
|   o VITIS_LOOP_230_1                |       -|              -|         1|        -|     -|        no|        -|          -|   3.65|          -|         -|            -|              -|    -|
| + schedulerCore_3                   |       -|              -|         -|        -|     -|        no|        -|          -|   0.00|          -|         -|    183 (~0%)|     1058 (~0%)|    -|
|  + schedulerCore_3_Pipeline_1       |       -|              -|         -|        9|     -|       yes|        9|     54.437|   2.12|          -|         -|      5 (~0%)|       47 (~0%)|    -|
|   o Loop 1                          |       -|              -|         1|        1|     8|       yes|        7|     42.340|   3.65|          -|         -|            -|              -|    -|
|  o VITIS_LOOP_230_1                 |       -|              -|         -|        -|     -|        no|        -|          -|   3.65|          -|         -|            -|              -|    -|
|   + assignSlot                      |       -|              -|         -|        0|     -|        no|        0|      0.000|   1.96|          -|         -|            -|       66 (~0%)|    -|
|   o VITIS_LOOP_230_1                |       -|              -|         1|        -|     -|        no|        -|          -|   3.65|          -|         -|            -|              -|    -|
| + schedulerCore                     |       -|              -|         -|        -|     -|        no|        -|          -|   0.00|          -|         -|    183 (~0%)|     1058 (~0%)|    -|
|  + schedulerCore_Pipeline_1         |       -|              -|         -|        9|     -|       yes|        9|     54.437|   2.12|          -|         -|      5 (~0%)|       47 (~0%)|    -|
|   o Loop 1                          |       -|              -|         1|        1|     8|       yes|        7|     42.340|   3.65|          -|         -|            -|              -|    -|
|  o VITIS_LOOP_230_1                 |       -|              -|         -|        -|     -|        no|        -|          -|   3.65|          -|         -|            -|              -|    -|
|   + assignSlot                      |       -|              -|         -|        0|     -|        no|        0|      0.000|   1.96|          -|         -|            -|       66 (~0%)|    -|
|   o VITIS_LOOP_230_1                |       -|              -|         1|        -|     -|        no|        -|          -|   3.65|          -|         -|            -|              -|    -|
| + Block_entry_cu_program_s_rd_proc  |       -|              -|         -|        -|     -|        no|        -|          -|   0.06|  256 (88%)|  124 (9%)|  55325 (23%)|   111669 (95%)|    -|
|  + compute_pipeline                 |       -|              -|         -|        -|     -|        no|        -|          -|   0.06|   64 (22%)|   31 (2%)|   13761 (5%)|    26818 (22%)|    -|
|   o VITIS_LOOP_325_1                |       -|              -|      8234|        -|     -|        no|        -|          -|   3.65|          -|         -|            -|              -|    -|
|    + executeOneWarp7                |       -|              -|         -|     8231|     -|        no|     8231|  4.979e+04|   0.06|          -|   31 (2%)|   13377 (5%)|    25226 (21%)|    -|
|     o EXECUTE_ONE_WARP_DECODE_LOOP  |       -|              -|        37|       32|   256|       yes|     8228|  4.977e+04|   3.65|          -|         -|            -|              -|    -|
|      + decodeInstruction            |       -|              -|         -|        1|     -|       yes|        0|      0.000|   0.51|          -|         -|            -|      314 (~0%)|    -|
|      + executeBranch                |       -|              -|         -|        1|     -|       yes|        7|     42.340|   0.06|          -|         -|   1821 (~0%)|      4993 (4%)|    -|
|       + handleBranch                |       -|              -|         -|        1|     -|       yes|        5|     30.243|   0.06|          -|         -|   1604 (~0%)|      3181 (2%)|    -|
|      + executeALU                   |       -|              -|         -|       21|     -|       yes|       20|    120.970|   0.07|          -|   31 (2%)|    8552 (3%)|    14230 (12%)|    -|
|  + compute_pipeline_4               |       -|              -|         -|        -|     -|        no|        -|          -|   0.06|   64 (22%)|   31 (2%)|   13818 (5%)|    28230 (24%)|    -|
|   o VITIS_LOOP_325_1                |       -|              -|      8234|        -|     -|        no|        -|          -|   3.65|          -|         -|            -|              -|    -|
|    + executeOneWarp_110             |       -|              -|         -|     8231|     -|        no|     8231|  4.979e+04|   0.06|          -|   31 (2%)|   13434 (5%)|    26638 (22%)|    -|
|     o EXECUTE_ONE_WARP_DECODE_LOOP  |       -|              -|        37|       32|   256|       yes|     8228|  4.977e+04|   3.65|          -|         -|            -|              -|    -|
|      + decodeInstruction            |       -|              -|         -|        1|     -|       yes|        0|      0.000|   0.51|          -|         -|            -|      314 (~0%)|    -|
|      + executeBranch                |       -|              -|         -|        1|     -|       yes|        7|     42.340|   0.06|          -|         -|   1821 (~0%)|      4993 (4%)|    -|
|       + handleBranch                |       -|              -|         -|        1|     -|       yes|        5|     30.243|   0.06|          -|         -|   1604 (~0%)|      3181 (2%)|    -|
|      + executeALU                   |       -|              -|         -|       21|     -|       yes|       20|    120.970|   0.07|          -|   31 (2%)|    8552 (3%)|    14230 (12%)|    -|
|  + compute_pipeline_5               |       -|              -|         -|        -|     -|        no|        -|          -|   0.06|   64 (22%)|   31 (2%)|   13818 (5%)|    28230 (24%)|    -|
|   o VITIS_LOOP_325_1                |       -|              -|      8234|        -|     -|        no|        -|          -|   3.65|          -|         -|            -|              -|    -|
|    + executeOneWarp_110             |       -|              -|         -|     8231|     -|        no|     8231|  4.979e+04|   0.06|          -|   31 (2%)|   13434 (5%)|    26638 (22%)|    -|
|     o EXECUTE_ONE_WARP_DECODE_LOOP  |       -|              -|        37|       32|   256|       yes|     8228|  4.977e+04|   3.65|          -|         -|            -|              -|    -|
|      + decodeInstruction            |       -|              -|         -|        1|     -|       yes|        0|      0.000|   0.51|          -|         -|            -|      314 (~0%)|    -|
|      + executeBranch                |       -|              -|         -|        1|     -|       yes|        7|     42.340|   0.06|          -|         -|   1821 (~0%)|      4993 (4%)|    -|
|       + handleBranch                |       -|              -|         -|        1|     -|       yes|        5|     30.243|   0.06|          -|         -|   1604 (~0%)|      3181 (2%)|    -|
|      + executeALU                   |       -|              -|         -|       21|     -|       yes|       20|    120.970|   0.07|          -|   31 (2%)|    8552 (3%)|    14230 (12%)|    -|
|  + compute_pipeline_6               |       -|              -|         -|        -|     -|        no|        -|          -|   0.06|   64 (22%)|   31 (2%)|   13818 (5%)|    28230 (24%)|    -|
|   o VITIS_LOOP_325_1                |       -|              -|      8234|        -|     -|        no|        -|          -|   3.65|          -|         -|            -|              -|    -|
|    + executeOneWarp_110             |       -|              -|         -|     8231|     -|        no|     8231|  4.979e+04|   0.06|          -|   31 (2%)|   13434 (5%)|    26638 (22%)|    -|
|     o EXECUTE_ONE_WARP_DECODE_LOOP  |       -|              -|        37|       32|   256|       yes|     8228|  4.977e+04|   3.65|          -|         -|            -|              -|    -|
|      + decodeInstruction            |       -|              -|         -|        1|     -|       yes|        0|      0.000|   0.51|          -|         -|            -|      314 (~0%)|    -|
|      + executeBranch                |       -|              -|         -|        1|     -|       yes|        7|     42.340|   0.06|          -|         -|   1821 (~0%)|      4993 (4%)|    -|
|       + handleBranch                |       -|              -|         -|        1|     -|       yes|        5|     30.243|   0.06|          -|         -|   1604 (~0%)|      3181 (2%)|    -|
|      + executeALU                   |       -|              -|         -|       21|     -|       yes|       20|    120.970|   0.07|          -|   31 (2%)|    8552 (3%)|    14230 (12%)|    -|
| + mem_arbiter                       |  Timing|              -|         -|        -|     -|        no|        -|          -|  -2.40|          -|         -|    767 (~0%)|      839 (~0%)|    -|
|  o VITIS_LOOP_88_1                  |       -|              -|         4|        1|     -|       yes|        -|          -|   3.65|          -|         -|            -|              -|    -|
|   + arbitrateOnce                   |  Timing|              -|         -|        1|     -|       yes|        2|     12.097|  -2.40|          -|         -|    490 (~0%)|      669 (~0%)|    -|
+-------------------------------------+--------+---------------+----------+---------+------+----------+---------+-----------+-------+-----------+----------+-------------+---------------+-----+
    Name Prefix: '+' for module, 'o' for loop, '*' for dataflow


================================================================
== HW Interfaces
================================================================
* M_AXI
+-------------+------------+------------+---------------+---------+--------+----------+-----------+--------------+--------------+-------------+-------------+-------------------+
| Interface   | Read/Write | Data Width | Address Width | Latency | Offset | Register | Max Widen | Max Read     | Max Write    | Num Read    | Num Write   | Resource Estimate |
|             |            | (SW->HW)   |               |         |        |          | Bitwidth  | Burst Length | Burst Length | Outstanding | Outstanding |                   |
+-------------+------------+------------+---------------+---------+--------+----------+-----------+--------------+--------------+-------------+-------------+-------------------+
| m_axi_gmem0 | READ_ONLY  | 32 -> 32   | 64            | 0       | slave  | 0        | 128       | 16           | 16           | 16          | 16          | BRAM=2            |
| m_axi_gmem1 | READ_ONLY  | 32 -> 32   | 64            | 0       | slave  | 0        | 128       | 16           | 16           | 16          | 16          | BRAM=2            |
| m_axi_gmem2 | READ_ONLY  | 32 -> 32   | 64            | 0       | slave  | 0        | 128       | 16           | 16           | 16          | 16          | BRAM=2            |
+-------------+------------+------------+---------------+---------+--------+----------+-----------+--------------+--------------+-------------+-------------+-------------------+

* S_AXILITE Interfaces
+-----------------+------------+---------------+--------+----------+
| Interface       | Data Width | Address Width | Offset | Register |
+-----------------+------------+---------------+--------+----------+
| s_axi_control   | 32         | 7             | 16     | 0        |
| s_axi_control_r | 32         | 6             | 16     | 0        |
+-----------------+------------+---------------+--------+----------+

* S_AXILITE Registers
+-----------------+---------------------+--------+-------+--------+----------------------------------+
| Interface       | Register            | Offset | Width | Access | Description                      |
+-----------------+---------------------+--------+-------+--------+----------------------------------+
| s_axi_control   | program_len         | 0x10   | 32    | W      | Data signal of program_len       |
| s_axi_control   | total_warps         | 0x18   | 32    | W      | Data signal of total_warps       |
| s_axi_control   | warp_id_offset      | 0x20   | 32    | W      | Data signal of warp_id_offset    |
| s_axi_control   | start_r             | 0x28   | 32    | W      | Data signal of start_r           |
| s_axi_control   | busy                | 0x30   | 32    | W      | Data signal of busy              |
| s_axi_control   | done                | 0x40   | 32    | W      | Data signal of done              |
| s_axi_control   | fault               | 0x50   | 32    | W      | Data signal of fault             |
| s_axi_control_r | program_ptr_1       | 0x10   | 32    | W      | Data signal of program_ptr       |
| s_axi_control_r | program_ptr_2       | 0x14   | 32    | W      | Data signal of program_ptr       |
| s_axi_control_r | initial_regs_ptr0_1 | 0x1c   | 32    | W      | Data signal of initial_regs_ptr0 |
| s_axi_control_r | initial_regs_ptr0_2 | 0x20   | 32    | W      | Data signal of initial_regs_ptr0 |
| s_axi_control_r | initial_regs_ptr1_1 | 0x28   | 32    | W      | Data signal of initial_regs_ptr1 |
| s_axi_control_r | initial_regs_ptr1_2 | 0x2c   | 32    | W      | Data signal of initial_regs_ptr1 |
+-----------------+---------------------+--------+-------+--------+----------------------------------+

* AXIS
+-------------+-----------+---------------+-------+--------+--------+
| Interface   | Direction | Register Mode | TDATA | TREADY | TVALID |
+-------------+-----------+---------------+-------+--------+--------+
| mem_req_out | out       | both          | 192   | 1      | 1      |
| mem_resp_in | in        | both          | 128   | 1      | 1      |
+-------------+-----------+---------------+-------+--------+--------+

* TOP LEVEL CONTROL
+-----------+------------+-----------------------------------+
| Interface | Type       | Ports                             |
+-----------+------------+-----------------------------------+
| ap_clk    | clock      | ap_clk                            |
| ap_rst_n  | reset      | ap_rst_n                          |
| ap_ctrl   | ap_ctrl_hs | ap_done ap_idle ap_ready ap_start |
+-----------+------------+-----------------------------------+


================================================================
== SW I/O Information
================================================================
* Top Function Arguments
+-------------------+-----------+-----------------------------------------+
| Argument          | Direction | Datatype                                |
+-------------------+-----------+-----------------------------------------+
| program_ptr       | in        | ap_uint<32>*                            |
| initial_regs_ptr0 | in        | ap_uint<32>*                            |
| initial_regs_ptr1 | in        | ap_uint<32>*                            |
| program_len       | in        | unsigned int                            |
| total_warps       | in        | ap_uint<32>                             |
| warp_id_offset    | in        | ap_uint<32>                             |
| start             | in        | bool                                    |
| busy              | out       | bool&                                   |
| done              | out       | bool&                                   |
| fault             | out       | bool&                                   |
| mem_req_out       | out       | stream<riscv_gpgpu_hls::mem_req_t, 0>&  |
| mem_resp_in       | in        | stream<riscv_gpgpu_hls::mem_resp_t, 0>& |
+-------------------+-----------+-----------------------------------------+

* SW-to-HW Mapping
+-------------------+-----------------+-----------+----------+-----------------------------------------------+
| Argument          | HW Interface    | HW Type   | HW Usage | HW Info                                       |
+-------------------+-----------------+-----------+----------+-----------------------------------------------+
| program_ptr       | m_axi_gmem0     | interface |          | channel=0                                     |
| program_ptr       | s_axi_control_r | register  | offset   | name=program_ptr_1 offset=0x10 range=32       |
| program_ptr       | s_axi_control_r | register  | offset   | name=program_ptr_2 offset=0x14 range=32       |
| initial_regs_ptr0 | m_axi_gmem1     | interface |          | channel=0                                     |
| initial_regs_ptr0 | s_axi_control_r | register  | offset   | name=initial_regs_ptr0_1 offset=0x1c range=32 |
| initial_regs_ptr0 | s_axi_control_r | register  | offset   | name=initial_regs_ptr0_2 offset=0x20 range=32 |
| initial_regs_ptr1 | m_axi_gmem2     | interface |          | channel=0                                     |
| initial_regs_ptr1 | s_axi_control_r | register  | offset   | name=initial_regs_ptr1_1 offset=0x28 range=32 |
| initial_regs_ptr1 | s_axi_control_r | register  | offset   | name=initial_regs_ptr1_2 offset=0x2c range=32 |
| program_len       | s_axi_control   | register  |          | name=program_len offset=0x10 range=32         |
| total_warps       | s_axi_control   | register  |          | name=total_warps offset=0x18 range=32         |
| warp_id_offset    | s_axi_control   | register  |          | name=warp_id_offset offset=0x20 range=32      |
| start             | s_axi_control   | register  |          | name=start_r offset=0x28 range=32             |
| busy              | s_axi_control   | register  |          | name=busy offset=0x30 range=32                |
| done              | s_axi_control   | register  |          | name=done offset=0x40 range=32                |
| fault             | s_axi_control   | register  |          | name=fault offset=0x50 range=32               |
| mem_req_out       | mem_req_out     | interface |          |                                               |
| mem_resp_in       | mem_resp_in     | interface |          |                                               |
+-------------------+-----------------+-----------+----------+-----------------------------------------------+


================================================================
== M_AXI Burst Information
================================================================
 Note: All burst requests might be further partitioned into multiple requests during RTL generation based on max_read_burst_length or max_write_burst_length settings.


================================================================
== Bind Op Report
================================================================
+----------------------------------------------------------------+-----+--------+------------------------------------------+--------+----------+---------+
| Name                                                           | DSP | Pragma | Variable                                 | Op     | Impl     | Latency |
+----------------------------------------------------------------+-----+--------+------------------------------------------+--------+----------+---------+
| + riscv_gpgpu_hls_gpgpu_scheduler                              | 124 |        |                                          |        |          |         |
|  + barrierCore                                                 | 0   |        |                                          |        |          |         |
|   + barrierCoreN_4_s                                           | 0   |        |                                          |        |          |         |
|     xor_ln161_fu_118_p2                                        |     |        | xor_ln161                                | xor    | auto     | 0       |
|     icmp_ln64_fu_124_p2                                        |     |        | icmp_ln64                                | setgt  | auto     | 0       |
|     or_ln161_fu_130_p2                                         |     |        | or_ln161                                 | or     | auto     | 0       |
|     icmp_ln85_fu_136_p2                                        |     |        | icmp_ln85                                | setne  | auto     | 0       |
|    + barrierCoreN_4_Pipeline_1                                 | 0   |        |                                          |        |          |         |
|      icmp_ln74_fu_265_p2                                       |     |        | icmp_ln74                                | seteq  | auto     | 0       |
|      empty_fu_271_p3                                           |     |        | empty                                    | select | auto_sel | 0       |
|      barrier_done_count_7_fu_279_p2                            |     |        | barrier_done_count_7                     | add    | fabric   | 0       |
|      empty_151_fu_289_p3                                       |     |        | empty_151                                | select | auto_sel | 0       |
|      barrier_stalled_count_8_fu_296_p2                         |     |        | barrier_stalled_count_8                  | add    | fabric   | 0       |
|      icmp_ln74_1_fu_303_p2                                     |     |        | icmp_ln74_1                              | seteq  | auto     | 0       |
|      empty_152_fu_308_p3                                       |     |        | empty_152                                | select | auto_sel | 0       |
|      barrier_done_count_10_fu_316_p2                           |     |        | barrier_done_count_10                    | add    | fabric   | 0       |
|      empty_153_fu_323_p3                                       |     |        | empty_153                                | select | auto_sel | 0       |
|      barrier_stalled_count_11_fu_331_p2                        |     |        | barrier_stalled_count_11                 | add    | fabric   | 0       |
|      icmp_ln74_2_fu_337_p2                                     |     |        | icmp_ln74_2                              | seteq  | auto     | 0       |
|      empty_154_fu_343_p3                                       |     |        | empty_154                                | select | auto_sel | 0       |
|      barrier_done_count_12_fu_351_p2                           |     |        | barrier_done_count_12                    | add    | fabric   | 0       |
|      empty_155_fu_357_p3                                       |     |        | empty_155                                | select | auto_sel | 0       |
|      barrier_stalled_count_13_fu_364_p2                        |     |        | barrier_stalled_count_13                 | add    | fabric   | 0       |
|      icmp_ln74_3_fu_370_p2                                     |     |        | icmp_ln74_3                              | seteq  | auto     | 0       |
|      empty_156_fu_375_p3                                       |     |        | empty_156                                | select | auto_sel | 0       |
|      barrier_done_count_13_fu_383_p2                           |     |        | barrier_done_count_13                    | add    | fabric   | 0       |
|      empty_157_fu_405_p3                                       |     |        | empty_157                                | select | auto_sel | 0       |
|      barrier_stalled_count_14_fu_412_p2                        |     |        | barrier_stalled_count_14                 | add    | fabric   | 0       |
|      icmp_ln85_1_fu_419_p2                                     |     |        | icmp_ln85_1                              | seteq  | auto     | 0       |
|      and_ln85_fu_424_p2                                        |     |        | and_ln85                                 | and    | auto     | 0       |
|      icmp_ln98_fu_390_p2                                       |     |        | icmp_ln98                                | seteq  | auto     | 0       |
|      and_ln98_fu_395_p2                                        |     |        | and_ln98                                 | and    | auto     | 0       |
|  + programLoader                                               | 0   |        |                                          |        |          |         |
|    icmp_ln121_fu_472_p2                                        |     |        | icmp_ln121                               | seteq  | auto     | 0       |
|    icmp_ln122_fu_478_p2                                        |     |        | icmp_ln122                               | setlt  | auto     | 0       |
|    add_ln128_fu_619_p2                                         |     |        | add_ln128                                | add    | fabric   | 0       |
|    xor_ln128_fu_640_p2                                         |     |        | xor_ln128                                | xor    | auto     | 0       |
|    add_ln128_2_fu_657_p2                                       |     |        | add_ln128_2                              | add    | fabric   | 0       |
|    add_ln123_fu_499_p2                                         |     |        | add_ln123                                | add    | fabric   | 0       |
|    load_idx_1_fu_667_p2                                        |     |        | load_idx_1                               | add    | fabric   | 0       |
|    icmp_ln140_fu_537_p2                                        |     |        | icmp_ln140                               | seteq  | auto     | 0       |
|    local_w_fu_575_p2                                           |     |        | local_w                                  | add    | fabric   | 0       |
|    icmp_ln142_fu_585_p2                                        |     |        | icmp_ln142                               | setlt  | auto     | 0       |
|    global_w_fu_590_p2                                          |     |        | global_w                                 | add    | fabric   | 0       |
|    add_ln149_fu_697_p2                                         |     |        | add_ln149                                | add    | fabric   | 0       |
|    add_ln149_1_fu_715_p2                                       |     |        | add_ln149_1                              | add    | fabric   | 0       |
|    add_ln149_2_fu_720_p2                                       |     |        | add_ln149_2                              | add    | fabric   | 0       |
|    s_value_fu_765_p3                                           |     |        | s_value                                  | select | auto_sel | 0       |
|    seed_i_1_fu_791_p2                                          |     |        | seed_i_1                                 | add    | fabric   | 0       |
|    icmp_ln154_fu_807_p2                                        |     |        | icmp_ln154                               | seteq  | auto     | 0       |
|    seed_slot_1_fu_813_p2                                       |     |        | seed_slot_1                              | add    | fabric   | 0       |
|    icmp_ln157_fu_829_p2                                        |     |        | icmp_ln157                               | seteq  | auto     | 0       |
|    seed_c_1_fu_874_p2                                          |     |        | seed_c_1                                 | add    | fabric   | 0       |
|  + schedulerCore_1                                             | 0   |        |                                          |        |          |         |
|    icmp_ln244_fu_547_p2                                        |     |        | icmp_ln244                               | setgt  | auto     | 0       |
|    xor_ln238_fu_553_p2                                         |     |        | xor_ln238                                | xor    | auto     | 0       |
|    or_ln238_fu_559_p2                                          |     |        | or_ln238                                 | or     | auto     | 0       |
|    grp_fu_531_p2                                               |     |        | icmp_ln102                               | seteq  | auto     | 0       |
|    grp_fu_531_p2                                               |     |        | icmp_ln102_15                            | seteq  | auto     | 0       |
|    grp_fu_531_p2                                               |     |        | icmp_ln102_16                            | seteq  | auto     | 0       |
|    grp_fu_531_p2                                               |     |        | icmp_ln102_17                            | seteq  | auto     | 0       |
|    grp_fu_531_p2                                               |     |        | icmp_ln102_18                            | seteq  | auto     | 0       |
|    grp_fu_531_p2                                               |     |        | icmp_ln102_19                            | seteq  | auto     | 0       |
|    grp_fu_531_p2                                               |     |        | icmp_ln102_20                            | seteq  | auto     | 0       |
|    grp_fu_531_p2                                               |     |        | icmp_ln102_21                            | seteq  | auto     | 0       |
|    select_ln102_fu_565_p3                                      |     |        | select_ln102                             | select | auto_sel | 0       |
|    icmp_ln259_fu_574_p2                                        |     |        | icmp_ln259                               | seteq  | auto     | 0       |
|    icmp_ln132_fu_639_p2                                        |     |        | icmp_ln132                               | seteq  | auto     | 0       |
|    grp_fu_537_p2                                               |     |        | icmp_ln148                               | seteq  | auto     | 0       |
|    icmp_ln148_15_fu_664_p2                                     |     |        | icmp_ln148_15                            | seteq  | auto     | 0       |
|    grp_fu_537_p2                                               |     |        | icmp_ln148_16                            | seteq  | auto     | 0       |
|    grp_fu_537_p2                                               |     |        | icmp_ln148_17                            | seteq  | auto     | 0       |
|    grp_fu_537_p2                                               |     |        | icmp_ln148_18                            | seteq  | auto     | 0       |
|    grp_fu_537_p2                                               |     |        | icmp_ln148_19                            | seteq  | auto     | 0       |
|    grp_fu_537_p2                                               |     |        | icmp_ln148_20                            | seteq  | auto     | 0       |
|    grp_fu_537_p2                                               |     |        | icmp_ln148_21                            | seteq  | auto     | 0       |
|    busy_cu_scheduler_5_fu_670_p2                               |     |        | busy_cu_scheduler_5                      | xor    | auto     | 0       |
|   + schedulerCore_1_Pipeline_1                                 | 0   |        |                                          |        |          |         |
|     add_ln226_fu_129_p2                                        |     |        | add_ln226                                | add    | fabric   | 0       |
|     icmp_ln226_fu_135_p2                                       |     |        | icmp_ln226                               | seteq  | auto     | 0       |
|   + assignSlot (grp_assignSlot_fu_509)                         | 0   |        |                                          |        |          |         |
|     icmp_ln71_fu_150_p2                                        |     |        | icmp_ln71                                | setlt  | auto     | 0       |
|     add_ln72_fu_165_p2                                         |     |        | add_ln72                                 | add    | fabric   | 0       |
|  + schedulerCore_2                                             | 0   |        |                                          |        |          |         |
|    icmp_ln244_fu_545_p2                                        |     |        | icmp_ln244                               | setgt  | auto     | 0       |
|    xor_ln238_fu_551_p2                                         |     |        | xor_ln238                                | xor    | auto     | 0       |
|    or_ln238_fu_557_p2                                          |     |        | or_ln238                                 | or     | auto     | 0       |
|    grp_fu_529_p2                                               |     |        | icmp_ln102                               | seteq  | auto     | 0       |
|    grp_fu_529_p2                                               |     |        | icmp_ln102_8                             | seteq  | auto     | 0       |
|    grp_fu_529_p2                                               |     |        | icmp_ln102_9                             | seteq  | auto     | 0       |
|    grp_fu_529_p2                                               |     |        | icmp_ln102_10                            | seteq  | auto     | 0       |
|    grp_fu_529_p2                                               |     |        | icmp_ln102_11                            | seteq  | auto     | 0       |
|    grp_fu_529_p2                                               |     |        | icmp_ln102_12                            | seteq  | auto     | 0       |
|    grp_fu_529_p2                                               |     |        | icmp_ln102_13                            | seteq  | auto     | 0       |
|    grp_fu_529_p2                                               |     |        | icmp_ln102_14                            | seteq  | auto     | 0       |
|    select_ln102_fu_563_p3                                      |     |        | select_ln102                             | select | auto_sel | 0       |
|    icmp_ln259_fu_572_p2                                        |     |        | icmp_ln259                               | seteq  | auto     | 0       |
|    icmp_ln132_fu_637_p2                                        |     |        | icmp_ln132                               | seteq  | auto     | 0       |
|    grp_fu_535_p2                                               |     |        | icmp_ln148                               | seteq  | auto     | 0       |
|    icmp_ln148_8_fu_662_p2                                      |     |        | icmp_ln148_8                             | seteq  | auto     | 0       |
|    grp_fu_535_p2                                               |     |        | icmp_ln148_9                             | seteq  | auto     | 0       |
|    grp_fu_535_p2                                               |     |        | icmp_ln148_10                            | seteq  | auto     | 0       |
|    grp_fu_535_p2                                               |     |        | icmp_ln148_11                            | seteq  | auto     | 0       |
|    grp_fu_535_p2                                               |     |        | icmp_ln148_12                            | seteq  | auto     | 0       |
|    grp_fu_535_p2                                               |     |        | icmp_ln148_13                            | seteq  | auto     | 0       |
|    grp_fu_535_p2                                               |     |        | icmp_ln148_14                            | seteq  | auto     | 0       |
|    busy_cu_scheduler_4_fu_668_p2                               |     |        | busy_cu_scheduler_4                      | xor    | auto     | 0       |
|   + schedulerCore_2_Pipeline_1                                 | 0   |        |                                          |        |          |         |
|     add_ln226_fu_129_p2                                        |     |        | add_ln226                                | add    | fabric   | 0       |
|     icmp_ln226_fu_135_p2                                       |     |        | icmp_ln226                               | seteq  | auto     | 0       |
|   + assignSlot (grp_assignSlot_fu_507)                         | 0   |        |                                          |        |          |         |
|     icmp_ln71_fu_150_p2                                        |     |        | icmp_ln71                                | setlt  | auto     | 0       |
|     add_ln72_fu_165_p2                                         |     |        | add_ln72                                 | add    | fabric   | 0       |
|  + schedulerCore_3                                             | 0   |        |                                          |        |          |         |
|    icmp_ln244_fu_545_p2                                        |     |        | icmp_ln244                               | setgt  | auto     | 0       |
|    xor_ln238_fu_551_p2                                         |     |        | xor_ln238                                | xor    | auto     | 0       |
|    or_ln238_fu_557_p2                                          |     |        | or_ln238                                 | or     | auto     | 0       |
|    grp_fu_529_p2                                               |     |        | icmp_ln102                               | seteq  | auto     | 0       |
|    grp_fu_529_p2                                               |     |        | icmp_ln102_1                             | seteq  | auto     | 0       |
|    grp_fu_529_p2                                               |     |        | icmp_ln102_2                             | seteq  | auto     | 0       |
|    grp_fu_529_p2                                               |     |        | icmp_ln102_3                             | seteq  | auto     | 0       |
|    grp_fu_529_p2                                               |     |        | icmp_ln102_4                             | seteq  | auto     | 0       |
|    grp_fu_529_p2                                               |     |        | icmp_ln102_5                             | seteq  | auto     | 0       |
|    grp_fu_529_p2                                               |     |        | icmp_ln102_6                             | seteq  | auto     | 0       |
|    grp_fu_529_p2                                               |     |        | icmp_ln102_7                             | seteq  | auto     | 0       |
|    select_ln102_fu_563_p3                                      |     |        | select_ln102                             | select | auto_sel | 0       |
|    icmp_ln259_fu_572_p2                                        |     |        | icmp_ln259                               | seteq  | auto     | 0       |
|    icmp_ln132_fu_637_p2                                        |     |        | icmp_ln132                               | seteq  | auto     | 0       |
|    grp_fu_535_p2                                               |     |        | icmp_ln148                               | seteq  | auto     | 0       |
|    icmp_ln148_1_fu_662_p2                                      |     |        | icmp_ln148_1                             | seteq  | auto     | 0       |
|    grp_fu_535_p2                                               |     |        | icmp_ln148_2                             | seteq  | auto     | 0       |
|    grp_fu_535_p2                                               |     |        | icmp_ln148_3                             | seteq  | auto     | 0       |
|    grp_fu_535_p2                                               |     |        | icmp_ln148_4                             | seteq  | auto     | 0       |
|    grp_fu_535_p2                                               |     |        | icmp_ln148_5                             | seteq  | auto     | 0       |
|    grp_fu_535_p2                                               |     |        | icmp_ln148_6                             | seteq  | auto     | 0       |
|    grp_fu_535_p2                                               |     |        | icmp_ln148_7                             | seteq  | auto     | 0       |
|    busy_cu_scheduler_1_fu_668_p2                               |     |        | busy_cu_scheduler_1                      | xor    | auto     | 0       |
|   + schedulerCore_3_Pipeline_1                                 | 0   |        |                                          |        |          |         |
|     add_ln226_fu_129_p2                                        |     |        | add_ln226                                | add    | fabric   | 0       |
|     icmp_ln226_fu_135_p2                                       |     |        | icmp_ln226                               | seteq  | auto     | 0       |
|   + assignSlot (grp_assignSlot_fu_507)                         | 0   |        |                                          |        |          |         |
|     icmp_ln71_fu_150_p2                                        |     |        | icmp_ln71                                | setlt  | auto     | 0       |
|     add_ln72_fu_165_p2                                         |     |        | add_ln72                                 | add    | fabric   | 0       |
|  + schedulerCore                                               | 0   |        |                                          |        |          |         |
|    icmp_ln244_fu_545_p2                                        |     |        | icmp_ln244                               | setgt  | auto     | 0       |
|    xor_ln238_fu_551_p2                                         |     |        | xor_ln238                                | xor    | auto     | 0       |
|    or_ln238_fu_557_p2                                          |     |        | or_ln238                                 | or     | auto     | 0       |
|    grp_fu_529_p2                                               |     |        | icmp_ln102                               | seteq  | auto     | 0       |
|    grp_fu_529_p2                                               |     |        | icmp_ln102_22                            | seteq  | auto     | 0       |
|    grp_fu_529_p2                                               |     |        | icmp_ln102_23                            | seteq  | auto     | 0       |
|    grp_fu_529_p2                                               |     |        | icmp_ln102_24                            | seteq  | auto     | 0       |
|    grp_fu_529_p2                                               |     |        | icmp_ln102_25                            | seteq  | auto     | 0       |
|    grp_fu_529_p2                                               |     |        | icmp_ln102_26                            | seteq  | auto     | 0       |
|    grp_fu_529_p2                                               |     |        | icmp_ln102_27                            | seteq  | auto     | 0       |
|    grp_fu_529_p2                                               |     |        | icmp_ln102_28                            | seteq  | auto     | 0       |
|    select_ln102_fu_563_p3                                      |     |        | select_ln102                             | select | auto_sel | 0       |
|    icmp_ln259_fu_572_p2                                        |     |        | icmp_ln259                               | seteq  | auto     | 0       |
|    icmp_ln132_fu_637_p2                                        |     |        | icmp_ln132                               | seteq  | auto     | 0       |
|    grp_fu_535_p2                                               |     |        | icmp_ln148                               | seteq  | auto     | 0       |
|    icmp_ln148_22_fu_662_p2                                     |     |        | icmp_ln148_22                            | seteq  | auto     | 0       |
|    grp_fu_535_p2                                               |     |        | icmp_ln148_23                            | seteq  | auto     | 0       |
|    grp_fu_535_p2                                               |     |        | icmp_ln148_24                            | seteq  | auto     | 0       |
|    grp_fu_535_p2                                               |     |        | icmp_ln148_25                            | seteq  | auto     | 0       |
|    grp_fu_535_p2                                               |     |        | icmp_ln148_26                            | seteq  | auto     | 0       |
|    grp_fu_535_p2                                               |     |        | icmp_ln148_27                            | seteq  | auto     | 0       |
|    grp_fu_535_p2                                               |     |        | icmp_ln148_28                            | seteq  | auto     | 0       |
|    busy_cu_scheduler_6_fu_668_p2                               |     |        | busy_cu_scheduler_6                      | xor    | auto     | 0       |
|   + schedulerCore_Pipeline_1                                   | 0   |        |                                          |        |          |         |
|     add_ln226_fu_129_p2                                        |     |        | add_ln226                                | add    | fabric   | 0       |
|     icmp_ln226_fu_135_p2                                       |     |        | icmp_ln226                               | seteq  | auto     | 0       |
|   + assignSlot (grp_assignSlot_fu_507)                         | 0   |        |                                          |        |          |         |
|     icmp_ln71_fu_150_p2                                        |     |        | icmp_ln71                                | setlt  | auto     | 0       |
|     add_ln72_fu_165_p2                                         |     |        | add_ln72                                 | add    | fabric   | 0       |
|  + Block_entry_cu_program_s_rd_proc                            | 124 |        |                                          |        |          |         |
|   + compute_pipeline                                           | 31  |        |                                          |        |          |         |
|    + executeOneWarp7                                           | 31  |        |                                          |        |          |         |
|      icmp_ln238_fu_2033_p2                                     |     |        | icmp_ln238                               | setlt  | auto     | 0       |
|      icmp_ln240_fu_2048_p2                                     |     |        | icmp_ln240                               | seteq  | auto     | 0       |
|      and_ln238_fu_2054_p2                                      |     |        | and_ln238                                | and    | auto     | 0       |
|      icmp_ln246_fu_2095_p2                                     |     |        | icmp_ln246                               | seteq  | auto     | 0       |
|      instr_count_5_fu_2100_p2                                  |     |        | instr_count_5                            | add    | fabric   | 0       |
|      icmp_ln152_fu_2115_p2                                     |     |        | icmp_ln152                               | seteq  | auto     | 0       |
|      simt_sp_1_fu_2121_p2                                      |     |        | simt_sp_1                                | add    | fabric   | 0       |
|      simt_active_mask_1_fu_2560_p2                             |     |        | simt_active_mask_1                       | or     | auto     | 0       |
|      st_resume_pc_fu_2159_p2                                   |     |        | st_resume_pc                             | add    | fabric   | 0       |
|      add_ln174_fu_2223_p2                                      |     |        | add_ln174                                | add    | fabric   | 0       |
|      req_is_write_fu_2570_p2                                   |     |        | req_is_write                             | seteq  | auto     | 0       |
|      add_ln182_fu_2263_p2                                      |     |        | add_ln182                                | add    | fabric   | 0       |
|      icmp_ln187_fu_2575_p2                                     |     |        | icmp_ln187                               | seteq  | auto     | 0       |
|      add_ln188_fu_2580_p2                                      |     |        | add_ln188                                | add    | fabric   | 0       |
|      addr_fu_2605_p2                                           |     |        | addr                                     | add    | fabric   | 0       |
|      req_write_data_fu_2609_p3                                 |     |        | req_write_data                           | select | auto_sel | 0       |
|      addr_1_fu_2630_p2                                         |     |        | addr_1                                   | add    | fabric   | 0       |
|      req_write_data_1_fu_2634_p3                               |     |        | req_write_data_1                         | select | auto_sel | 0       |
|      addr_2_fu_2655_p2                                         |     |        | addr_2                                   | add    | fabric   | 0       |
|      req_write_data_2_fu_2659_p3                               |     |        | req_write_data_2                         | select | auto_sel | 0       |
|      addr_3_fu_2680_p2                                         |     |        | addr_3                                   | add    | fabric   | 0       |
|      req_write_data_3_fu_2684_p3                               |     |        | req_write_data_3                         | select | auto_sel | 0       |
|      addr_4_fu_2705_p2                                         |     |        | addr_4                                   | add    | fabric   | 0       |
|      req_write_data_4_fu_2709_p3                               |     |        | req_write_data_4                         | select | auto_sel | 0       |
|      addr_5_fu_2730_p2                                         |     |        | addr_5                                   | add    | fabric   | 0       |
|      req_write_data_5_fu_2734_p3                               |     |        | req_write_data_5                         | select | auto_sel | 0       |
|      addr_6_fu_2773_p2                                         |     |        | addr_6                                   | add    | fabric   | 0       |
|      req_write_data_6_fu_2777_p3                               |     |        | req_write_data_6                         | select | auto_sel | 0       |
|      addr_7_fu_2798_p2                                         |     |        | addr_7                                   | add    | fabric   | 0       |
|      req_write_data_7_fu_2802_p3                               |     |        | req_write_data_7                         | select | auto_sel | 0       |
|      addr_8_fu_2823_p2                                         |     |        | addr_8                                   | add    | fabric   | 0       |
|      req_write_data_8_fu_2827_p3                               |     |        | req_write_data_8                         | select | auto_sel | 0       |
|      addr_9_fu_2848_p2                                         |     |        | addr_9                                   | add    | fabric   | 0       |
|      req_write_data_9_fu_2852_p3                               |     |        | req_write_data_9                         | select | auto_sel | 0       |
|      addr_10_fu_2873_p2                                        |     |        | addr_10                                  | add    | fabric   | 0       |
|      req_write_data_10_fu_2877_p3                              |     |        | req_write_data_10                        | select | auto_sel | 0       |
|      addr_11_fu_2898_p2                                        |     |        | addr_11                                  | add    | fabric   | 0       |
|      req_write_data_11_fu_2902_p3                              |     |        | req_write_data_11                        | select | auto_sel | 0       |
|      addr_12_fu_2923_p2                                        |     |        | addr_12                                  | add    | fabric   | 0       |
|      req_write_data_12_fu_2927_p3                              |     |        | req_write_data_12                        | select | auto_sel | 0       |
|      addr_13_fu_2948_p2                                        |     |        | addr_13                                  | add    | fabric   | 0       |
|      req_write_data_13_fu_2952_p3                              |     |        | req_write_data_13                        | select | auto_sel | 0       |
|      addr_14_fu_2973_p2                                        |     |        | addr_14                                  | add    | fabric   | 0       |
|      req_write_data_14_fu_2977_p3                              |     |        | req_write_data_14                        | select | auto_sel | 0       |
|      addr_15_fu_2998_p2                                        |     |        | addr_15                                  | add    | fabric   | 0       |
|      req_write_data_15_fu_3002_p3                              |     |        | req_write_data_15                        | select | auto_sel | 0       |
|      addr_16_fu_3023_p2                                        |     |        | addr_16                                  | add    | fabric   | 0       |
|      req_write_data_16_fu_3027_p3                              |     |        | req_write_data_16                        | select | auto_sel | 0       |
|      addr_17_fu_3048_p2                                        |     |        | addr_17                                  | add    | fabric   | 0       |
|      req_write_data_17_fu_3052_p3                              |     |        | req_write_data_17                        | select | auto_sel | 0       |
|      addr_18_fu_3073_p2                                        |     |        | addr_18                                  | add    | fabric   | 0       |
|      req_write_data_18_fu_3077_p3                              |     |        | req_write_data_18                        | select | auto_sel | 0       |
|      addr_19_fu_3098_p2                                        |     |        | addr_19                                  | add    | fabric   | 0       |
|      req_write_data_19_fu_3102_p3                              |     |        | req_write_data_19                        | select | auto_sel | 0       |
|      addr_20_fu_3123_p2                                        |     |        | addr_20                                  | add    | fabric   | 0       |
|      req_write_data_20_fu_3127_p3                              |     |        | req_write_data_20                        | select | auto_sel | 0       |
|      addr_21_fu_3148_p2                                        |     |        | addr_21                                  | add    | fabric   | 0       |
|      req_write_data_21_fu_3152_p3                              |     |        | req_write_data_21                        | select | auto_sel | 0       |
|      addr_22_fu_3173_p2                                        |     |        | addr_22                                  | add    | fabric   | 0       |
|      req_write_data_22_fu_3177_p3                              |     |        | req_write_data_22                        | select | auto_sel | 0       |
|      addr_23_fu_3198_p2                                        |     |        | addr_23                                  | add    | fabric   | 0       |
|      req_write_data_23_fu_3202_p3                              |     |        | req_write_data_23                        | select | auto_sel | 0       |
|      addr_24_fu_3223_p2                                        |     |        | addr_24                                  | add    | fabric   | 0       |
|      req_write_data_24_fu_3227_p3                              |     |        | req_write_data_24                        | select | auto_sel | 0       |
|      addr_25_fu_3248_p2                                        |     |        | addr_25                                  | add    | fabric   | 0       |
|      req_write_data_25_fu_3252_p3                              |     |        | req_write_data_25                        | select | auto_sel | 0       |
|      addr_26_fu_3273_p2                                        |     |        | addr_26                                  | add    | fabric   | 0       |
|      req_write_data_26_fu_3277_p3                              |     |        | req_write_data_26                        | select | auto_sel | 0       |
|      addr_27_fu_3298_p2                                        |     |        | addr_27                                  | add    | fabric   | 0       |
|      req_write_data_27_fu_3302_p3                              |     |        | req_write_data_27                        | select | auto_sel | 0       |
|      addr_28_fu_3323_p2                                        |     |        | addr_28                                  | add    | fabric   | 0       |
|      req_write_data_28_fu_3327_p3                              |     |        | req_write_data_28                        | select | auto_sel | 0       |
|      addr_29_fu_3348_p2                                        |     |        | addr_29                                  | add    | fabric   | 0       |
|      req_write_data_29_fu_3352_p3                              |     |        | req_write_data_29                        | select | auto_sel | 0       |
|      addr_30_fu_3373_p2                                        |     |        | addr_30                                  | add    | fabric   | 0       |
|      req_write_data_30_fu_3377_p3                              |     |        | req_write_data_30                        | select | auto_sel | 0       |
|      addr_31_fu_3398_p2                                        |     |        | addr_31                                  | add    | fabric   | 0       |
|      req_write_data_31_fu_3402_p3                              |     |        | req_write_data_31                        | select | auto_sel | 0       |
|      cond12_i_fu_2589_p2                                       |     |        | cond12_i                                 | seteq  | auto     | 0       |
|      add_ln238_fu_2595_p2                                      |     |        | add_ln238                                | add    | fabric   | 0       |
|      cond1_i_fu_3422_p2                                        |     |        | cond1_i                                  | seteq  | auto     | 0       |
|      ult683_fu_3428_p2                                         |     |        | ult683                                   | setlt  | auto     | 0       |
|      rev_fu_3432_p2                                            |     |        | rev                                      | xor    | auto     | 0       |
|      cond_i_fu_3438_p2                                         |     |        | cond_i                                   | or     | auto     | 0       |
|      p_write_flag_2_i_fu_3484_p2                               |     |        | p_write_flag_2_i                         | or     | auto     | 0       |
|      p_agg_result_code_2_i_fu_3444_p3                          |     |        | p_agg_result_code_2_i                    | select | auto_sel | 0       |
|      p_write_flag3_2_i_fu_3489_p2                              |     |        | p_write_flag3_2_i                        | or     | auto     | 0       |
|      p_agg_result_barrier_id_2_i_fu_3452_p3                    |     |        | p_agg_result_barrier_id_2_i              | select | auto_sel | 0       |
|      p_write_flag6_2_i_fu_3494_p2                              |     |        | p_write_flag6_2_i                        | or     | auto     | 0       |
|      p_agg_result_slot_id_2_i_fu_3460_p3                       |     |        | p_agg_result_slot_id_2_i                 | select | auto_sel | 0       |
|      p_write_flag9_2_i_fu_3499_p2                              |     |        | p_write_flag9_2_i                        | or     | auto     | 0       |
|      p_agg_result_resume_pc_2_i_fu_3468_p3                     |     |        | p_agg_result_resume_pc_2_i               | select | auto_sel | 0       |
|      p_write_flag12_2_i_fu_3504_p2                             |     |        | p_write_flag12_2_i                       | or     | auto     | 0       |
|      instr_count_3_agg_result_instr_count_2_i_fu_3476_p3       |     |        | instr_count_3_agg_result_instr_count_2_i | select | auto_sel | 0       |
|      select_ln282_fu_3509_p3                                   |     |        | select_ln282                             | select | auto_sel | 0       |
|      select_ln282_1_fu_3515_p3                                 |     |        | select_ln282_1                           | select | auto_sel | 0       |
|      select_ln282_2_fu_3521_p3                                 |     |        | select_ln282_2                           | select | auto_sel | 0       |
|      select_ln282_3_fu_3527_p3                                 |     |        | select_ln282_3                           | select | auto_sel | 0       |
|      select_ln282_4_fu_3533_p3                                 |     |        | select_ln282_4                           | select | auto_sel | 0       |
|     + decodeInstruction (call_ret_i_decodeInstruction_fu_1662) | 0   |        |                                          |        |          |         |
|       grp_fu_522_p2                                            |     |        | icmp_ln274                               | seteq  | auto     | 0       |
|       grp_fu_527_p2                                            |     |        | icmp_ln286                               | seteq  | auto     | 0       |
|       select_ln286_cast_cast_fu_818_p3                         |     |        | select_ln286_cast_cast                   | select | auto_sel | 0       |
|       icmp_ln267_fu_850_p2                                     |     |        | icmp_ln267                               | seteq  | auto     | 0       |
|       grp_fu_522_p2                                            |     |        | icmp_ln267_1                             | seteq  | auto     | 0       |
|       select_ln267_fu_856_p3                                   |     |        | select_ln267                             | select | auto_sel | 0       |
|       or_ln267_fu_864_p2                                       |     |        | or_ln267                                 | or     | auto     | 0       |
|       instr_opcode_fu_870_p3                                   |     |        | instr_opcode                             | select | auto_sel | 0       |
|       grp_fu_527_p2                                            |     |        | icmp_ln250                               | seteq  | auto     | 0       |
|       select_ln251_fu_883_p3                                   |     |        | select_ln251                             | select | auto_sel | 0       |
|       icmp_ln222_fu_909_p2                                     |     |        | icmp_ln222                               | seteq  | auto     | 0       |
|       icmp_ln70_fu_946_p2                                      |     |        | icmp_ln70                                | setne  | auto     | 0       |
|       icmp_ln70_1_fu_952_p2                                    |     |        | icmp_ln70_1                              | setlt  | auto     | 0       |
|       instr_is_memory_fu_958_p2                                |     |        | instr_is_memory                          | and    | auto     | 0       |
|     + executeBranch (grp_executeBranch_fu_1667)                | 0   |        |                                          |        |          |         |
|       add_ln208_fu_1154_p2                                     |     |        | add_ln208                                | add    | fabric   | 0       |
|       add_ln208_1_fu_1165_p2                                   |     |        | add_ln208_1                              | add    | fabric   | 0       |
|       add_ln208_2_fu_1176_p2                                   |     |        | add_ln208_2                              | add    | fabric   | 0       |
|       add_ln208_3_fu_1187_p2                                   |     |        | add_ln208_3                              | add    | fabric   | 0       |
|       add_ln208_4_fu_1198_p2                                   |     |        | add_ln208_4                              | add    | fabric   | 0       |
|       add_ln208_5_fu_1209_p2                                   |     |        | add_ln208_5                              | add    | fabric   | 0       |
|       add_ln208_6_fu_1220_p2                                   |     |        | add_ln208_6                              | add    | fabric   | 0       |
|       add_ln208_7_fu_1231_p2                                   |     |        | add_ln208_7                              | add    | fabric   | 0       |
|       add_ln208_8_fu_1242_p2                                   |     |        | add_ln208_8                              | add    | fabric   | 0       |
|       add_ln208_9_fu_1253_p2                                   |     |        | add_ln208_9                              | add    | fabric   | 0       |
|       add_ln208_10_fu_1264_p2                                  |     |        | add_ln208_10                             | add    | fabric   | 0       |
|       add_ln208_11_fu_1275_p2                                  |     |        | add_ln208_11                             | add    | fabric   | 0       |
|       add_ln208_12_fu_1286_p2                                  |     |        | add_ln208_12                             | add    | fabric   | 0       |
|       add_ln208_13_fu_1297_p2                                  |     |        | add_ln208_13                             | add    | fabric   | 0       |
|       add_ln208_14_fu_1308_p2                                  |     |        | add_ln208_14                             | add    | fabric   | 0       |
|       add_ln208_15_fu_1319_p2                                  |     |        | add_ln208_15                             | add    | fabric   | 0       |
|       add_ln208_16_fu_1330_p2                                  |     |        | add_ln208_16                             | add    | fabric   | 0       |
|       add_ln208_17_fu_1341_p2                                  |     |        | add_ln208_17                             | add    | fabric   | 0       |
|       add_ln208_18_fu_1352_p2                                  |     |        | add_ln208_18                             | add    | fabric   | 0       |
|       add_ln208_19_fu_1363_p2                                  |     |        | add_ln208_19                             | add    | fabric   | 0       |
|       add_ln208_20_fu_1374_p2                                  |     |        | add_ln208_20                             | add    | fabric   | 0       |
|       add_ln208_21_fu_1385_p2                                  |     |        | add_ln208_21                             | add    | fabric   | 0       |
|       add_ln208_22_fu_1396_p2                                  |     |        | add_ln208_22                             | add    | fabric   | 0       |
|       add_ln208_23_fu_1407_p2                                  |     |        | add_ln208_23                             | add    | fabric   | 0       |
|       add_ln208_24_fu_1418_p2                                  |     |        | add_ln208_24                             | add    | fabric   | 0       |
|       add_ln208_25_fu_1429_p2                                  |     |        | add_ln208_25                             | add    | fabric   | 0       |
|       add_ln208_26_fu_1440_p2                                  |     |        | add_ln208_26                             | add    | fabric   | 0       |
|       add_ln208_27_fu_1451_p2                                  |     |        | add_ln208_27                             | add    | fabric   | 0       |
|       add_ln208_28_fu_1462_p2                                  |     |        | add_ln208_28                             | add    | fabric   | 0       |
|       add_ln208_29_fu_1473_p2                                  |     |        | add_ln208_29                             | add    | fabric   | 0       |
|       add_ln208_30_fu_1484_p2                                  |     |        | add_ln208_30                             | add    | fabric   | 0       |
|       add_ln208_31_fu_1495_p2                                  |     |        | add_ln208_31                             | add    | fabric   | 0       |
|       icmp_ln208_fu_1758_p2                                    |     |        | icmp_ln208                               | seteq  | auto     | 0       |
|       conditions_fu_1764_p2                                    |     |        | conditions                               | and    | auto     | 0       |
|       icmp_ln208_1_fu_1769_p2                                  |     |        | icmp_ln208_1                             | seteq  | auto     | 0       |
|       conditions_1_fu_1775_p2                                  |     |        | conditions_1                             | and    | auto     | 0       |
|       icmp_ln208_2_fu_1780_p2                                  |     |        | icmp_ln208_2                             | seteq  | auto     | 0       |
|       conditions_2_fu_1786_p2                                  |     |        | conditions_2                             | and    | auto     | 0       |
|       icmp_ln208_3_fu_1791_p2                                  |     |        | icmp_ln208_3                             | seteq  | auto     | 0       |
|       conditions_3_fu_1797_p2                                  |     |        | conditions_3                             | and    | auto     | 0       |
|       icmp_ln208_4_fu_1802_p2                                  |     |        | icmp_ln208_4                             | seteq  | auto     | 0       |
|       conditions_4_fu_1808_p2                                  |     |        | conditions_4                             | and    | auto     | 0       |
|       icmp_ln208_5_fu_1813_p2                                  |     |        | icmp_ln208_5                             | seteq  | auto     | 0       |
|       conditions_5_fu_1819_p2                                  |     |        | conditions_5                             | and    | auto     | 0       |
|       icmp_ln208_6_fu_1824_p2                                  |     |        | icmp_ln208_6                             | seteq  | auto     | 0       |
|       conditions_6_fu_1830_p2                                  |     |        | conditions_6                             | and    | auto     | 0       |
|       icmp_ln208_7_fu_1835_p2                                  |     |        | icmp_ln208_7                             | seteq  | auto     | 0       |
|       conditions_7_fu_1841_p2                                  |     |        | conditions_7                             | and    | auto     | 0       |
|       icmp_ln208_8_fu_1846_p2                                  |     |        | icmp_ln208_8                             | seteq  | auto     | 0       |
|       conditions_8_fu_1852_p2                                  |     |        | conditions_8                             | and    | auto     | 0       |
|       icmp_ln208_9_fu_1857_p2                                  |     |        | icmp_ln208_9                             | seteq  | auto     | 0       |
|       conditions_9_fu_1863_p2                                  |     |        | conditions_9                             | and    | auto     | 0       |
|       icmp_ln208_10_fu_1868_p2                                 |     |        | icmp_ln208_10                            | seteq  | auto     | 0       |
|       conditions_10_fu_1874_p2                                 |     |        | conditions_10                            | and    | auto     | 0       |
|       icmp_ln208_11_fu_1879_p2                                 |     |        | icmp_ln208_11                            | seteq  | auto     | 0       |
|       conditions_11_fu_1885_p2                                 |     |        | conditions_11                            | and    | auto     | 0       |
|       icmp_ln208_12_fu_1890_p2                                 |     |        | icmp_ln208_12                            | seteq  | auto     | 0       |
|       conditions_12_fu_1896_p2                                 |     |        | conditions_12                            | and    | auto     | 0       |
|       icmp_ln208_13_fu_1901_p2                                 |     |        | icmp_ln208_13                            | seteq  | auto     | 0       |
|       conditions_13_fu_1907_p2                                 |     |        | conditions_13                            | and    | auto     | 0       |
|       icmp_ln208_14_fu_1912_p2                                 |     |        | icmp_ln208_14                            | seteq  | auto     | 0       |
|       conditions_14_fu_1918_p2                                 |     |        | conditions_14                            | and    | auto     | 0       |
|       icmp_ln208_15_fu_1923_p2                                 |     |        | icmp_ln208_15                            | seteq  | auto     | 0       |
|       conditions_15_fu_1929_p2                                 |     |        | conditions_15                            | and    | auto     | 0       |
|       icmp_ln208_16_fu_1934_p2                                 |     |        | icmp_ln208_16                            | seteq  | auto     | 0       |
|       conditions_16_fu_1940_p2                                 |     |        | conditions_16                            | and    | auto     | 0       |
|       icmp_ln208_17_fu_1945_p2                                 |     |        | icmp_ln208_17                            | seteq  | auto     | 0       |
|       conditions_17_fu_1951_p2                                 |     |        | conditions_17                            | and    | auto     | 0       |
|       icmp_ln208_18_fu_1956_p2                                 |     |        | icmp_ln208_18                            | seteq  | auto     | 0       |
|       conditions_18_fu_1962_p2                                 |     |        | conditions_18                            | and    | auto     | 0       |
|       icmp_ln208_19_fu_1967_p2                                 |     |        | icmp_ln208_19                            | seteq  | auto     | 0       |
|       conditions_19_fu_1973_p2                                 |     |        | conditions_19                            | and    | auto     | 0       |
|       icmp_ln208_20_fu_1978_p2                                 |     |        | icmp_ln208_20                            | seteq  | auto     | 0       |
|       conditions_20_fu_1984_p2                                 |     |        | conditions_20                            | and    | auto     | 0       |
|       icmp_ln208_21_fu_1989_p2                                 |     |        | icmp_ln208_21                            | seteq  | auto     | 0       |
|       conditions_21_fu_1995_p2                                 |     |        | conditions_21                            | and    | auto     | 0       |
|       icmp_ln208_22_fu_2000_p2                                 |     |        | icmp_ln208_22                            | seteq  | auto     | 0       |
|       conditions_22_fu_2006_p2                                 |     |        | conditions_22                            | and    | auto     | 0       |
|       icmp_ln208_23_fu_2011_p2                                 |     |        | icmp_ln208_23                            | seteq  | auto     | 0       |
|       conditions_23_fu_2017_p2                                 |     |        | conditions_23                            | and    | auto     | 0       |
|       icmp_ln208_24_fu_2022_p2                                 |     |        | icmp_ln208_24                            | seteq  | auto     | 0       |
|       conditions_24_fu_2028_p2                                 |     |        | conditions_24                            | and    | auto     | 0       |
|       icmp_ln208_25_fu_2033_p2                                 |     |        | icmp_ln208_25                            | seteq  | auto     | 0       |
|       conditions_25_fu_2039_p2                                 |     |        | conditions_25                            | and    | auto     | 0       |
|       icmp_ln208_26_fu_2044_p2                                 |     |        | icmp_ln208_26                            | seteq  | auto     | 0       |
|       conditions_26_fu_2050_p2                                 |     |        | conditions_26                            | and    | auto     | 0       |
|       icmp_ln208_27_fu_2055_p2                                 |     |        | icmp_ln208_27                            | seteq  | auto     | 0       |
|       conditions_27_fu_2061_p2                                 |     |        | conditions_27                            | and    | auto     | 0       |
|       icmp_ln208_28_fu_2066_p2                                 |     |        | icmp_ln208_28                            | seteq  | auto     | 0       |
|       conditions_28_fu_2072_p2                                 |     |        | conditions_28                            | and    | auto     | 0       |
|       icmp_ln208_29_fu_2077_p2                                 |     |        | icmp_ln208_29                            | seteq  | auto     | 0       |
|       conditions_29_fu_2083_p2                                 |     |        | conditions_29                            | and    | auto     | 0       |
|       icmp_ln208_30_fu_2088_p2                                 |     |        | icmp_ln208_30                            | seteq  | auto     | 0       |
|       conditions_30_fu_2094_p2                                 |     |        | conditions_30                            | and    | auto     | 0       |
|       icmp_ln208_31_fu_2099_p2                                 |     |        | icmp_ln208_31                            | seteq  | auto     | 0       |
|       conditions_31_fu_2105_p2                                 |     |        | conditions_31                            | and    | auto     | 0       |
|      + handleBranch (grp_handleBranch_fu_854)                  | 0   |        |                                          |        |          |         |
|        xor_ln126_fu_499_p2                                     |     |        | xor_ln126                                | xor    | auto     | 0       |
|        and_ln125_fu_505_p2                                     |     |        | and_ln125                                | and    | auto     | 0       |
|        and_ln125_1_fu_511_p2                                   |     |        | and_ln125_1                              | and    | auto     | 0       |
|        and_ln126_fu_549_p2                                     |     |        | and_ln126                                | and    | auto     | 0       |
|        select_ln126_fu_555_p3                                  |     |        | select_ln126                             | select | auto_sel | 0       |
|        xor_ln126_1_fu_567_p2                                   |     |        | xor_ln126_1                              | xor    | auto     | 0       |
|        and_ln126_1_fu_573_p2                                   |     |        | and_ln126_1                              | and    | auto     | 0       |
|        select_ln125_fu_579_p3                                  |     |        | select_ln125                             | select | auto_sel | 0       |
|        and_ln126_2_fu_615_p2                                   |     |        | and_ln126_2                              | and    | auto     | 0       |
|        empty_fu_621_p3                                         |     |        | empty                                    | select | auto_sel | 0       |
|        xor_ln126_2_fu_633_p2                                   |     |        | xor_ln126_2                              | xor    | auto     | 0       |
|        and_ln126_3_fu_639_p2                                   |     |        | and_ln126_3                              | and    | auto     | 0       |
|        empty_90_fu_645_p3                                      |     |        | empty_90                                 | select | auto_sel | 0       |
|        and_ln126_4_fu_685_p2                                   |     |        | and_ln126_4                              | and    | auto     | 0       |
|        empty_91_fu_691_p3                                      |     |        | empty_91                                 | select | auto_sel | 0       |
|        xor_ln126_3_fu_699_p2                                   |     |        | xor_ln126_3                              | xor    | auto     | 0       |
|        and_ln126_5_fu_705_p2                                   |     |        | and_ln126_5                              | and    | auto     | 0       |
|        empty_92_fu_711_p3                                      |     |        | empty_92                                 | select | auto_sel | 0       |
|        and_ln126_6_fu_747_p2                                   |     |        | and_ln126_6                              | and    | auto     | 0       |
|        empty_93_fu_753_p3                                      |     |        | empty_93                                 | select | auto_sel | 0       |
|        xor_ln126_4_fu_761_p2                                   |     |        | xor_ln126_4                              | xor    | auto     | 0       |
|        and_ln126_7_fu_767_p2                                   |     |        | and_ln126_7                              | and    | auto     | 0       |
|        empty_94_fu_773_p3                                      |     |        | empty_94                                 | select | auto_sel | 0       |
|        and_ln126_8_fu_809_p2                                   |     |        | and_ln126_8                              | and    | auto     | 0       |
|        empty_95_fu_815_p3                                      |     |        | empty_95                                 | select | auto_sel | 0       |
|        xor_ln126_5_fu_823_p2                                   |     |        | xor_ln126_5                              | xor    | auto     | 0       |
|        and_ln126_9_fu_829_p2                                   |     |        | and_ln126_9                              | and    | auto     | 0       |
|        empty_96_fu_835_p3                                      |     |        | empty_96                                 | select | auto_sel | 0       |
|        and_ln126_10_fu_871_p2                                  |     |        | and_ln126_10                             | and    | auto     | 0       |
|        empty_97_fu_877_p3                                      |     |        | empty_97                                 | select | auto_sel | 0       |
|        xor_ln126_6_fu_885_p2                                   |     |        | xor_ln126_6                              | xor    | auto     | 0       |
|        and_ln126_11_fu_891_p2                                  |     |        | and_ln126_11                             | and    | auto     | 0       |
|        empty_98_fu_897_p3                                      |     |        | empty_98                                 | select | auto_sel | 0       |
|        and_ln126_12_fu_933_p2                                  |     |        | and_ln126_12                             | and    | auto     | 0       |
|        empty_99_fu_939_p3                                      |     |        | empty_99                                 | select | auto_sel | 0       |
|        xor_ln126_7_fu_947_p2                                   |     |        | xor_ln126_7                              | xor    | auto     | 0       |
|        and_ln126_13_fu_953_p2                                  |     |        | and_ln126_13                             | and    | auto     | 0       |
|        empty_100_fu_959_p3                                     |     |        | empty_100                                | select | auto_sel | 0       |
|        and_ln126_14_fu_995_p2                                  |     |        | and_ln126_14                             | and    | auto     | 0       |
|        empty_101_fu_1001_p3                                    |     |        | empty_101                                | select | auto_sel | 0       |
|        xor_ln126_8_fu_1009_p2                                  |     |        | xor_ln126_8                              | xor    | auto     | 0       |
|        and_ln126_15_fu_1015_p2                                 |     |        | and_ln126_15                             | and    | auto     | 0       |
|        empty_102_fu_1021_p3                                    |     |        | empty_102                                | select | auto_sel | 0       |
|        and_ln126_16_fu_1231_p2                                 |     |        | and_ln126_16                             | and    | auto     | 0       |
|        empty_103_fu_1235_p3                                    |     |        | empty_103                                | select | auto_sel | 0       |
|        xor_ln126_9_fu_1242_p2                                  |     |        | xor_ln126_9                              | xor    | auto     | 0       |
|        and_ln126_17_fu_1247_p2                                 |     |        | and_ln126_17                             | and    | auto     | 0       |
|        empty_104_fu_1252_p3                                    |     |        | empty_104                                | select | auto_sel | 0       |
|        and_ln126_18_fu_1279_p2                                 |     |        | and_ln126_18                             | and    | auto     | 0       |
|        empty_105_fu_1283_p3                                    |     |        | empty_105                                | select | auto_sel | 0       |
|        xor_ln126_10_fu_1291_p2                                 |     |        | xor_ln126_10                             | xor    | auto     | 0       |
|        and_ln126_19_fu_1296_p2                                 |     |        | and_ln126_19                             | and    | auto     | 0       |
|        empty_106_fu_1301_p3                                    |     |        | empty_106                                | select | auto_sel | 0       |
|        and_ln126_20_fu_1329_p2                                 |     |        | and_ln126_20                             | and    | auto     | 0       |
|        empty_107_fu_1333_p3                                    |     |        | empty_107                                | select | auto_sel | 0       |
|        xor_ln126_11_fu_1341_p2                                 |     |        | xor_ln126_11                             | xor    | auto     | 0       |
|        and_ln126_21_fu_1346_p2                                 |     |        | and_ln126_21                             | and    | auto     | 0       |
|        empty_108_fu_1351_p3                                    |     |        | empty_108                                | select | auto_sel | 0       |
|        and_ln126_22_fu_1379_p2                                 |     |        | and_ln126_22                             | and    | auto     | 0       |
|        empty_109_fu_1383_p3                                    |     |        | empty_109                                | select | auto_sel | 0       |
|        xor_ln126_12_fu_1391_p2                                 |     |        | xor_ln126_12                             | xor    | auto     | 0       |
|        and_ln126_23_fu_1396_p2                                 |     |        | and_ln126_23                             | and    | auto     | 0       |
|        empty_110_fu_1401_p3                                    |     |        | empty_110                                | select | auto_sel | 0       |
|        and_ln126_24_fu_1429_p2                                 |     |        | and_ln126_24                             | and    | auto     | 0       |
|        empty_111_fu_1433_p3                                    |     |        | empty_111                                | select | auto_sel | 0       |
|        xor_ln126_13_fu_1441_p2                                 |     |        | xor_ln126_13                             | xor    | auto     | 0       |
|        and_ln126_25_fu_1446_p2                                 |     |        | and_ln126_25                             | and    | auto     | 0       |
|        empty_112_fu_1451_p3                                    |     |        | empty_112                                | select | auto_sel | 0       |
|        and_ln126_26_fu_1479_p2                                 |     |        | and_ln126_26                             | and    | auto     | 0       |
|        empty_113_fu_1483_p3                                    |     |        | empty_113                                | select | auto_sel | 0       |
|        xor_ln126_14_fu_1491_p2                                 |     |        | xor_ln126_14                             | xor    | auto     | 0       |
|        and_ln126_27_fu_1496_p2                                 |     |        | and_ln126_27                             | and    | auto     | 0       |
|        empty_114_fu_1501_p3                                    |     |        | empty_114                                | select | auto_sel | 0       |
|        and_ln126_28_fu_1529_p2                                 |     |        | and_ln126_28                             | and    | auto     | 0       |
|        empty_115_fu_1533_p3                                    |     |        | empty_115                                | select | auto_sel | 0       |
|        xor_ln126_15_fu_1541_p2                                 |     |        | xor_ln126_15                             | xor    | auto     | 0       |
|        and_ln126_29_fu_1546_p2                                 |     |        | and_ln126_29                             | and    | auto     | 0       |
|        empty_116_fu_1551_p3                                    |     |        | empty_116                                | select | auto_sel | 0       |
|        and_ln126_30_fu_1579_p2                                 |     |        | and_ln126_30                             | and    | auto     | 0       |
|        empty_117_fu_1583_p3                                    |     |        | empty_117                                | select | auto_sel | 0       |
|        xor_ln126_16_fu_1591_p2                                 |     |        | xor_ln126_16                             | xor    | auto     | 0       |
|        and_ln126_31_fu_1596_p2                                 |     |        | and_ln126_31                             | and    | auto     | 0       |
|        empty_118_fu_1601_p3                                    |     |        | empty_118                                | select | auto_sel | 0       |
|        and_ln126_32_fu_1627_p2                                 |     |        | and_ln126_32                             | and    | auto     | 0       |
|        empty_119_fu_1631_p3                                    |     |        | empty_119                                | select | auto_sel | 0       |
|        xor_ln126_17_fu_1638_p2                                 |     |        | xor_ln126_17                             | xor    | auto     | 0       |
|        and_ln126_33_fu_1643_p2                                 |     |        | and_ln126_33                             | and    | auto     | 0       |
|        empty_120_fu_1648_p3                                    |     |        | empty_120                                | select | auto_sel | 0       |
|        and_ln126_34_fu_1675_p2                                 |     |        | and_ln126_34                             | and    | auto     | 0       |
|        empty_121_fu_1679_p3                                    |     |        | empty_121                                | select | auto_sel | 0       |
|        xor_ln126_18_fu_1687_p2                                 |     |        | xor_ln126_18                             | xor    | auto     | 0       |
|        and_ln126_35_fu_1692_p2                                 |     |        | and_ln126_35                             | and    | auto     | 0       |
|        empty_122_fu_1697_p3                                    |     |        | empty_122                                | select | auto_sel | 0       |
|        and_ln126_36_fu_1725_p2                                 |     |        | and_ln126_36                             | and    | auto     | 0       |
|        empty_123_fu_1729_p3                                    |     |        | empty_123                                | select | auto_sel | 0       |
|        xor_ln126_19_fu_1737_p2                                 |     |        | xor_ln126_19                             | xor    | auto     | 0       |
|        and_ln126_37_fu_1742_p2                                 |     |        | and_ln126_37                             | and    | auto     | 0       |
|        empty_124_fu_1747_p3                                    |     |        | empty_124                                | select | auto_sel | 0       |
|        and_ln126_38_fu_1775_p2                                 |     |        | and_ln126_38                             | and    | auto     | 0       |
|        empty_125_fu_1779_p3                                    |     |        | empty_125                                | select | auto_sel | 0       |
|        xor_ln126_20_fu_1787_p2                                 |     |        | xor_ln126_20                             | xor    | auto     | 0       |
|        and_ln126_39_fu_1792_p2                                 |     |        | and_ln126_39                             | and    | auto     | 0       |
|        empty_126_fu_1797_p3                                    |     |        | empty_126                                | select | auto_sel | 0       |
|        and_ln126_40_fu_1825_p2                                 |     |        | and_ln126_40                             | and    | auto     | 0       |
|        empty_127_fu_1829_p3                                    |     |        | empty_127                                | select | auto_sel | 0       |
|        xor_ln126_21_fu_1837_p2                                 |     |        | xor_ln126_21                             | xor    | auto     | 0       |
|        and_ln126_41_fu_1842_p2                                 |     |        | and_ln126_41                             | and    | auto     | 0       |
|        empty_128_fu_1847_p3                                    |     |        | empty_128                                | select | auto_sel | 0       |
|        and_ln126_42_fu_1875_p2                                 |     |        | and_ln126_42                             | and    | auto     | 0       |
|        empty_129_fu_1879_p3                                    |     |        | empty_129                                | select | auto_sel | 0       |
|        xor_ln126_22_fu_1887_p2                                 |     |        | xor_ln126_22                             | xor    | auto     | 0       |
|        and_ln126_43_fu_1892_p2                                 |     |        | and_ln126_43                             | and    | auto     | 0       |
|        empty_130_fu_1897_p3                                    |     |        | empty_130                                | select | auto_sel | 0       |
|        and_ln126_44_fu_1925_p2                                 |     |        | and_ln126_44                             | and    | auto     | 0       |
|        empty_131_fu_1929_p3                                    |     |        | empty_131                                | select | auto_sel | 0       |
|        xor_ln126_23_fu_1937_p2                                 |     |        | xor_ln126_23                             | xor    | auto     | 0       |
|        and_ln126_45_fu_1942_p2                                 |     |        | and_ln126_45                             | and    | auto     | 0       |
|        empty_132_fu_1947_p3                                    |     |        | empty_132                                | select | auto_sel | 0       |
|        and_ln126_46_fu_1975_p2                                 |     |        | and_ln126_46                             | and    | auto     | 0       |
|        empty_133_fu_1979_p3                                    |     |        | empty_133                                | select | auto_sel | 0       |
|        xor_ln126_24_fu_1987_p2                                 |     |        | xor_ln126_24                             | xor    | auto     | 0       |
|        and_ln126_47_fu_1992_p2                                 |     |        | and_ln126_47                             | and    | auto     | 0       |
|        empty_134_fu_1997_p3                                    |     |        | empty_134                                | select | auto_sel | 0       |
|        and_ln126_48_fu_2023_p2                                 |     |        | and_ln126_48                             | and    | auto     | 0       |
|        empty_135_fu_2027_p3                                    |     |        | empty_135                                | select | auto_sel | 0       |
|        xor_ln126_25_fu_2034_p2                                 |     |        | xor_ln126_25                             | xor    | auto     | 0       |
|        and_ln126_49_fu_2039_p2                                 |     |        | and_ln126_49                             | and    | auto     | 0       |
|        empty_136_fu_2044_p3                                    |     |        | empty_136                                | select | auto_sel | 0       |
|        and_ln126_50_fu_2071_p2                                 |     |        | and_ln126_50                             | and    | auto     | 0       |
|        empty_137_fu_2075_p3                                    |     |        | empty_137                                | select | auto_sel | 0       |
|        xor_ln126_26_fu_2083_p2                                 |     |        | xor_ln126_26                             | xor    | auto     | 0       |
|        and_ln126_51_fu_2088_p2                                 |     |        | and_ln126_51                             | and    | auto     | 0       |
|        empty_138_fu_2093_p3                                    |     |        | empty_138                                | select | auto_sel | 0       |
|        and_ln126_52_fu_2121_p2                                 |     |        | and_ln126_52                             | and    | auto     | 0       |
|        empty_139_fu_2125_p3                                    |     |        | empty_139                                | select | auto_sel | 0       |
|        xor_ln126_27_fu_2133_p2                                 |     |        | xor_ln126_27                             | xor    | auto     | 0       |
|        and_ln126_53_fu_2138_p2                                 |     |        | and_ln126_53                             | and    | auto     | 0       |
|        empty_140_fu_2143_p3                                    |     |        | empty_140                                | select | auto_sel | 0       |
|        and_ln126_54_fu_2171_p2                                 |     |        | and_ln126_54                             | and    | auto     | 0       |
|        empty_141_fu_2175_p3                                    |     |        | empty_141                                | select | auto_sel | 0       |
|        xor_ln126_28_fu_2183_p2                                 |     |        | xor_ln126_28                             | xor    | auto     | 0       |
|        and_ln126_55_fu_2188_p2                                 |     |        | and_ln126_55                             | and    | auto     | 0       |
|        empty_142_fu_2193_p3                                    |     |        | empty_142                                | select | auto_sel | 0       |
|        and_ln126_56_fu_2221_p2                                 |     |        | and_ln126_56                             | and    | auto     | 0       |
|        empty_143_fu_2225_p3                                    |     |        | empty_143                                | select | auto_sel | 0       |
|        xor_ln126_29_fu_2233_p2                                 |     |        | xor_ln126_29                             | xor    | auto     | 0       |
|        and_ln126_57_fu_2238_p2                                 |     |        | and_ln126_57                             | and    | auto     | 0       |
|        empty_144_fu_2243_p3                                    |     |        | empty_144                                | select | auto_sel | 0       |
|        and_ln126_58_fu_2271_p2                                 |     |        | and_ln126_58                             | and    | auto     | 0       |
|        empty_145_fu_2275_p3                                    |     |        | empty_145                                | select | auto_sel | 0       |
|        xor_ln126_30_fu_2283_p2                                 |     |        | xor_ln126_30                             | xor    | auto     | 0       |
|        and_ln126_59_fu_2288_p2                                 |     |        | and_ln126_59                             | and    | auto     | 0       |
|        empty_146_fu_2293_p3                                    |     |        | empty_146                                | select | auto_sel | 0       |
|        and_ln126_60_fu_2321_p2                                 |     |        | and_ln126_60                             | and    | auto     | 0       |
|        taken_fu_2325_p3                                        |     |        | taken                                    | select | auto_sel | 0       |
|        xor_ln126_31_fu_2333_p2                                 |     |        | xor_ln126_31                             | xor    | auto     | 0       |
|        and_ln126_61_fu_2338_p2                                 |     |        | and_ln126_61                             | and    | auto     | 0       |
|        not_taken_fu_2343_p3                                    |     |        | not_taken                                | select | auto_sel | 0       |
|        icmp_ln131_fu_2351_p2                                   |     |        | icmp_ln131                               | setne  | auto     | 0       |
|        icmp_ln131_1_fu_2356_p2                                 |     |        | icmp_ln131_1                             | setne  | auto     | 0       |
|        and_ln131_fu_2361_p2                                    |     |        | and_ln131                                | and    | auto     | 0       |
|        icmp_ln137_fu_2367_p2                                   |     |        | icmp_ln137                               | seteq  | auto     | 0       |
|        and_ln137_fu_2372_p2                                    |     |        | and_ln137                                | and    | auto     | 0       |
|        select_ln145_fu_2987_p3                                 |     |        | select_ln145                             | select | auto_sel | 0       |
|        grp_fu_478_p2                                           |     |        | icmp_ln159_1                             | seteq  | auto     | 0       |
|        grp_fu_484_p2                                           |     |        | add_ln161_1                              | add    | fabric   | 0       |
|        grp_fu_478_p2                                           |     |        | icmp_ln159                               | seteq  | auto     | 0       |
|        grp_fu_484_p2                                           |     |        | add_ln161                                | add    | fabric   | 0       |
|        add_ln135_fu_2382_p2                                    |     |        | add_ln135                                | add    | fabric   | 0       |
|        add_ln136_6_fu_2779_p2                                  |     |        | add_ln136_6                              | add    | fabric   | 0       |
|        add_ln136_7_fu_2785_p2                                  |     |        | add_ln136_7                              | add    | fabric   | 0       |
|        add_ln136_9_fu_2801_p2                                  |     |        | add_ln136_9                              | add    | fabric   | 0       |
|        add_ln136_12_fu_2827_p2                                 |     |        | add_ln136_12                             | add    | fabric   | 0       |
|        add_ln136_15_fu_2853_p2                                 |     |        | add_ln136_15                             | add    | fabric   | 0       |
|        add_ln136_17_fu_2869_p2                                 |     |        | add_ln136_17                             | add    | fabric   | 0       |
|        add_ln136_18_fu_2879_p2                                 |     |        | add_ln136_18                             | add    | fabric   | 0       |
|        add_ln136_19_fu_2889_p2                                 |     |        | add_ln136_19                             | add    | fabric   | 0       |
|        add_ln136_21_fu_2905_p2                                 |     |        | add_ln136_21                             | add    | fabric   | 0       |
|        add_ln136_22_fu_2915_p2                                 |     |        | add_ln136_22                             | add    | fabric   | 0       |
|        add_ln136_23_fu_2925_p2                                 |     |        | add_ln136_23                             | add    | fabric   | 0       |
|        add_ln136_24_fu_2935_p2                                 |     |        | add_ln136_24                             | add    | fabric   | 0       |
|        add_ln136_27_fu_2961_p2                                 |     |        | add_ln136_27                             | add    | fabric   | 0       |
|        add_ln136_28_fu_2971_p2                                 |     |        | add_ln136_28                             | add    | fabric   | 0       |
|        add_ln136_30_fu_3019_p2                                 |     |        | add_ln136_30                             | add    | fabric   | 0       |
|        add_ln136_31_fu_3029_p2                                 |     |        | add_ln136_31                             | add    | fabric   | 0       |
|        select_ln147_fu_3045_p3                                 |     |        | select_ln147                             | select | auto_sel | 0       |
|     + executeALU (grp_executeALU_fu_1776)                      | 31  |        |                                          |        |          |         |
|       grp_fu_1415_p2                                           |     |        | add_ln86                                 | add    | fabric   | 0       |
|       grp_fu_1412_p2                                           |     |        | add_ln86_1                               | add    | fabric   | 0       |
|       grp_fu_1414_p2                                           |     |        | add_ln86_2                               | add    | fabric   | 0       |
|       grp_fu_1408_p2                                           |     |        | add_ln86_3                               | add    | fabric   | 0       |
|       grp_fu_1413_p2                                           |     |        | add_ln86_4                               | add    | fabric   | 0       |
|       grp_fu_1410_p2                                           |     |        | add_ln86_5                               | add    | fabric   | 0       |
|       grp_fu_1411_p2                                           |     |        | add_ln86_6                               | add    | fabric   | 0       |
|       grp_fu_1409_p2                                           |     |        | add_ln86_7                               | add    | fabric   | 0       |
|       grp_fu_1415_p2                                           |     |        | add_ln86_8                               | add    | fabric   | 0       |
|       grp_fu_1412_p2                                           |     |        | add_ln86_9                               | add    | fabric   | 0       |
|       grp_fu_1414_p2                                           |     |        | add_ln86_10                              | add    | fabric   | 0       |
|       grp_fu_1408_p2                                           |     |        | add_ln86_11                              | add    | fabric   | 0       |
|       grp_fu_1413_p2                                           |     |        | add_ln86_12                              | add    | fabric   | 0       |
|       grp_fu_1410_p2                                           |     |        | add_ln86_13                              | add    | fabric   | 0       |
|       grp_fu_1411_p2                                           |     |        | add_ln86_14                              | add    | fabric   | 0       |
|       grp_fu_1409_p2                                           |     |        | add_ln86_15                              | add    | fabric   | 0       |
|       grp_fu_1415_p2                                           |     |        | add_ln86_16                              | add    | fabric   | 0       |
|       grp_fu_1412_p2                                           |     |        | add_ln86_17                              | add    | fabric   | 0       |
|       grp_fu_1414_p2                                           |     |        | add_ln86_18                              | add    | fabric   | 0       |
|       grp_fu_1408_p2                                           |     |        | add_ln86_19                              | add    | fabric   | 0       |
|       grp_fu_1413_p2                                           |     |        | add_ln86_20                              | add    | fabric   | 0       |
|       grp_fu_1410_p2                                           |     |        | add_ln86_21                              | add    | fabric   | 0       |
|       grp_fu_1411_p2                                           |     |        | add_ln86_22                              | add    | fabric   | 0       |
|       grp_fu_1409_p2                                           |     |        | add_ln86_23                              | add    | fabric   | 0       |
|       grp_fu_1415_p2                                           |     |        | add_ln86_24                              | add    | fabric   | 0       |
|       grp_fu_1412_p2                                           |     |        | add_ln86_25                              | add    | fabric   | 0       |
|       grp_fu_1414_p2                                           |     |        | add_ln86_26                              | add    | fabric   | 0       |
|       grp_fu_1408_p2                                           |     |        | add_ln86_27                              | add    | fabric   | 0       |
|       grp_fu_1413_p2                                           |     |        | add_ln86_28                              | add    | fabric   | 0       |
|       grp_fu_1410_p2                                           |     |        | add_ln86_29                              | add    | fabric   | 0       |
|       grp_fu_1411_p2                                           |     |        | add_ln86_30                              | add    | fabric   | 0       |
|       grp_fu_1409_p2                                           |     |        | add_ln86_31                              | add    | fabric   | 0       |
|       grp_fu_1415_p2                                           |     |        | add_ln92_32                              | add    | fabric   | 0       |
|       grp_fu_1412_p2                                           |     |        | add_ln100                                | add    | fabric   | 0       |
|       grp_fu_1414_p2                                           |     |        | add_ln100_1                              | add    | fabric   | 0       |
|       grp_fu_1408_p2                                           |     |        | add_ln100_2                              | add    | fabric   | 0       |
|       grp_fu_1413_p2                                           |     |        | add_ln100_3                              | add    | fabric   | 0       |
|       grp_fu_1410_p2                                           |     |        | add_ln100_4                              | add    | fabric   | 0       |
|       grp_fu_1411_p2                                           |     |        | add_ln100_5                              | add    | fabric   | 0       |
|       grp_fu_1409_p2                                           |     |        | add_ln100_6                              | add    | fabric   | 0       |
|       grp_fu_1415_p2                                           |     |        | add_ln100_7                              | add    | fabric   | 0       |
|       grp_fu_1412_p2                                           |     |        | add_ln100_8                              | add    | fabric   | 0       |
|       grp_fu_1414_p2                                           |     |        | add_ln100_9                              | add    | fabric   | 0       |
|       grp_fu_1408_p2                                           |     |        | add_ln100_10                             | add    | fabric   | 0       |
|       grp_fu_1413_p2                                           |     |        | add_ln100_11                             | add    | fabric   | 0       |
|       grp_fu_1410_p2                                           |     |        | add_ln100_12                             | add    | fabric   | 0       |
|       grp_fu_1411_p2                                           |     |        | add_ln100_13                             | add    | fabric   | 0       |
|       grp_fu_1409_p2                                           |     |        | add_ln100_14                             | add    | fabric   | 0       |
|       grp_fu_1415_p2                                           |     |        | add_ln100_15                             | add    | fabric   | 0       |
|       grp_fu_1412_p2                                           |     |        | add_ln100_16                             | add    | fabric   | 0       |
|       grp_fu_1414_p2                                           |     |        | add_ln100_17                             | add    | fabric   | 0       |
|       grp_fu_1408_p2                                           |     |        | add_ln100_18                             | add    | fabric   | 0       |
|       grp_fu_1413_p2                                           |     |        | add_ln100_19                             | add    | fabric   | 0       |
|       grp_fu_1410_p2                                           |     |        | add_ln100_20                             | add    | fabric   | 0       |
|       grp_fu_1411_p2                                           |     |        | add_ln100_21                             | add    | fabric   | 0       |
|       grp_fu_1409_p2                                           |     |        | add_ln100_22                             | add    | fabric   | 0       |
|       grp_fu_1415_p2                                           |     |        | add_ln100_23                             | add    | fabric   | 0       |
|       grp_fu_1412_p2                                           |     |        | add_ln100_24                             | add    | fabric   | 0       |
|       grp_fu_1414_p2                                           |     |        | add_ln100_25                             | add    | fabric   | 0       |
|       grp_fu_1408_p2                                           |     |        | add_ln100_26                             | add    | fabric   | 0       |
|       grp_fu_1413_p2                                           |     |        | add_ln100_27                             | add    | fabric   | 0       |
|       grp_fu_1410_p2                                           |     |        | add_ln100_28                             | add    | fabric   | 0       |
|       grp_fu_1411_p2                                           |     |        | add_ln100_29                             | add    | fabric   | 0       |
|       grp_fu_1409_p2                                           |     |        | add_ln100_30                             | add    | fabric   | 0       |
|       grp_fu_1415_p2                                           |     |        | add_ln89                                 | add    | fabric   | 0       |
|       grp_fu_1412_p2                                           |     |        | add_ln89_1                               | add    | fabric   | 0       |
|       grp_fu_1414_p2                                           |     |        | add_ln89_2                               | add    | fabric   | 0       |
|       grp_fu_1408_p2                                           |     |        | add_ln89_3                               | add    | fabric   | 0       |
|       grp_fu_1413_p2                                           |     |        | add_ln89_4                               | add    | fabric   | 0       |
|       grp_fu_1410_p2                                           |     |        | add_ln89_5                               | add    | fabric   | 0       |
|       grp_fu_1411_p2                                           |     |        | add_ln89_6                               | add    | fabric   | 0       |
|       grp_fu_1409_p2                                           |     |        | add_ln89_7                               | add    | fabric   | 0       |
|       grp_fu_1415_p2                                           |     |        | add_ln89_8                               | add    | fabric   | 0       |
|       grp_fu_1412_p2                                           |     |        | add_ln89_9                               | add    | fabric   | 0       |
|       grp_fu_1414_p2                                           |     |        | add_ln89_10                              | add    | fabric   | 0       |
|       grp_fu_1408_p2                                           |     |        | add_ln89_11                              | add    | fabric   | 0       |
|       grp_fu_1413_p2                                           |     |        | add_ln89_12                              | add    | fabric   | 0       |
|       grp_fu_1410_p2                                           |     |        | add_ln89_13                              | add    | fabric   | 0       |
|       grp_fu_1411_p2                                           |     |        | add_ln89_14                              | add    | fabric   | 0       |
|       grp_fu_1409_p2                                           |     |        | add_ln89_15                              | add    | fabric   | 0       |
|       grp_fu_1415_p2                                           |     |        | add_ln89_16                              | add    | fabric   | 0       |
|       grp_fu_1412_p2                                           |     |        | add_ln89_17                              | add    | fabric   | 0       |
|       grp_fu_1414_p2                                           |     |        | add_ln89_18                              | add    | fabric   | 0       |
|       grp_fu_1408_p2                                           |     |        | add_ln89_19                              | add    | fabric   | 0       |
|       grp_fu_1413_p2                                           |     |        | add_ln89_20                              | add    | fabric   | 0       |
|       grp_fu_1410_p2                                           |     |        | add_ln89_21                              | add    | fabric   | 0       |
|       grp_fu_1411_p2                                           |     |        | add_ln89_22                              | add    | fabric   | 0       |
|       grp_fu_1409_p2                                           |     |        | add_ln89_23                              | add    | fabric   | 0       |
|       grp_fu_1415_p2                                           |     |        | add_ln89_24                              | add    | fabric   | 0       |
|       grp_fu_1412_p2                                           |     |        | add_ln89_25                              | add    | fabric   | 0       |
|       grp_fu_1414_p2                                           |     |        | add_ln89_26                              | add    | fabric   | 0       |
|       grp_fu_1408_p2                                           |     |        | add_ln89_27                              | add    | fabric   | 0       |
|       grp_fu_1413_p2                                           |     |        | add_ln89_28                              | add    | fabric   | 0       |
|       grp_fu_1410_p2                                           |     |        | add_ln89_29                              | add    | fabric   | 0       |
|       grp_fu_1411_p2                                           |     |        | add_ln89_30                              | add    | fabric   | 0       |
|       grp_fu_1409_p2                                           |     |        | add_ln89_31                              | add    | fabric   | 0       |
|       grp_fu_1415_p2                                           |     |        | add_ln87                                 | add    | fabric   | 0       |
|       grp_fu_12583_p2                                          |     |        | icmp_ln87                                | seteq  | auto     | 0       |
|       b_64_fu_13773_p3                                         |     |        | b_64                                     | select | auto_sel | 0       |
|       fmul_32ns_32ns_32_5_max_dsp_1_U233                       | 3   |        | f_1                                      | fmul   | maxdsp   | 4       |
|       fadd_32ns_32ns_32_8_full_dsp_1_U225                      | 2   |        | f                                        | fadd   | fulldsp  | 7       |
|       icmp_ln97_fu_14555_p2                                    |     |        | icmp_ln97                                | setlt  | auto     | 0       |
|       xor_ln96_fu_14564_p2                                     |     |        | xor_ln96                                 | xor    | auto     | 0       |
|       or_ln95_fu_14569_p2                                      |     |        | or_ln95                                  | or     | auto     | 0       |
|       and_ln94_fu_14574_p2                                     |     |        | and_ln94                                 | and    | auto     | 0       |
|       grp_fu_2767_p2                                           |     |        | sub_ln93                                 | sub    | fabric   | 0       |
|       grp_fu_1415_p2                                           |     |        | add_ln92                                 | add    | fabric   | 0       |
|       grp_fu_1412_p2                                           |     |        | add_ln87_1                               | add    | fabric   | 0       |
|       grp_fu_12599_p2                                          |     |        | icmp_ln87_1                              | seteq  | auto     | 0       |
|       b_65_fu_13805_p3                                         |     |        | b_65                                     | select | auto_sel | 0       |
|       fmul_32ns_32ns_32_5_max_dsp_1_U234                       | 3   |        | f_2                                      | fmul   | maxdsp   | 4       |
|       fadd_32ns_32ns_32_8_full_dsp_1_U226                      | 2   |        | f_3                                      | fadd   | fulldsp  | 7       |
|       icmp_ln97_1_fu_14585_p2                                  |     |        | icmp_ln97_1                              | setlt  | auto     | 0       |
|       xor_ln96_1_fu_14594_p2                                   |     |        | xor_ln96_1                               | xor    | auto     | 0       |
|       or_ln95_1_fu_14599_p2                                    |     |        | or_ln95_1                                | or     | auto     | 0       |
|       and_ln94_1_fu_14604_p2                                   |     |        | and_ln94_1                               | and    | auto     | 0       |
|       grp_fu_2764_p2                                           |     |        | sub_ln93_1                               | sub    | fabric   | 0       |
|       grp_fu_1412_p2                                           |     |        | add_ln92_1                               | add    | fabric   | 0       |
|       grp_fu_1414_p2                                           |     |        | add_ln87_2                               | add    | fabric   | 0       |
|       grp_fu_12615_p2                                          |     |        | icmp_ln87_2                              | seteq  | auto     | 0       |
|       b_66_fu_13837_p3                                         |     |        | b_66                                     | select | auto_sel | 0       |
|       fmul_32ns_32ns_32_5_max_dsp_1_U235                       | 3   |        | f_4                                      | fmul   | maxdsp   | 4       |
|       fadd_32ns_32ns_32_8_full_dsp_1_U227                      | 2   |        | f_5                                      | fadd   | fulldsp  | 7       |
|       icmp_ln97_2_fu_14615_p2                                  |     |        | icmp_ln97_2                              | setlt  | auto     | 0       |
|       xor_ln96_2_fu_14624_p2                                   |     |        | xor_ln96_2                               | xor    | auto     | 0       |
|       or_ln95_2_fu_14629_p2                                    |     |        | or_ln95_2                                | or     | auto     | 0       |
|       and_ln94_2_fu_14634_p2                                   |     |        | and_ln94_2                               | and    | auto     | 0       |
|       grp_fu_2766_p2                                           |     |        | sub_ln93_2                               | sub    | fabric   | 0       |
|       grp_fu_1414_p2                                           |     |        | add_ln92_2                               | add    | fabric   | 0       |
|       grp_fu_1408_p2                                           |     |        | add_ln87_3                               | add    | fabric   | 0       |
|       grp_fu_12631_p2                                          |     |        | icmp_ln87_3                              | seteq  | auto     | 0       |
|       b_67_fu_13869_p3                                         |     |        | b_67                                     | select | auto_sel | 0       |
|       fmul_32ns_32ns_32_5_max_dsp_1_U236                       | 3   |        | f_6                                      | fmul   | maxdsp   | 4       |
|       fadd_32ns_32ns_32_8_full_dsp_1_U228                      | 2   |        | f_7                                      | fadd   | fulldsp  | 7       |
|       icmp_ln97_3_fu_14645_p2                                  |     |        | icmp_ln97_3                              | setlt  | auto     | 0       |
|       xor_ln96_3_fu_14654_p2                                   |     |        | xor_ln96_3                               | xor    | auto     | 0       |
|       or_ln95_3_fu_14659_p2                                    |     |        | or_ln95_3                                | or     | auto     | 0       |
|       and_ln94_3_fu_14664_p2                                   |     |        | and_ln94_3                               | and    | auto     | 0       |
|       grp_fu_2760_p2                                           |     |        | sub_ln93_3                               | sub    | fabric   | 0       |
|       grp_fu_1408_p2                                           |     |        | add_ln92_3                               | add    | fabric   | 0       |
|       grp_fu_1413_p2                                           |     |        | add_ln87_4                               | add    | fabric   | 0       |
|       grp_fu_12647_p2                                          |     |        | icmp_ln87_4                              | seteq  | auto     | 0       |
|       b_68_fu_13901_p3                                         |     |        | b_68                                     | select | auto_sel | 0       |
|       fmul_32ns_32ns_32_5_max_dsp_1_U237                       | 3   |        | f_8                                      | fmul   | maxdsp   | 4       |
|       fadd_32ns_32ns_32_8_full_dsp_1_U229                      | 2   |        | f_9                                      | fadd   | fulldsp  | 7       |
|       icmp_ln97_4_fu_14675_p2                                  |     |        | icmp_ln97_4                              | setlt  | auto     | 0       |
|       xor_ln96_4_fu_14684_p2                                   |     |        | xor_ln96_4                               | xor    | auto     | 0       |
|       or_ln95_4_fu_14689_p2                                    |     |        | or_ln95_4                                | or     | auto     | 0       |
|       and_ln94_4_fu_14694_p2                                   |     |        | and_ln94_4                               | and    | auto     | 0       |
|       grp_fu_2765_p2                                           |     |        | sub_ln93_4                               | sub    | fabric   | 0       |
|       grp_fu_1413_p2                                           |     |        | add_ln92_4                               | add    | fabric   | 0       |
|       grp_fu_1410_p2                                           |     |        | add_ln87_5                               | add    | fabric   | 0       |
|       grp_fu_12663_p2                                          |     |        | icmp_ln87_5                              | seteq  | auto     | 0       |
|       b_69_fu_13933_p3                                         |     |        | b_69                                     | select | auto_sel | 0       |
|       fmul_32ns_32ns_32_5_max_dsp_1_U233                       | 3   |        | f_10                                     | fmul   | maxdsp   | 4       |
|       fadd_32ns_32ns_32_8_full_dsp_1_U230                      | 2   |        | f_11                                     | fadd   | fulldsp  | 7       |
|       icmp_ln97_5_fu_14705_p2                                  |     |        | icmp_ln97_5                              | setlt  | auto     | 0       |
|       xor_ln96_5_fu_14714_p2                                   |     |        | xor_ln96_5                               | xor    | auto     | 0       |
|       or_ln95_5_fu_14719_p2                                    |     |        | or_ln95_5                                | or     | auto     | 0       |
|       and_ln94_5_fu_14724_p2                                   |     |        | and_ln94_5                               | and    | auto     | 0       |
|       grp_fu_2762_p2                                           |     |        | sub_ln93_5                               | sub    | fabric   | 0       |
|       grp_fu_1410_p2                                           |     |        | add_ln92_5                               | add    | fabric   | 0       |
|       grp_fu_1411_p2                                           |     |        | add_ln87_6                               | add    | fabric   | 0       |
|       grp_fu_12679_p2                                          |     |        | icmp_ln87_6                              | seteq  | auto     | 0       |
|       b_70_fu_13965_p3                                         |     |        | b_70                                     | select | auto_sel | 0       |
|       fmul_32ns_32ns_32_5_max_dsp_1_U234                       | 3   |        | f_12                                     | fmul   | maxdsp   | 4       |
|       fadd_32ns_32ns_32_8_full_dsp_1_U231                      | 2   |        | f_13                                     | fadd   | fulldsp  | 7       |
|       icmp_ln97_6_fu_14735_p2                                  |     |        | icmp_ln97_6                              | setlt  | auto     | 0       |
|       xor_ln96_6_fu_14744_p2                                   |     |        | xor_ln96_6                               | xor    | auto     | 0       |
|       or_ln95_6_fu_14749_p2                                    |     |        | or_ln95_6                                | or     | auto     | 0       |
|       and_ln94_6_fu_14754_p2                                   |     |        | and_ln94_6                               | and    | auto     | 0       |
|       grp_fu_2763_p2                                           |     |        | sub_ln93_6                               | sub    | fabric   | 0       |
|       grp_fu_1411_p2                                           |     |        | add_ln92_6                               | add    | fabric   | 0       |
|       grp_fu_1409_p2                                           |     |        | add_ln87_7                               | add    | fabric   | 0       |
|       grp_fu_12695_p2                                          |     |        | icmp_ln87_7                              | seteq  | auto     | 0       |
|       b_71_fu_13997_p3                                         |     |        | b_71                                     | select | auto_sel | 0       |
|       fmul_32ns_32ns_32_5_max_dsp_1_U235                       | 3   |        | f_14                                     | fmul   | maxdsp   | 4       |
|       fadd_32ns_32ns_32_8_full_dsp_1_U232                      | 2   |        | f_15                                     | fadd   | fulldsp  | 7       |
|       icmp_ln97_7_fu_14765_p2                                  |     |        | icmp_ln97_7                              | setlt  | auto     | 0       |
|       xor_ln96_7_fu_14774_p2                                   |     |        | xor_ln96_7                               | xor    | auto     | 0       |
|       or_ln95_7_fu_14779_p2                                    |     |        | or_ln95_7                                | or     | auto     | 0       |
|       and_ln94_7_fu_14784_p2                                   |     |        | and_ln94_7                               | and    | auto     | 0       |
|       grp_fu_2761_p2                                           |     |        | sub_ln93_7                               | sub    | fabric   | 0       |
|       grp_fu_1409_p2                                           |     |        | add_ln92_7                               | add    | fabric   | 0       |
|       grp_fu_1415_p2                                           |     |        | add_ln87_8                               | add    | fabric   | 0       |
|       grp_fu_12583_p2                                          |     |        | icmp_ln87_8                              | seteq  | auto     | 0       |
|       b_72_fu_14133_p3                                         |     |        | b_72                                     | select | auto_sel | 0       |
|       fmul_32ns_32ns_32_5_max_dsp_1_U236                       | 3   |        | f_16                                     | fmul   | maxdsp   | 4       |
|       fadd_32ns_32ns_32_8_full_dsp_1_U225                      | 2   |        | f_17                                     | fadd   | fulldsp  | 7       |
|       icmp_ln97_8_fu_14939_p2                                  |     |        | icmp_ln97_8                              | setlt  | auto     | 0       |
|       xor_ln96_8_fu_14948_p2                                   |     |        | xor_ln96_8                               | xor    | auto     | 0       |
|       or_ln95_8_fu_14953_p2                                    |     |        | or_ln95_8                                | or     | auto     | 0       |
|       and_ln94_8_fu_14958_p2                                   |     |        | and_ln94_8                               | and    | auto     | 0       |
|       grp_fu_2767_p2                                           |     |        | sub_ln93_8                               | sub    | fabric   | 0       |
|       grp_fu_1415_p2                                           |     |        | add_ln92_8                               | add    | fabric   | 0       |
|       grp_fu_1412_p2                                           |     |        | add_ln87_9                               | add    | fabric   | 0       |
|       grp_fu_12599_p2                                          |     |        | icmp_ln87_9                              | seteq  | auto     | 0       |
|       b_73_fu_14140_p3                                         |     |        | b_73                                     | select | auto_sel | 0       |
|       fmul_32ns_32ns_32_5_max_dsp_1_U237                       | 3   |        | f_18                                     | fmul   | maxdsp   | 4       |
|       fadd_32ns_32ns_32_8_full_dsp_1_U226                      | 2   |        | f_19                                     | fadd   | fulldsp  | 7       |
|       icmp_ln97_9_fu_14969_p2                                  |     |        | icmp_ln97_9                              | setlt  | auto     | 0       |
|       xor_ln96_9_fu_14978_p2                                   |     |        | xor_ln96_9                               | xor    | auto     | 0       |
|       or_ln95_9_fu_14983_p2                                    |     |        | or_ln95_9                                | or     | auto     | 0       |
|       and_ln94_9_fu_14988_p2                                   |     |        | and_ln94_9                               | and    | auto     | 0       |
|       grp_fu_2764_p2                                           |     |        | sub_ln93_9                               | sub    | fabric   | 0       |
|       grp_fu_1412_p2                                           |     |        | add_ln92_9                               | add    | fabric   | 0       |
|       grp_fu_1414_p2                                           |     |        | add_ln87_10                              | add    | fabric   | 0       |
|       grp_fu_12615_p2                                          |     |        | icmp_ln87_10                             | seteq  | auto     | 0       |
|       b_74_fu_14147_p3                                         |     |        | b_74                                     | select | auto_sel | 0       |
|       fmul_32ns_32ns_32_5_max_dsp_1_U233                       | 3   |        | f_20                                     | fmul   | maxdsp   | 4       |
|       fadd_32ns_32ns_32_8_full_dsp_1_U227                      | 2   |        | f_21                                     | fadd   | fulldsp  | 7       |
|       icmp_ln97_10_fu_14999_p2                                 |     |        | icmp_ln97_10                             | setlt  | auto     | 0       |
|       xor_ln96_10_fu_15008_p2                                  |     |        | xor_ln96_10                              | xor    | auto     | 0       |
|       or_ln95_10_fu_15013_p2                                   |     |        | or_ln95_10                               | or     | auto     | 0       |
|       and_ln94_10_fu_15018_p2                                  |     |        | and_ln94_10                              | and    | auto     | 0       |
|       grp_fu_2766_p2                                           |     |        | sub_ln93_10                              | sub    | fabric   | 0       |
|       grp_fu_1414_p2                                           |     |        | add_ln92_10                              | add    | fabric   | 0       |
|       grp_fu_1408_p2                                           |     |        | add_ln87_11                              | add    | fabric   | 0       |
|       grp_fu_12631_p2                                          |     |        | icmp_ln87_11                             | seteq  | auto     | 0       |
|       b_75_fu_14154_p3                                         |     |        | b_75                                     | select | auto_sel | 0       |
|       fmul_32ns_32ns_32_5_max_dsp_1_U234                       | 3   |        | f_22                                     | fmul   | maxdsp   | 4       |
|       fadd_32ns_32ns_32_8_full_dsp_1_U228                      | 2   |        | f_23                                     | fadd   | fulldsp  | 7       |
|       icmp_ln97_11_fu_15029_p2                                 |     |        | icmp_ln97_11                             | setlt  | auto     | 0       |
|       xor_ln96_11_fu_15038_p2                                  |     |        | xor_ln96_11                              | xor    | auto     | 0       |
|       or_ln95_11_fu_15043_p2                                   |     |        | or_ln95_11                               | or     | auto     | 0       |
|       and_ln94_11_fu_15048_p2                                  |     |        | and_ln94_11                              | and    | auto     | 0       |
|       grp_fu_2760_p2                                           |     |        | sub_ln93_11                              | sub    | fabric   | 0       |
|       grp_fu_1408_p2                                           |     |        | add_ln92_11                              | add    | fabric   | 0       |
|       grp_fu_1413_p2                                           |     |        | add_ln87_12                              | add    | fabric   | 0       |
|       grp_fu_12647_p2                                          |     |        | icmp_ln87_12                             | seteq  | auto     | 0       |
|       b_76_fu_14161_p3                                         |     |        | b_76                                     | select | auto_sel | 0       |
|       fmul_32ns_32ns_32_5_max_dsp_1_U235                       | 3   |        | f_24                                     | fmul   | maxdsp   | 4       |
|       fadd_32ns_32ns_32_8_full_dsp_1_U229                      | 2   |        | f_25                                     | fadd   | fulldsp  | 7       |
|       icmp_ln97_12_fu_15059_p2                                 |     |        | icmp_ln97_12                             | setlt  | auto     | 0       |
|       xor_ln96_12_fu_15068_p2                                  |     |        | xor_ln96_12                              | xor    | auto     | 0       |
|       or_ln95_12_fu_15073_p2                                   |     |        | or_ln95_12                               | or     | auto     | 0       |
|       and_ln94_12_fu_15078_p2                                  |     |        | and_ln94_12                              | and    | auto     | 0       |
|       grp_fu_2765_p2                                           |     |        | sub_ln93_12                              | sub    | fabric   | 0       |
|       grp_fu_1413_p2                                           |     |        | add_ln92_12                              | add    | fabric   | 0       |
|       grp_fu_1410_p2                                           |     |        | add_ln87_13                              | add    | fabric   | 0       |
|       grp_fu_12663_p2                                          |     |        | icmp_ln87_13                             | seteq  | auto     | 0       |
|       b_77_fu_14168_p3                                         |     |        | b_77                                     | select | auto_sel | 0       |
|       fmul_32ns_32ns_32_5_max_dsp_1_U236                       | 3   |        | f_26                                     | fmul   | maxdsp   | 4       |
|       fadd_32ns_32ns_32_8_full_dsp_1_U230                      | 2   |        | f_27                                     | fadd   | fulldsp  | 7       |
|       icmp_ln97_13_fu_15089_p2                                 |     |        | icmp_ln97_13                             | setlt  | auto     | 0       |
|       xor_ln96_13_fu_15098_p2                                  |     |        | xor_ln96_13                              | xor    | auto     | 0       |
|       or_ln95_13_fu_15103_p2                                   |     |        | or_ln95_13                               | or     | auto     | 0       |
|       and_ln94_13_fu_15108_p2                                  |     |        | and_ln94_13                              | and    | auto     | 0       |
|       grp_fu_2762_p2                                           |     |        | sub_ln93_13                              | sub    | fabric   | 0       |
|       grp_fu_1410_p2                                           |     |        | add_ln92_13                              | add    | fabric   | 0       |
|       grp_fu_1411_p2                                           |     |        | add_ln87_14                              | add    | fabric   | 0       |
|       grp_fu_12679_p2                                          |     |        | icmp_ln87_14                             | seteq  | auto     | 0       |
|       b_78_fu_14175_p3                                         |     |        | b_78                                     | select | auto_sel | 0       |
|       fmul_32ns_32ns_32_5_max_dsp_1_U237                       | 3   |        | f_28                                     | fmul   | maxdsp   | 4       |
|       fadd_32ns_32ns_32_8_full_dsp_1_U231                      | 2   |        | f_29                                     | fadd   | fulldsp  | 7       |
|       icmp_ln97_14_fu_15119_p2                                 |     |        | icmp_ln97_14                             | setlt  | auto     | 0       |
|       xor_ln96_14_fu_15128_p2                                  |     |        | xor_ln96_14                              | xor    | auto     | 0       |
|       or_ln95_14_fu_15133_p2                                   |     |        | or_ln95_14                               | or     | auto     | 0       |
|       and_ln94_14_fu_15138_p2                                  |     |        | and_ln94_14                              | and    | auto     | 0       |
|       grp_fu_2763_p2                                           |     |        | sub_ln93_14                              | sub    | fabric   | 0       |
|       grp_fu_1411_p2                                           |     |        | add_ln92_14                              | add    | fabric   | 0       |
|       grp_fu_1409_p2                                           |     |        | add_ln87_15                              | add    | fabric   | 0       |
|       grp_fu_12695_p2                                          |     |        | icmp_ln87_15                             | seteq  | auto     | 0       |
|       b_79_fu_14182_p3                                         |     |        | b_79                                     | select | auto_sel | 0       |
|       fmul_32ns_32ns_32_5_max_dsp_1_U233                       | 3   |        | f_30                                     | fmul   | maxdsp   | 4       |
|       fadd_32ns_32ns_32_8_full_dsp_1_U232                      | 2   |        | f_31                                     | fadd   | fulldsp  | 7       |
|       icmp_ln97_15_fu_15149_p2                                 |     |        | icmp_ln97_15                             | setlt  | auto     | 0       |
|       xor_ln96_15_fu_15158_p2                                  |     |        | xor_ln96_15                              | xor    | auto     | 0       |
|       or_ln95_15_fu_15163_p2                                   |     |        | or_ln95_15                               | or     | auto     | 0       |
|       and_ln94_15_fu_15168_p2                                  |     |        | and_ln94_15                              | and    | auto     | 0       |
|       grp_fu_2761_p2                                           |     |        | sub_ln93_15                              | sub    | fabric   | 0       |
|       grp_fu_1409_p2                                           |     |        | add_ln92_15                              | add    | fabric   | 0       |
|       grp_fu_1415_p2                                           |     |        | add_ln87_16                              | add    | fabric   | 0       |
|       grp_fu_12583_p2                                          |     |        | icmp_ln87_16                             | seteq  | auto     | 0       |
|       b_80_fu_14293_p3                                         |     |        | b_80                                     | select | auto_sel | 0       |
|       fmul_32ns_32ns_32_5_max_dsp_1_U234                       | 3   |        | f_32                                     | fmul   | maxdsp   | 4       |
|       fadd_32ns_32ns_32_8_full_dsp_1_U225                      | 2   |        | f_33                                     | fadd   | fulldsp  | 7       |
|       icmp_ln97_16_fu_15284_p2                                 |     |        | icmp_ln97_16                             | setlt  | auto     | 0       |
|       xor_ln96_16_fu_15293_p2                                  |     |        | xor_ln96_16                              | xor    | auto     | 0       |
|       or_ln95_16_fu_15298_p2                                   |     |        | or_ln95_16                               | or     | auto     | 0       |
|       and_ln94_16_fu_15303_p2                                  |     |        | and_ln94_16                              | and    | auto     | 0       |
|       grp_fu_2767_p2                                           |     |        | sub_ln93_16                              | sub    | fabric   | 0       |
|       grp_fu_1415_p2                                           |     |        | add_ln92_16                              | add    | fabric   | 0       |
|       grp_fu_1412_p2                                           |     |        | add_ln87_17                              | add    | fabric   | 0       |
|       grp_fu_12599_p2                                          |     |        | icmp_ln87_17                             | seteq  | auto     | 0       |
|       b_81_fu_14300_p3                                         |     |        | b_81                                     | select | auto_sel | 0       |
|       fmul_32ns_32ns_32_5_max_dsp_1_U235                       | 3   |        | f_34                                     | fmul   | maxdsp   | 4       |
|       fadd_32ns_32ns_32_8_full_dsp_1_U226                      | 2   |        | f_35                                     | fadd   | fulldsp  | 7       |
|       icmp_ln97_17_fu_15314_p2                                 |     |        | icmp_ln97_17                             | setlt  | auto     | 0       |
|       xor_ln96_17_fu_15323_p2                                  |     |        | xor_ln96_17                              | xor    | auto     | 0       |
|       or_ln95_17_fu_15328_p2                                   |     |        | or_ln95_17                               | or     | auto     | 0       |
|       and_ln94_17_fu_15333_p2                                  |     |        | and_ln94_17                              | and    | auto     | 0       |
|       grp_fu_2764_p2                                           |     |        | sub_ln93_17                              | sub    | fabric   | 0       |
|       grp_fu_1412_p2                                           |     |        | add_ln92_17                              | add    | fabric   | 0       |
|       grp_fu_1414_p2                                           |     |        | add_ln87_18                              | add    | fabric   | 0       |
|       grp_fu_12615_p2                                          |     |        | icmp_ln87_18                             | seteq  | auto     | 0       |
|       b_82_fu_14307_p3                                         |     |        | b_82                                     | select | auto_sel | 0       |
|       fmul_32ns_32ns_32_5_max_dsp_1_U236                       | 3   |        | f_36                                     | fmul   | maxdsp   | 4       |
|       fadd_32ns_32ns_32_8_full_dsp_1_U227                      | 2   |        | f_37                                     | fadd   | fulldsp  | 7       |
|       icmp_ln97_18_fu_15344_p2                                 |     |        | icmp_ln97_18                             | setlt  | auto     | 0       |
|       xor_ln96_18_fu_15353_p2                                  |     |        | xor_ln96_18                              | xor    | auto     | 0       |
|       or_ln95_18_fu_15358_p2                                   |     |        | or_ln95_18                               | or     | auto     | 0       |
|       and_ln94_18_fu_15363_p2                                  |     |        | and_ln94_18                              | and    | auto     | 0       |
|       grp_fu_2766_p2                                           |     |        | sub_ln93_18                              | sub    | fabric   | 0       |
|       grp_fu_1414_p2                                           |     |        | add_ln92_18                              | add    | fabric   | 0       |
|       grp_fu_1408_p2                                           |     |        | add_ln87_19                              | add    | fabric   | 0       |
|       grp_fu_12631_p2                                          |     |        | icmp_ln87_19                             | seteq  | auto     | 0       |
|       b_83_fu_14314_p3                                         |     |        | b_83                                     | select | auto_sel | 0       |
|       fmul_32ns_32ns_32_5_max_dsp_1_U237                       | 3   |        | f_38                                     | fmul   | maxdsp   | 4       |
|       fadd_32ns_32ns_32_8_full_dsp_1_U228                      | 2   |        | f_39                                     | fadd   | fulldsp  | 7       |
|       icmp_ln97_19_fu_15374_p2                                 |     |        | icmp_ln97_19                             | setlt  | auto     | 0       |
|       xor_ln96_19_fu_15383_p2                                  |     |        | xor_ln96_19                              | xor    | auto     | 0       |
|       or_ln95_19_fu_15388_p2                                   |     |        | or_ln95_19                               | or     | auto     | 0       |
|       and_ln94_19_fu_15393_p2                                  |     |        | and_ln94_19                              | and    | auto     | 0       |
|       grp_fu_2760_p2                                           |     |        | sub_ln93_19                              | sub    | fabric   | 0       |
|       grp_fu_1408_p2                                           |     |        | add_ln92_19                              | add    | fabric   | 0       |
|       grp_fu_1413_p2                                           |     |        | add_ln87_20                              | add    | fabric   | 0       |
|       grp_fu_12647_p2                                          |     |        | icmp_ln87_20                             | seteq  | auto     | 0       |
|       b_84_fu_14321_p3                                         |     |        | b_84                                     | select | auto_sel | 0       |
|       fmul_32ns_32ns_32_5_max_dsp_1_U233                       | 3   |        | f_40                                     | fmul   | maxdsp   | 4       |
|       fadd_32ns_32ns_32_8_full_dsp_1_U229                      | 2   |        | f_41                                     | fadd   | fulldsp  | 7       |
|       icmp_ln97_20_fu_15404_p2                                 |     |        | icmp_ln97_20                             | setlt  | auto     | 0       |
|       xor_ln96_20_fu_15413_p2                                  |     |        | xor_ln96_20                              | xor    | auto     | 0       |
|       or_ln95_20_fu_15418_p2                                   |     |        | or_ln95_20                               | or     | auto     | 0       |
|       and_ln94_20_fu_15423_p2                                  |     |        | and_ln94_20                              | and    | auto     | 0       |
|       grp_fu_2765_p2                                           |     |        | sub_ln93_20                              | sub    | fabric   | 0       |
|       grp_fu_1413_p2                                           |     |        | add_ln92_20                              | add    | fabric   | 0       |
|       grp_fu_1410_p2                                           |     |        | add_ln87_21                              | add    | fabric   | 0       |
|       grp_fu_12663_p2                                          |     |        | icmp_ln87_21                             | seteq  | auto     | 0       |
|       b_85_fu_14328_p3                                         |     |        | b_85                                     | select | auto_sel | 0       |
|       fmul_32ns_32ns_32_5_max_dsp_1_U234                       | 3   |        | f_42                                     | fmul   | maxdsp   | 4       |
|       fadd_32ns_32ns_32_8_full_dsp_1_U230                      | 2   |        | f_43                                     | fadd   | fulldsp  | 7       |
|       icmp_ln97_21_fu_15434_p2                                 |     |        | icmp_ln97_21                             | setlt  | auto     | 0       |
|       xor_ln96_21_fu_15443_p2                                  |     |        | xor_ln96_21                              | xor    | auto     | 0       |
|       or_ln95_21_fu_15448_p2                                   |     |        | or_ln95_21                               | or     | auto     | 0       |
|       and_ln94_21_fu_15453_p2                                  |     |        | and_ln94_21                              | and    | auto     | 0       |
|       grp_fu_2762_p2                                           |     |        | sub_ln93_21                              | sub    | fabric   | 0       |
|       grp_fu_1410_p2                                           |     |        | add_ln92_21                              | add    | fabric   | 0       |
|       grp_fu_1411_p2                                           |     |        | add_ln87_22                              | add    | fabric   | 0       |
|       grp_fu_12679_p2                                          |     |        | icmp_ln87_22                             | seteq  | auto     | 0       |
|       b_86_fu_14335_p3                                         |     |        | b_86                                     | select | auto_sel | 0       |
|       fmul_32ns_32ns_32_5_max_dsp_1_U235                       | 3   |        | f_44                                     | fmul   | maxdsp   | 4       |
|       fadd_32ns_32ns_32_8_full_dsp_1_U231                      | 2   |        | f_45                                     | fadd   | fulldsp  | 7       |
|       icmp_ln97_22_fu_15464_p2                                 |     |        | icmp_ln97_22                             | setlt  | auto     | 0       |
|       xor_ln96_22_fu_15473_p2                                  |     |        | xor_ln96_22                              | xor    | auto     | 0       |
|       or_ln95_22_fu_15478_p2                                   |     |        | or_ln95_22                               | or     | auto     | 0       |
|       and_ln94_22_fu_15483_p2                                  |     |        | and_ln94_22                              | and    | auto     | 0       |
|       grp_fu_2763_p2                                           |     |        | sub_ln93_22                              | sub    | fabric   | 0       |
|       grp_fu_1411_p2                                           |     |        | add_ln92_22                              | add    | fabric   | 0       |
|       grp_fu_1409_p2                                           |     |        | add_ln87_23                              | add    | fabric   | 0       |
|       grp_fu_12695_p2                                          |     |        | icmp_ln87_23                             | seteq  | auto     | 0       |
|       b_87_fu_14342_p3                                         |     |        | b_87                                     | select | auto_sel | 0       |
|       fmul_32ns_32ns_32_5_max_dsp_1_U236                       | 3   |        | f_46                                     | fmul   | maxdsp   | 4       |
|       fadd_32ns_32ns_32_8_full_dsp_1_U232                      | 2   |        | f_47                                     | fadd   | fulldsp  | 7       |
|       icmp_ln97_23_fu_15494_p2                                 |     |        | icmp_ln97_23                             | setlt  | auto     | 0       |
|       xor_ln96_23_fu_15503_p2                                  |     |        | xor_ln96_23                              | xor    | auto     | 0       |
|       or_ln95_23_fu_15508_p2                                   |     |        | or_ln95_23                               | or     | auto     | 0       |
|       and_ln94_23_fu_15513_p2                                  |     |        | and_ln94_23                              | and    | auto     | 0       |
|       grp_fu_2761_p2                                           |     |        | sub_ln93_23                              | sub    | fabric   | 0       |
|       grp_fu_1409_p2                                           |     |        | add_ln92_23                              | add    | fabric   | 0       |
|       grp_fu_1415_p2                                           |     |        | add_ln87_24                              | add    | fabric   | 0       |
|       grp_fu_12583_p2                                          |     |        | icmp_ln87_24                             | seteq  | auto     | 0       |
|       b_88_fu_14453_p3                                         |     |        | b_88                                     | select | auto_sel | 0       |
|       fmul_32ns_32ns_32_5_max_dsp_1_U237                       | 3   |        | f_48                                     | fmul   | maxdsp   | 4       |
|       fadd_32ns_32ns_32_8_full_dsp_1_U225                      | 2   |        | f_49                                     | fadd   | fulldsp  | 7       |
|       icmp_ln97_24_fu_15629_p2                                 |     |        | icmp_ln97_24                             | setlt  | auto     | 0       |
|       xor_ln96_24_fu_15638_p2                                  |     |        | xor_ln96_24                              | xor    | auto     | 0       |
|       or_ln95_24_fu_15643_p2                                   |     |        | or_ln95_24                               | or     | auto     | 0       |
|       and_ln94_24_fu_15648_p2                                  |     |        | and_ln94_24                              | and    | auto     | 0       |
|       grp_fu_2767_p2                                           |     |        | sub_ln93_24                              | sub    | fabric   | 0       |
|       grp_fu_1415_p2                                           |     |        | add_ln92_24                              | add    | fabric   | 0       |
|       grp_fu_1412_p2                                           |     |        | add_ln87_25                              | add    | fabric   | 0       |
|       grp_fu_12599_p2                                          |     |        | icmp_ln87_25                             | seteq  | auto     | 0       |
|       b_89_fu_14460_p3                                         |     |        | b_89                                     | select | auto_sel | 0       |
|       fmul_32ns_32ns_32_5_max_dsp_1_U233                       | 3   |        | f_50                                     | fmul   | maxdsp   | 4       |
|       fadd_32ns_32ns_32_8_full_dsp_1_U226                      | 2   |        | f_51                                     | fadd   | fulldsp  | 7       |
|       icmp_ln97_25_fu_15659_p2                                 |     |        | icmp_ln97_25                             | setlt  | auto     | 0       |
|       xor_ln96_25_fu_15668_p2                                  |     |        | xor_ln96_25                              | xor    | auto     | 0       |
|       or_ln95_25_fu_15673_p2                                   |     |        | or_ln95_25                               | or     | auto     | 0       |
|       and_ln94_25_fu_15678_p2                                  |     |        | and_ln94_25                              | and    | auto     | 0       |
|       grp_fu_2764_p2                                           |     |        | sub_ln93_25                              | sub    | fabric   | 0       |
|       grp_fu_1412_p2                                           |     |        | add_ln92_25                              | add    | fabric   | 0       |
|       grp_fu_1414_p2                                           |     |        | add_ln87_26                              | add    | fabric   | 0       |
|       grp_fu_12615_p2                                          |     |        | icmp_ln87_26                             | seteq  | auto     | 0       |
|       b_90_fu_14467_p3                                         |     |        | b_90                                     | select | auto_sel | 0       |
|       fmul_32ns_32ns_32_5_max_dsp_1_U234                       | 3   |        | f_52                                     | fmul   | maxdsp   | 4       |
|       fadd_32ns_32ns_32_8_full_dsp_1_U227                      | 2   |        | f_53                                     | fadd   | fulldsp  | 7       |
|       icmp_ln97_26_fu_15689_p2                                 |     |        | icmp_ln97_26                             | setlt  | auto     | 0       |
|       xor_ln96_26_fu_15698_p2                                  |     |        | xor_ln96_26                              | xor    | auto     | 0       |
|       or_ln95_26_fu_15703_p2                                   |     |        | or_ln95_26                               | or     | auto     | 0       |
|       and_ln94_26_fu_15708_p2                                  |     |        | and_ln94_26                              | and    | auto     | 0       |
|       grp_fu_2766_p2                                           |     |        | sub_ln93_26                              | sub    | fabric   | 0       |
|       grp_fu_1414_p2                                           |     |        | add_ln92_26                              | add    | fabric   | 0       |
|       grp_fu_1408_p2                                           |     |        | add_ln87_27                              | add    | fabric   | 0       |
|       grp_fu_12631_p2                                          |     |        | icmp_ln87_27                             | seteq  | auto     | 0       |
|       b_91_fu_14474_p3                                         |     |        | b_91                                     | select | auto_sel | 0       |
|       fmul_32ns_32ns_32_5_max_dsp_1_U235                       | 3   |        | f_54                                     | fmul   | maxdsp   | 4       |
|       fadd_32ns_32ns_32_8_full_dsp_1_U228                      | 2   |        | f_55                                     | fadd   | fulldsp  | 7       |
|       icmp_ln97_27_fu_15719_p2                                 |     |        | icmp_ln97_27                             | setlt  | auto     | 0       |
|       xor_ln96_27_fu_15728_p2                                  |     |        | xor_ln96_27                              | xor    | auto     | 0       |
|       or_ln95_27_fu_15733_p2                                   |     |        | or_ln95_27                               | or     | auto     | 0       |
|       and_ln94_27_fu_15738_p2                                  |     |        | and_ln94_27                              | and    | auto     | 0       |
|       grp_fu_2760_p2                                           |     |        | sub_ln93_27                              | sub    | fabric   | 0       |
|       grp_fu_1408_p2                                           |     |        | add_ln92_27                              | add    | fabric   | 0       |
|       grp_fu_1413_p2                                           |     |        | add_ln87_28                              | add    | fabric   | 0       |
|       grp_fu_12647_p2                                          |     |        | icmp_ln87_28                             | seteq  | auto     | 0       |
|       b_92_fu_14481_p3                                         |     |        | b_92                                     | select | auto_sel | 0       |
|       fmul_32ns_32ns_32_5_max_dsp_1_U236                       | 3   |        | f_56                                     | fmul   | maxdsp   | 4       |
|       fadd_32ns_32ns_32_8_full_dsp_1_U229                      | 2   |        | f_57                                     | fadd   | fulldsp  | 7       |
|       icmp_ln97_28_fu_15749_p2                                 |     |        | icmp_ln97_28                             | setlt  | auto     | 0       |
|       xor_ln96_28_fu_15758_p2                                  |     |        | xor_ln96_28                              | xor    | auto     | 0       |
|       or_ln95_28_fu_15763_p2                                   |     |        | or_ln95_28                               | or     | auto     | 0       |
|       and_ln94_28_fu_15768_p2                                  |     |        | and_ln94_28                              | and    | auto     | 0       |
|       grp_fu_2765_p2                                           |     |        | sub_ln93_28                              | sub    | fabric   | 0       |
|       grp_fu_1413_p2                                           |     |        | add_ln92_28                              | add    | fabric   | 0       |
|       grp_fu_1410_p2                                           |     |        | add_ln87_29                              | add    | fabric   | 0       |
|       grp_fu_12663_p2                                          |     |        | icmp_ln87_29                             | seteq  | auto     | 0       |
|       b_93_fu_14488_p3                                         |     |        | b_93                                     | select | auto_sel | 0       |
|       fmul_32ns_32ns_32_5_max_dsp_1_U237                       | 3   |        | f_58                                     | fmul   | maxdsp   | 4       |
|       fadd_32ns_32ns_32_8_full_dsp_1_U230                      | 2   |        | f_59                                     | fadd   | fulldsp  | 7       |
|       icmp_ln97_29_fu_15779_p2                                 |     |        | icmp_ln97_29                             | setlt  | auto     | 0       |
|       xor_ln96_29_fu_15788_p2                                  |     |        | xor_ln96_29                              | xor    | auto     | 0       |
|       or_ln95_29_fu_15793_p2                                   |     |        | or_ln95_29                               | or     | auto     | 0       |
|       and_ln94_29_fu_15798_p2                                  |     |        | and_ln94_29                              | and    | auto     | 0       |
|       grp_fu_2762_p2                                           |     |        | sub_ln93_29                              | sub    | fabric   | 0       |
|       grp_fu_1410_p2                                           |     |        | add_ln92_29                              | add    | fabric   | 0       |
|       grp_fu_1411_p2                                           |     |        | add_ln87_30                              | add    | fabric   | 0       |
|       grp_fu_12679_p2                                          |     |        | icmp_ln87_30                             | seteq  | auto     | 0       |
|       b_94_fu_14495_p3                                         |     |        | b_94                                     | select | auto_sel | 0       |
|       fmul_32ns_32ns_32_5_max_dsp_1_U233                       | 3   |        | f_60                                     | fmul   | maxdsp   | 4       |
|       fadd_32ns_32ns_32_8_full_dsp_1_U231                      | 2   |        | f_61                                     | fadd   | fulldsp  | 7       |
|       icmp_ln97_30_fu_15817_p2                                 |     |        | icmp_ln97_30                             | setlt  | auto     | 0       |
|       xor_ln96_30_fu_15826_p2                                  |     |        | xor_ln96_30                              | xor    | auto     | 0       |
|       or_ln95_30_fu_15831_p2                                   |     |        | or_ln95_30                               | or     | auto     | 0       |
|       and_ln94_30_fu_15836_p2                                  |     |        | and_ln94_30                              | and    | auto     | 0       |
|       grp_fu_2763_p2                                           |     |        | sub_ln93_30                              | sub    | fabric   | 0       |
|       grp_fu_1411_p2                                           |     |        | add_ln92_30                              | add    | fabric   | 0       |
|       grp_fu_1409_p2                                           |     |        | add_ln87_31                              | add    | fabric   | 0       |
|       grp_fu_12695_p2                                          |     |        | icmp_ln87_31                             | seteq  | auto     | 0       |
|       b_95_fu_14502_p3                                         |     |        | b_95                                     | select | auto_sel | 0       |
|       fmul_32ns_32ns_32_5_max_dsp_1_U234                       | 3   |        | f_62                                     | fmul   | maxdsp   | 4       |
|       fadd_32ns_32ns_32_8_full_dsp_1_U232                      | 2   |        | f_63                                     | fadd   | fulldsp  | 7       |
|       icmp_ln97_31_fu_15855_p2                                 |     |        | icmp_ln97_31                             | setlt  | auto     | 0       |
|       xor_ln96_31_fu_15864_p2                                  |     |        | xor_ln96_31                              | xor    | auto     | 0       |
|       or_ln95_31_fu_15869_p2                                   |     |        | or_ln95_31                               | or     | auto     | 0       |
|       and_ln94_31_fu_15874_p2                                  |     |        | and_ln94_31                              | and    | auto     | 0       |
|       grp_fu_2761_p2                                           |     |        | sub_ln93_31                              | sub    | fabric   | 0       |
|       grp_fu_1409_p2                                           |     |        | add_ln92_31                              | add    | fabric   | 0       |
|   + compute_pipeline_4                                         | 31  |        |                                          |        |          |         |
|    + executeOneWarp_110 (grp_executeOneWarp_110_fu_725)        | 31  |        |                                          |        |          |         |
|      icmp_ln238_fu_2563_p2                                     |     |        | icmp_ln238                               | setlt  | auto     | 0       |
|      icmp_ln240_fu_2578_p2                                     |     |        | icmp_ln240                               | seteq  | auto     | 0       |
|      and_ln238_fu_2584_p2                                      |     |        | and_ln238                                | and    | auto     | 0       |
|      add_ln242_fu_2594_p2                                      |     |        | add_ln242                                | add    | fabric   | 0       |
|      icmp_ln246_fu_2634_p2                                     |     |        | icmp_ln246                               | seteq  | auto     | 0       |
|      instr_count_10_fu_2639_p2                                 |     |        | instr_count_10                           | add    | fabric   | 0       |
|      icmp_ln152_fu_2654_p2                                     |     |        | icmp_ln152                               | seteq  | auto     | 0       |
|      simt_sp_2_fu_2660_p2                                      |     |        | simt_sp_2                                | add    | fabric   | 0       |
|      simt_active_mask_2_fu_3577_p2                             |     |        | simt_active_mask_2                       | or     | auto     | 0       |
|      st_resume_pc_fu_2698_p2                                   |     |        | st_resume_pc                             | add    | fabric   | 0       |
|      add_ln174_fu_2762_p2                                      |     |        | add_ln174                                | add    | fabric   | 0       |
|      add_ln174_33_fu_2771_p2                                   |     |        | add_ln174_33                             | add    | fabric   | 0       |
|      add_ln174_34_fu_2780_p2                                   |     |        | add_ln174_34                             | add    | fabric   | 0       |
|      add_ln174_35_fu_2789_p2                                   |     |        | add_ln174_35                             | add    | fabric   | 0       |
|      add_ln174_36_fu_2798_p2                                   |     |        | add_ln174_36                             | add    | fabric   | 0       |
|      add_ln174_37_fu_2807_p2                                   |     |        | add_ln174_37                             | add    | fabric   | 0       |
|      add_ln174_38_fu_2816_p2                                   |     |        | add_ln174_38                             | add    | fabric   | 0       |
|      add_ln174_39_fu_2825_p2                                   |     |        | add_ln174_39                             | add    | fabric   | 0       |
|      add_ln174_40_fu_2834_p2                                   |     |        | add_ln174_40                             | add    | fabric   | 0       |
|      add_ln174_41_fu_2843_p2                                   |     |        | add_ln174_41                             | add    | fabric   | 0       |
|      add_ln174_42_fu_2852_p2                                   |     |        | add_ln174_42                             | add    | fabric   | 0       |
|      add_ln174_43_fu_2861_p2                                   |     |        | add_ln174_43                             | add    | fabric   | 0       |
|      add_ln174_44_fu_2870_p2                                   |     |        | add_ln174_44                             | add    | fabric   | 0       |
|      add_ln174_45_fu_2879_p2                                   |     |        | add_ln174_45                             | add    | fabric   | 0       |
|      add_ln174_46_fu_2888_p2                                   |     |        | add_ln174_46                             | add    | fabric   | 0       |
|      add_ln174_47_fu_2897_p2                                   |     |        | add_ln174_47                             | add    | fabric   | 0       |
|      add_ln174_48_fu_2906_p2                                   |     |        | add_ln174_48                             | add    | fabric   | 0       |
|      add_ln174_49_fu_2915_p2                                   |     |        | add_ln174_49                             | add    | fabric   | 0       |
|      add_ln174_50_fu_2924_p2                                   |     |        | add_ln174_50                             | add    | fabric   | 0       |
|      add_ln174_51_fu_2933_p2                                   |     |        | add_ln174_51                             | add    | fabric   | 0       |
|      add_ln174_52_fu_2942_p2                                   |     |        | add_ln174_52                             | add    | fabric   | 0       |
|      add_ln174_53_fu_2951_p2                                   |     |        | add_ln174_53                             | add    | fabric   | 0       |
|      add_ln174_54_fu_2960_p2                                   |     |        | add_ln174_54                             | add    | fabric   | 0       |
|      add_ln174_55_fu_2969_p2                                   |     |        | add_ln174_55                             | add    | fabric   | 0       |
|      add_ln174_56_fu_2978_p2                                   |     |        | add_ln174_56                             | add    | fabric   | 0       |
|      add_ln174_57_fu_2987_p2                                   |     |        | add_ln174_57                             | add    | fabric   | 0       |
|      add_ln174_58_fu_2996_p2                                   |     |        | add_ln174_58                             | add    | fabric   | 0       |
|      add_ln174_59_fu_3005_p2                                   |     |        | add_ln174_59                             | add    | fabric   | 0       |
|      add_ln174_60_fu_3014_p2                                   |     |        | add_ln174_60                             | add    | fabric   | 0       |
|      add_ln174_61_fu_3023_p2                                   |     |        | add_ln174_61                             | add    | fabric   | 0       |
|      add_ln174_62_fu_3032_p2                                   |     |        | add_ln174_62                             | add    | fabric   | 0       |
|      add_ln174_63_fu_3587_p2                                   |     |        | add_ln174_63                             | add    | fabric   | 0       |
|      req_is_write_fu_3596_p2                                   |     |        | req_is_write                             | seteq  | auto     | 0       |
|      add_ln182_fu_3041_p2                                      |     |        | add_ln182                                | add    | fabric   | 0       |
|      add_ln182_1_fu_3050_p2                                    |     |        | add_ln182_1                              | add    | fabric   | 0       |
|      add_ln182_2_fu_3059_p2                                    |     |        | add_ln182_2                              | add    | fabric   | 0       |
|      add_ln182_3_fu_3068_p2                                    |     |        | add_ln182_3                              | add    | fabric   | 0       |
|      add_ln182_4_fu_3077_p2                                    |     |        | add_ln182_4                              | add    | fabric   | 0       |
|      add_ln182_5_fu_3086_p2                                    |     |        | add_ln182_5                              | add    | fabric   | 0       |
|      add_ln182_6_fu_3095_p2                                    |     |        | add_ln182_6                              | add    | fabric   | 0       |
|      add_ln182_7_fu_3104_p2                                    |     |        | add_ln182_7                              | add    | fabric   | 0       |
|      add_ln182_8_fu_3113_p2                                    |     |        | add_ln182_8                              | add    | fabric   | 0       |
|      add_ln182_9_fu_3122_p2                                    |     |        | add_ln182_9                              | add    | fabric   | 0       |
|      add_ln182_10_fu_3131_p2                                   |     |        | add_ln182_10                             | add    | fabric   | 0       |
|      add_ln182_11_fu_3140_p2                                   |     |        | add_ln182_11                             | add    | fabric   | 0       |
|      add_ln182_12_fu_3149_p2                                   |     |        | add_ln182_12                             | add    | fabric   | 0       |
|      add_ln182_13_fu_3158_p2                                   |     |        | add_ln182_13                             | add    | fabric   | 0       |
|      add_ln182_14_fu_3167_p2                                   |     |        | add_ln182_14                             | add    | fabric   | 0       |
|      add_ln182_15_fu_3176_p2                                   |     |        | add_ln182_15                             | add    | fabric   | 0       |
|      add_ln182_16_fu_3185_p2                                   |     |        | add_ln182_16                             | add    | fabric   | 0       |
|      add_ln182_17_fu_3194_p2                                   |     |        | add_ln182_17                             | add    | fabric   | 0       |
|      add_ln182_18_fu_3203_p2                                   |     |        | add_ln182_18                             | add    | fabric   | 0       |
|      add_ln182_19_fu_3212_p2                                   |     |        | add_ln182_19                             | add    | fabric   | 0       |
|      add_ln182_20_fu_3221_p2                                   |     |        | add_ln182_20                             | add    | fabric   | 0       |
|      add_ln182_21_fu_3230_p2                                   |     |        | add_ln182_21                             | add    | fabric   | 0       |
|      add_ln182_22_fu_3239_p2                                   |     |        | add_ln182_22                             | add    | fabric   | 0       |
|      add_ln182_23_fu_3248_p2                                   |     |        | add_ln182_23                             | add    | fabric   | 0       |
|      add_ln182_24_fu_3257_p2                                   |     |        | add_ln182_24                             | add    | fabric   | 0       |
|      add_ln182_25_fu_3266_p2                                   |     |        | add_ln182_25                             | add    | fabric   | 0       |
|      add_ln182_26_fu_3275_p2                                   |     |        | add_ln182_26                             | add    | fabric   | 0       |
|      add_ln182_27_fu_3284_p2                                   |     |        | add_ln182_27                             | add    | fabric   | 0       |
|      add_ln182_28_fu_3293_p2                                   |     |        | add_ln182_28                             | add    | fabric   | 0       |
|      add_ln182_29_fu_3302_p2                                   |     |        | add_ln182_29                             | add    | fabric   | 0       |
|      add_ln182_30_fu_3311_p2                                   |     |        | add_ln182_30                             | add    | fabric   | 0       |
|      add_ln182_31_fu_3601_p2                                   |     |        | add_ln182_31                             | add    | fabric   | 0       |
|      icmp_ln187_fu_3610_p2                                     |     |        | icmp_ln187                               | seteq  | auto     | 0       |
|      add_ln188_fu_3615_p2                                      |     |        | add_ln188                                | add    | fabric   | 0       |
|      add_ln188_1_fu_3640_p2                                    |     |        | add_ln188_1                              | add    | fabric   | 0       |
|      add_ln188_2_fu_3673_p2                                    |     |        | add_ln188_2                              | add    | fabric   | 0       |
|      add_ln188_3_fu_3706_p2                                    |     |        | add_ln188_3                              | add    | fabric   | 0       |
|      add_ln188_4_fu_3739_p2                                    |     |        | add_ln188_4                              | add    | fabric   | 0       |
|      add_ln188_5_fu_3772_p2                                    |     |        | add_ln188_5                              | add    | fabric   | 0       |
|      add_ln188_6_fu_3805_p2                                    |     |        | add_ln188_6                              | add    | fabric   | 0       |
|      add_ln188_7_fu_3856_p2                                    |     |        | add_ln188_7                              | add    | fabric   | 0       |
|      add_ln188_8_fu_3889_p2                                    |     |        | add_ln188_8                              | add    | fabric   | 0       |
|      add_ln188_9_fu_3922_p2                                    |     |        | add_ln188_9                              | add    | fabric   | 0       |
|      add_ln188_10_fu_3955_p2                                   |     |        | add_ln188_10                             | add    | fabric   | 0       |
|      add_ln188_11_fu_3988_p2                                   |     |        | add_ln188_11                             | add    | fabric   | 0       |
|      add_ln188_12_fu_4021_p2                                   |     |        | add_ln188_12                             | add    | fabric   | 0       |
|      add_ln188_13_fu_4054_p2                                   |     |        | add_ln188_13                             | add    | fabric   | 0       |
|      add_ln188_14_fu_4087_p2                                   |     |        | add_ln188_14                             | add    | fabric   | 0       |
|      add_ln188_15_fu_4120_p2                                   |     |        | add_ln188_15                             | add    | fabric   | 0       |
|      add_ln188_16_fu_4153_p2                                   |     |        | add_ln188_16                             | add    | fabric   | 0       |
|      add_ln188_17_fu_4186_p2                                   |     |        | add_ln188_17                             | add    | fabric   | 0       |
|      add_ln188_18_fu_4219_p2                                   |     |        | add_ln188_18                             | add    | fabric   | 0       |
|      add_ln188_19_fu_4252_p2                                   |     |        | add_ln188_19                             | add    | fabric   | 0       |
|      add_ln188_20_fu_4285_p2                                   |     |        | add_ln188_20                             | add    | fabric   | 0       |
|      add_ln188_21_fu_4318_p2                                   |     |        | add_ln188_21                             | add    | fabric   | 0       |
|      add_ln188_22_fu_4351_p2                                   |     |        | add_ln188_22                             | add    | fabric   | 0       |
|      add_ln188_23_fu_4384_p2                                   |     |        | add_ln188_23                             | add    | fabric   | 0       |
|      add_ln188_24_fu_4417_p2                                   |     |        | add_ln188_24                             | add    | fabric   | 0       |
|      add_ln188_25_fu_4450_p2                                   |     |        | add_ln188_25                             | add    | fabric   | 0       |
|      add_ln188_26_fu_4459_p2                                   |     |        | add_ln188_26                             | add    | fabric   | 0       |
|      add_ln188_27_fu_4468_p2                                   |     |        | add_ln188_27                             | add    | fabric   | 0       |
|      add_ln188_28_fu_4477_p2                                   |     |        | add_ln188_28                             | add    | fabric   | 0       |
|      add_ln188_29_fu_4486_p2                                   |     |        | add_ln188_29                             | add    | fabric   | 0       |
|      add_ln188_30_fu_4495_p2                                   |     |        | add_ln188_30                             | add    | fabric   | 0       |
|      add_ln188_31_fu_4504_p2                                   |     |        | add_ln188_31                             | add    | fabric   | 0       |
|      addr_fu_3649_p2                                           |     |        | addr                                     | add    | fabric   | 0       |
|      req_write_data_fu_3653_p3                                 |     |        | req_write_data                           | select | auto_sel | 0       |
|      addr_32_fu_3682_p2                                        |     |        | addr_32                                  | add    | fabric   | 0       |
|      req_write_data_1_fu_3686_p3                               |     |        | req_write_data_1                         | select | auto_sel | 0       |
|      addr_33_fu_3715_p2                                        |     |        | addr_33                                  | add    | fabric   | 0       |
|      req_write_data_2_fu_3719_p3                               |     |        | req_write_data_2                         | select | auto_sel | 0       |
|      addr_34_fu_3748_p2                                        |     |        | addr_34                                  | add    | fabric   | 0       |
|      req_write_data_3_fu_3752_p3                               |     |        | req_write_data_3                         | select | auto_sel | 0       |
|      addr_35_fu_3781_p2                                        |     |        | addr_35                                  | add    | fabric   | 0       |
|      req_write_data_4_fu_3785_p3                               |     |        | req_write_data_4                         | select | auto_sel | 0       |
|      addr_36_fu_3814_p2                                        |     |        | addr_36                                  | add    | fabric   | 0       |
|      req_write_data_5_fu_3818_p3                               |     |        | req_write_data_5                         | select | auto_sel | 0       |
|      addr_37_fu_3865_p2                                        |     |        | addr_37                                  | add    | fabric   | 0       |
|      req_write_data_6_fu_3869_p3                               |     |        | req_write_data_6                         | select | auto_sel | 0       |
|      addr_38_fu_3898_p2                                        |     |        | addr_38                                  | add    | fabric   | 0       |
|      req_write_data_7_fu_3902_p3                               |     |        | req_write_data_7                         | select | auto_sel | 0       |
|      addr_39_fu_3931_p2                                        |     |        | addr_39                                  | add    | fabric   | 0       |
|      req_write_data_8_fu_3935_p3                               |     |        | req_write_data_8                         | select | auto_sel | 0       |
|      addr_40_fu_3964_p2                                        |     |        | addr_40                                  | add    | fabric   | 0       |
|      req_write_data_9_fu_3968_p3                               |     |        | req_write_data_9                         | select | auto_sel | 0       |
|      addr_41_fu_3997_p2                                        |     |        | addr_41                                  | add    | fabric   | 0       |
|      req_write_data_10_fu_4001_p3                              |     |        | req_write_data_10                        | select | auto_sel | 0       |
|      addr_42_fu_4030_p2                                        |     |        | addr_42                                  | add    | fabric   | 0       |
|      req_write_data_11_fu_4034_p3                              |     |        | req_write_data_11                        | select | auto_sel | 0       |
|      addr_43_fu_4063_p2                                        |     |        | addr_43                                  | add    | fabric   | 0       |
|      req_write_data_12_fu_4067_p3                              |     |        | req_write_data_12                        | select | auto_sel | 0       |
|      addr_44_fu_4096_p2                                        |     |        | addr_44                                  | add    | fabric   | 0       |
|      req_write_data_13_fu_4100_p3                              |     |        | req_write_data_13                        | select | auto_sel | 0       |
|      addr_45_fu_4129_p2                                        |     |        | addr_45                                  | add    | fabric   | 0       |
|      req_write_data_14_fu_4133_p3                              |     |        | req_write_data_14                        | select | auto_sel | 0       |
|      addr_46_fu_4162_p2                                        |     |        | addr_46                                  | add    | fabric   | 0       |
|      req_write_data_15_fu_4166_p3                              |     |        | req_write_data_15                        | select | auto_sel | 0       |
|      addr_47_fu_4195_p2                                        |     |        | addr_47                                  | add    | fabric   | 0       |
|      req_write_data_16_fu_4199_p3                              |     |        | req_write_data_16                        | select | auto_sel | 0       |
|      addr_48_fu_4228_p2                                        |     |        | addr_48                                  | add    | fabric   | 0       |
|      req_write_data_17_fu_4232_p3                              |     |        | req_write_data_17                        | select | auto_sel | 0       |
|      addr_49_fu_4261_p2                                        |     |        | addr_49                                  | add    | fabric   | 0       |
|      req_write_data_18_fu_4265_p3                              |     |        | req_write_data_18                        | select | auto_sel | 0       |
|      addr_50_fu_4294_p2                                        |     |        | addr_50                                  | add    | fabric   | 0       |
|      req_write_data_19_fu_4298_p3                              |     |        | req_write_data_19                        | select | auto_sel | 0       |
|      addr_51_fu_4327_p2                                        |     |        | addr_51                                  | add    | fabric   | 0       |
|      req_write_data_20_fu_4331_p3                              |     |        | req_write_data_20                        | select | auto_sel | 0       |
|      addr_52_fu_4360_p2                                        |     |        | addr_52                                  | add    | fabric   | 0       |
|      req_write_data_21_fu_4364_p3                              |     |        | req_write_data_21                        | select | auto_sel | 0       |
|      addr_53_fu_4393_p2                                        |     |        | addr_53                                  | add    | fabric   | 0       |
|      req_write_data_22_fu_4397_p3                              |     |        | req_write_data_22                        | select | auto_sel | 0       |
|      addr_54_fu_4426_p2                                        |     |        | addr_54                                  | add    | fabric   | 0       |
|      req_write_data_23_fu_4430_p3                              |     |        | req_write_data_23                        | select | auto_sel | 0       |
|      addr_55_fu_4513_p2                                        |     |        | addr_55                                  | add    | fabric   | 0       |
|      req_write_data_24_fu_4517_p3                              |     |        | req_write_data_24                        | select | auto_sel | 0       |
|      addr_56_fu_4537_p2                                        |     |        | addr_56                                  | add    | fabric   | 0       |
|      req_write_data_25_fu_4541_p3                              |     |        | req_write_data_25                        | select | auto_sel | 0       |
|      addr_57_fu_4561_p2                                        |     |        | addr_57                                  | add    | fabric   | 0       |
|      req_write_data_26_fu_4565_p3                              |     |        | req_write_data_26                        | select | auto_sel | 0       |
|      addr_58_fu_4585_p2                                        |     |        | addr_58                                  | add    | fabric   | 0       |
|      req_write_data_27_fu_4589_p3                              |     |        | req_write_data_27                        | select | auto_sel | 0       |
|      addr_59_fu_4609_p2                                        |     |        | addr_59                                  | add    | fabric   | 0       |
|      req_write_data_28_fu_4613_p3                              |     |        | req_write_data_28                        | select | auto_sel | 0       |
|      addr_60_fu_4633_p2                                        |     |        | addr_60                                  | add    | fabric   | 0       |
|      req_write_data_29_fu_4637_p3                              |     |        | req_write_data_29                        | select | auto_sel | 0       |
|      addr_61_fu_4657_p2                                        |     |        | addr_61                                  | add    | fabric   | 0       |
|      req_write_data_30_fu_4661_p3                              |     |        | req_write_data_30                        | select | auto_sel | 0       |
|      addr_62_fu_4681_p2                                        |     |        | addr_62                                  | add    | fabric   | 0       |
|      req_write_data_31_fu_4685_p3                              |     |        | req_write_data_31                        | select | auto_sel | 0       |
|      cond12_i_fu_3624_p2                                       |     |        | cond12_i                                 | seteq  | auto     | 0       |
|      add_ln238_fu_3630_p2                                      |     |        | add_ln238                                | add    | fabric   | 0       |
|      cond1_i_fu_4704_p2                                        |     |        | cond1_i                                  | seteq  | auto     | 0       |
|      ult810_fu_4710_p2                                         |     |        | ult810                                   | setlt  | auto     | 0       |
|      rev_fu_4714_p2                                            |     |        | rev                                      | xor    | auto     | 0       |
|      cond_i_fu_4720_p2                                         |     |        | cond_i                                   | or     | auto     | 0       |
|      p_write_flag_2_i_fu_4766_p2                               |     |        | p_write_flag_2_i                         | or     | auto     | 0       |
|      p_agg_result_code_2_i_fu_4726_p3                          |     |        | p_agg_result_code_2_i                    | select | auto_sel | 0       |
|      p_write_flag3_2_i_fu_4771_p2                              |     |        | p_write_flag3_2_i                        | or     | auto     | 0       |
|      p_agg_result_barrier_id_2_i_fu_4734_p3                    |     |        | p_agg_result_barrier_id_2_i              | select | auto_sel | 0       |
|      p_write_flag6_2_i_fu_4776_p2                              |     |        | p_write_flag6_2_i                        | or     | auto     | 0       |
|      p_agg_result_slot_id_2_i_fu_4742_p3                       |     |        | p_agg_result_slot_id_2_i                 | select | auto_sel | 0       |
|      p_write_flag9_2_i_fu_4781_p2                              |     |        | p_write_flag9_2_i                        | or     | auto     | 0       |
|      p_agg_result_resume_pc_2_i_fu_4750_p3                     |     |        | p_agg_result_resume_pc_2_i               | select | auto_sel | 0       |
|      p_write_flag12_2_i_fu_4786_p2                             |     |        | p_write_flag12_2_i                       | or     | auto     | 0       |
|      instr_count_3_agg_result_instr_count_2_i_fu_4758_p3       |     |        | instr_count_3_agg_result_instr_count_2_i | select | auto_sel | 0       |
|      select_ln282_fu_4791_p3                                   |     |        | select_ln282                             | select | auto_sel | 0       |
|      select_ln282_5_fu_4797_p3                                 |     |        | select_ln282_5                           | select | auto_sel | 0       |
|      select_ln282_6_fu_4803_p3                                 |     |        | select_ln282_6                           | select | auto_sel | 0       |
|      select_ln282_7_fu_4809_p3                                 |     |        | select_ln282_7                           | select | auto_sel | 0       |
|      select_ln282_8_fu_4815_p3                                 |     |        | select_ln282_8                           | select | auto_sel | 0       |
|     + decodeInstruction (call_ret_i_decodeInstruction_fu_1932) | 0   |        |                                          |        |          |         |
|       grp_fu_522_p2                                            |     |        | icmp_ln274                               | seteq  | auto     | 0       |
|       grp_fu_527_p2                                            |     |        | icmp_ln286                               | seteq  | auto     | 0       |
|       select_ln286_cast_cast_fu_818_p3                         |     |        | select_ln286_cast_cast                   | select | auto_sel | 0       |
|       icmp_ln267_fu_850_p2                                     |     |        | icmp_ln267                               | seteq  | auto     | 0       |
|       grp_fu_522_p2                                            |     |        | icmp_ln267_1                             | seteq  | auto     | 0       |
|       select_ln267_fu_856_p3                                   |     |        | select_ln267                             | select | auto_sel | 0       |
|       or_ln267_fu_864_p2                                       |     |        | or_ln267                                 | or     | auto     | 0       |
|       instr_opcode_fu_870_p3                                   |     |        | instr_opcode                             | select | auto_sel | 0       |
|       grp_fu_527_p2                                            |     |        | icmp_ln250                               | seteq  | auto     | 0       |
|       select_ln251_fu_883_p3                                   |     |        | select_ln251                             | select | auto_sel | 0       |
|       icmp_ln222_fu_909_p2                                     |     |        | icmp_ln222                               | seteq  | auto     | 0       |
|       icmp_ln70_fu_946_p2                                      |     |        | icmp_ln70                                | setne  | auto     | 0       |
|       icmp_ln70_1_fu_952_p2                                    |     |        | icmp_ln70_1                              | setlt  | auto     | 0       |
|       instr_is_memory_fu_958_p2                                |     |        | instr_is_memory                          | and    | auto     | 0       |
|     + executeBranch (grp_executeBranch_fu_1937)                | 0   |        |                                          |        |          |         |
|       add_ln208_fu_1154_p2                                     |     |        | add_ln208                                | add    | fabric   | 0       |
|       add_ln208_1_fu_1165_p2                                   |     |        | add_ln208_1                              | add    | fabric   | 0       |
|       add_ln208_2_fu_1176_p2                                   |     |        | add_ln208_2                              | add    | fabric   | 0       |
|       add_ln208_3_fu_1187_p2                                   |     |        | add_ln208_3                              | add    | fabric   | 0       |
|       add_ln208_4_fu_1198_p2                                   |     |        | add_ln208_4                              | add    | fabric   | 0       |
|       add_ln208_5_fu_1209_p2                                   |     |        | add_ln208_5                              | add    | fabric   | 0       |
|       add_ln208_6_fu_1220_p2                                   |     |        | add_ln208_6                              | add    | fabric   | 0       |
|       add_ln208_7_fu_1231_p2                                   |     |        | add_ln208_7                              | add    | fabric   | 0       |
|       add_ln208_8_fu_1242_p2                                   |     |        | add_ln208_8                              | add    | fabric   | 0       |
|       add_ln208_9_fu_1253_p2                                   |     |        | add_ln208_9                              | add    | fabric   | 0       |
|       add_ln208_10_fu_1264_p2                                  |     |        | add_ln208_10                             | add    | fabric   | 0       |
|       add_ln208_11_fu_1275_p2                                  |     |        | add_ln208_11                             | add    | fabric   | 0       |
|       add_ln208_12_fu_1286_p2                                  |     |        | add_ln208_12                             | add    | fabric   | 0       |
|       add_ln208_13_fu_1297_p2                                  |     |        | add_ln208_13                             | add    | fabric   | 0       |
|       add_ln208_14_fu_1308_p2                                  |     |        | add_ln208_14                             | add    | fabric   | 0       |
|       add_ln208_15_fu_1319_p2                                  |     |        | add_ln208_15                             | add    | fabric   | 0       |
|       add_ln208_16_fu_1330_p2                                  |     |        | add_ln208_16                             | add    | fabric   | 0       |
|       add_ln208_17_fu_1341_p2                                  |     |        | add_ln208_17                             | add    | fabric   | 0       |
|       add_ln208_18_fu_1352_p2                                  |     |        | add_ln208_18                             | add    | fabric   | 0       |
|       add_ln208_19_fu_1363_p2                                  |     |        | add_ln208_19                             | add    | fabric   | 0       |
|       add_ln208_20_fu_1374_p2                                  |     |        | add_ln208_20                             | add    | fabric   | 0       |
|       add_ln208_21_fu_1385_p2                                  |     |        | add_ln208_21                             | add    | fabric   | 0       |
|       add_ln208_22_fu_1396_p2                                  |     |        | add_ln208_22                             | add    | fabric   | 0       |
|       add_ln208_23_fu_1407_p2                                  |     |        | add_ln208_23                             | add    | fabric   | 0       |
|       add_ln208_24_fu_1418_p2                                  |     |        | add_ln208_24                             | add    | fabric   | 0       |
|       add_ln208_25_fu_1429_p2                                  |     |        | add_ln208_25                             | add    | fabric   | 0       |
|       add_ln208_26_fu_1440_p2                                  |     |        | add_ln208_26                             | add    | fabric   | 0       |
|       add_ln208_27_fu_1451_p2                                  |     |        | add_ln208_27                             | add    | fabric   | 0       |
|       add_ln208_28_fu_1462_p2                                  |     |        | add_ln208_28                             | add    | fabric   | 0       |
|       add_ln208_29_fu_1473_p2                                  |     |        | add_ln208_29                             | add    | fabric   | 0       |
|       add_ln208_30_fu_1484_p2                                  |     |        | add_ln208_30                             | add    | fabric   | 0       |
|       add_ln208_31_fu_1495_p2                                  |     |        | add_ln208_31                             | add    | fabric   | 0       |
|       icmp_ln208_fu_1758_p2                                    |     |        | icmp_ln208                               | seteq  | auto     | 0       |
|       conditions_fu_1764_p2                                    |     |        | conditions                               | and    | auto     | 0       |
|       icmp_ln208_1_fu_1769_p2                                  |     |        | icmp_ln208_1                             | seteq  | auto     | 0       |
|       conditions_1_fu_1775_p2                                  |     |        | conditions_1                             | and    | auto     | 0       |
|       icmp_ln208_2_fu_1780_p2                                  |     |        | icmp_ln208_2                             | seteq  | auto     | 0       |
|       conditions_2_fu_1786_p2                                  |     |        | conditions_2                             | and    | auto     | 0       |
|       icmp_ln208_3_fu_1791_p2                                  |     |        | icmp_ln208_3                             | seteq  | auto     | 0       |
|       conditions_3_fu_1797_p2                                  |     |        | conditions_3                             | and    | auto     | 0       |
|       icmp_ln208_4_fu_1802_p2                                  |     |        | icmp_ln208_4                             | seteq  | auto     | 0       |
|       conditions_4_fu_1808_p2                                  |     |        | conditions_4                             | and    | auto     | 0       |
|       icmp_ln208_5_fu_1813_p2                                  |     |        | icmp_ln208_5                             | seteq  | auto     | 0       |
|       conditions_5_fu_1819_p2                                  |     |        | conditions_5                             | and    | auto     | 0       |
|       icmp_ln208_6_fu_1824_p2                                  |     |        | icmp_ln208_6                             | seteq  | auto     | 0       |
|       conditions_6_fu_1830_p2                                  |     |        | conditions_6                             | and    | auto     | 0       |
|       icmp_ln208_7_fu_1835_p2                                  |     |        | icmp_ln208_7                             | seteq  | auto     | 0       |
|       conditions_7_fu_1841_p2                                  |     |        | conditions_7                             | and    | auto     | 0       |
|       icmp_ln208_8_fu_1846_p2                                  |     |        | icmp_ln208_8                             | seteq  | auto     | 0       |
|       conditions_8_fu_1852_p2                                  |     |        | conditions_8                             | and    | auto     | 0       |
|       icmp_ln208_9_fu_1857_p2                                  |     |        | icmp_ln208_9                             | seteq  | auto     | 0       |
|       conditions_9_fu_1863_p2                                  |     |        | conditions_9                             | and    | auto     | 0       |
|       icmp_ln208_10_fu_1868_p2                                 |     |        | icmp_ln208_10                            | seteq  | auto     | 0       |
|       conditions_10_fu_1874_p2                                 |     |        | conditions_10                            | and    | auto     | 0       |
|       icmp_ln208_11_fu_1879_p2                                 |     |        | icmp_ln208_11                            | seteq  | auto     | 0       |
|       conditions_11_fu_1885_p2                                 |     |        | conditions_11                            | and    | auto     | 0       |
|       icmp_ln208_12_fu_1890_p2                                 |     |        | icmp_ln208_12                            | seteq  | auto     | 0       |
|       conditions_12_fu_1896_p2                                 |     |        | conditions_12                            | and    | auto     | 0       |
|       icmp_ln208_13_fu_1901_p2                                 |     |        | icmp_ln208_13                            | seteq  | auto     | 0       |
|       conditions_13_fu_1907_p2                                 |     |        | conditions_13                            | and    | auto     | 0       |
|       icmp_ln208_14_fu_1912_p2                                 |     |        | icmp_ln208_14                            | seteq  | auto     | 0       |
|       conditions_14_fu_1918_p2                                 |     |        | conditions_14                            | and    | auto     | 0       |
|       icmp_ln208_15_fu_1923_p2                                 |     |        | icmp_ln208_15                            | seteq  | auto     | 0       |
|       conditions_15_fu_1929_p2                                 |     |        | conditions_15                            | and    | auto     | 0       |
|       icmp_ln208_16_fu_1934_p2                                 |     |        | icmp_ln208_16                            | seteq  | auto     | 0       |
|       conditions_16_fu_1940_p2                                 |     |        | conditions_16                            | and    | auto     | 0       |
|       icmp_ln208_17_fu_1945_p2                                 |     |        | icmp_ln208_17                            | seteq  | auto     | 0       |
|       conditions_17_fu_1951_p2                                 |     |        | conditions_17                            | and    | auto     | 0       |
|       icmp_ln208_18_fu_1956_p2                                 |     |        | icmp_ln208_18                            | seteq  | auto     | 0       |
|       conditions_18_fu_1962_p2                                 |     |        | conditions_18                            | and    | auto     | 0       |
|       icmp_ln208_19_fu_1967_p2                                 |     |        | icmp_ln208_19                            | seteq  | auto     | 0       |
|       conditions_19_fu_1973_p2                                 |     |        | conditions_19                            | and    | auto     | 0       |
|       icmp_ln208_20_fu_1978_p2                                 |     |        | icmp_ln208_20                            | seteq  | auto     | 0       |
|       conditions_20_fu_1984_p2                                 |     |        | conditions_20                            | and    | auto     | 0       |
|       icmp_ln208_21_fu_1989_p2                                 |     |        | icmp_ln208_21                            | seteq  | auto     | 0       |
|       conditions_21_fu_1995_p2                                 |     |        | conditions_21                            | and    | auto     | 0       |
|       icmp_ln208_22_fu_2000_p2                                 |     |        | icmp_ln208_22                            | seteq  | auto     | 0       |
|       conditions_22_fu_2006_p2                                 |     |        | conditions_22                            | and    | auto     | 0       |
|       icmp_ln208_23_fu_2011_p2                                 |     |        | icmp_ln208_23                            | seteq  | auto     | 0       |
|       conditions_23_fu_2017_p2                                 |     |        | conditions_23                            | and    | auto     | 0       |
|       icmp_ln208_24_fu_2022_p2                                 |     |        | icmp_ln208_24                            | seteq  | auto     | 0       |
|       conditions_24_fu_2028_p2                                 |     |        | conditions_24                            | and    | auto     | 0       |
|       icmp_ln208_25_fu_2033_p2                                 |     |        | icmp_ln208_25                            | seteq  | auto     | 0       |
|       conditions_25_fu_2039_p2                                 |     |        | conditions_25                            | and    | auto     | 0       |
|       icmp_ln208_26_fu_2044_p2                                 |     |        | icmp_ln208_26                            | seteq  | auto     | 0       |
|       conditions_26_fu_2050_p2                                 |     |        | conditions_26                            | and    | auto     | 0       |
|       icmp_ln208_27_fu_2055_p2                                 |     |        | icmp_ln208_27                            | seteq  | auto     | 0       |
|       conditions_27_fu_2061_p2                                 |     |        | conditions_27                            | and    | auto     | 0       |
|       icmp_ln208_28_fu_2066_p2                                 |     |        | icmp_ln208_28                            | seteq  | auto     | 0       |
|       conditions_28_fu_2072_p2                                 |     |        | conditions_28                            | and    | auto     | 0       |
|       icmp_ln208_29_fu_2077_p2                                 |     |        | icmp_ln208_29                            | seteq  | auto     | 0       |
|       conditions_29_fu_2083_p2                                 |     |        | conditions_29                            | and    | auto     | 0       |
|       icmp_ln208_30_fu_2088_p2                                 |     |        | icmp_ln208_30                            | seteq  | auto     | 0       |
|       conditions_30_fu_2094_p2                                 |     |        | conditions_30                            | and    | auto     | 0       |
|       icmp_ln208_31_fu_2099_p2                                 |     |        | icmp_ln208_31                            | seteq  | auto     | 0       |
|       conditions_31_fu_2105_p2                                 |     |        | conditions_31                            | and    | auto     | 0       |
|      + handleBranch (grp_handleBranch_fu_854)                  | 0   |        |                                          |        |          |         |
|        xor_ln126_fu_499_p2                                     |     |        | xor_ln126                                | xor    | auto     | 0       |
|        and_ln125_fu_505_p2                                     |     |        | and_ln125                                | and    | auto     | 0       |
|        and_ln125_1_fu_511_p2                                   |     |        | and_ln125_1                              | and    | auto     | 0       |
|        and_ln126_fu_549_p2                                     |     |        | and_ln126                                | and    | auto     | 0       |
|        select_ln126_fu_555_p3                                  |     |        | select_ln126                             | select | auto_sel | 0       |
|        xor_ln126_1_fu_567_p2                                   |     |        | xor_ln126_1                              | xor    | auto     | 0       |
|        and_ln126_1_fu_573_p2                                   |     |        | and_ln126_1                              | and    | auto     | 0       |
|        select_ln125_fu_579_p3                                  |     |        | select_ln125                             | select | auto_sel | 0       |
|        and_ln126_2_fu_615_p2                                   |     |        | and_ln126_2                              | and    | auto     | 0       |
|        empty_fu_621_p3                                         |     |        | empty                                    | select | auto_sel | 0       |
|        xor_ln126_2_fu_633_p2                                   |     |        | xor_ln126_2                              | xor    | auto     | 0       |
|        and_ln126_3_fu_639_p2                                   |     |        | and_ln126_3                              | and    | auto     | 0       |
|        empty_90_fu_645_p3                                      |     |        | empty_90                                 | select | auto_sel | 0       |
|        and_ln126_4_fu_685_p2                                   |     |        | and_ln126_4                              | and    | auto     | 0       |
|        empty_91_fu_691_p3                                      |     |        | empty_91                                 | select | auto_sel | 0       |
|        xor_ln126_3_fu_699_p2                                   |     |        | xor_ln126_3                              | xor    | auto     | 0       |
|        and_ln126_5_fu_705_p2                                   |     |        | and_ln126_5                              | and    | auto     | 0       |
|        empty_92_fu_711_p3                                      |     |        | empty_92                                 | select | auto_sel | 0       |
|        and_ln126_6_fu_747_p2                                   |     |        | and_ln126_6                              | and    | auto     | 0       |
|        empty_93_fu_753_p3                                      |     |        | empty_93                                 | select | auto_sel | 0       |
|        xor_ln126_4_fu_761_p2                                   |     |        | xor_ln126_4                              | xor    | auto     | 0       |
|        and_ln126_7_fu_767_p2                                   |     |        | and_ln126_7                              | and    | auto     | 0       |
|        empty_94_fu_773_p3                                      |     |        | empty_94                                 | select | auto_sel | 0       |
|        and_ln126_8_fu_809_p2                                   |     |        | and_ln126_8                              | and    | auto     | 0       |
|        empty_95_fu_815_p3                                      |     |        | empty_95                                 | select | auto_sel | 0       |
|        xor_ln126_5_fu_823_p2                                   |     |        | xor_ln126_5                              | xor    | auto     | 0       |
|        and_ln126_9_fu_829_p2                                   |     |        | and_ln126_9                              | and    | auto     | 0       |
|        empty_96_fu_835_p3                                      |     |        | empty_96                                 | select | auto_sel | 0       |
|        and_ln126_10_fu_871_p2                                  |     |        | and_ln126_10                             | and    | auto     | 0       |
|        empty_97_fu_877_p3                                      |     |        | empty_97                                 | select | auto_sel | 0       |
|        xor_ln126_6_fu_885_p2                                   |     |        | xor_ln126_6                              | xor    | auto     | 0       |
|        and_ln126_11_fu_891_p2                                  |     |        | and_ln126_11                             | and    | auto     | 0       |
|        empty_98_fu_897_p3                                      |     |        | empty_98                                 | select | auto_sel | 0       |
|        and_ln126_12_fu_933_p2                                  |     |        | and_ln126_12                             | and    | auto     | 0       |
|        empty_99_fu_939_p3                                      |     |        | empty_99                                 | select | auto_sel | 0       |
|        xor_ln126_7_fu_947_p2                                   |     |        | xor_ln126_7                              | xor    | auto     | 0       |
|        and_ln126_13_fu_953_p2                                  |     |        | and_ln126_13                             | and    | auto     | 0       |
|        empty_100_fu_959_p3                                     |     |        | empty_100                                | select | auto_sel | 0       |
|        and_ln126_14_fu_995_p2                                  |     |        | and_ln126_14                             | and    | auto     | 0       |
|        empty_101_fu_1001_p3                                    |     |        | empty_101                                | select | auto_sel | 0       |
|        xor_ln126_8_fu_1009_p2                                  |     |        | xor_ln126_8                              | xor    | auto     | 0       |
|        and_ln126_15_fu_1015_p2                                 |     |        | and_ln126_15                             | and    | auto     | 0       |
|        empty_102_fu_1021_p3                                    |     |        | empty_102                                | select | auto_sel | 0       |
|        and_ln126_16_fu_1231_p2                                 |     |        | and_ln126_16                             | and    | auto     | 0       |
|        empty_103_fu_1235_p3                                    |     |        | empty_103                                | select | auto_sel | 0       |
|        xor_ln126_9_fu_1242_p2                                  |     |        | xor_ln126_9                              | xor    | auto     | 0       |
|        and_ln126_17_fu_1247_p2                                 |     |        | and_ln126_17                             | and    | auto     | 0       |
|        empty_104_fu_1252_p3                                    |     |        | empty_104                                | select | auto_sel | 0       |
|        and_ln126_18_fu_1279_p2                                 |     |        | and_ln126_18                             | and    | auto     | 0       |
|        empty_105_fu_1283_p3                                    |     |        | empty_105                                | select | auto_sel | 0       |
|        xor_ln126_10_fu_1291_p2                                 |     |        | xor_ln126_10                             | xor    | auto     | 0       |
|        and_ln126_19_fu_1296_p2                                 |     |        | and_ln126_19                             | and    | auto     | 0       |
|        empty_106_fu_1301_p3                                    |     |        | empty_106                                | select | auto_sel | 0       |
|        and_ln126_20_fu_1329_p2                                 |     |        | and_ln126_20                             | and    | auto     | 0       |
|        empty_107_fu_1333_p3                                    |     |        | empty_107                                | select | auto_sel | 0       |
|        xor_ln126_11_fu_1341_p2                                 |     |        | xor_ln126_11                             | xor    | auto     | 0       |
|        and_ln126_21_fu_1346_p2                                 |     |        | and_ln126_21                             | and    | auto     | 0       |
|        empty_108_fu_1351_p3                                    |     |        | empty_108                                | select | auto_sel | 0       |
|        and_ln126_22_fu_1379_p2                                 |     |        | and_ln126_22                             | and    | auto     | 0       |
|        empty_109_fu_1383_p3                                    |     |        | empty_109                                | select | auto_sel | 0       |
|        xor_ln126_12_fu_1391_p2                                 |     |        | xor_ln126_12                             | xor    | auto     | 0       |
|        and_ln126_23_fu_1396_p2                                 |     |        | and_ln126_23                             | and    | auto     | 0       |
|        empty_110_fu_1401_p3                                    |     |        | empty_110                                | select | auto_sel | 0       |
|        and_ln126_24_fu_1429_p2                                 |     |        | and_ln126_24                             | and    | auto     | 0       |
|        empty_111_fu_1433_p3                                    |     |        | empty_111                                | select | auto_sel | 0       |
|        xor_ln126_13_fu_1441_p2                                 |     |        | xor_ln126_13                             | xor    | auto     | 0       |
|        and_ln126_25_fu_1446_p2                                 |     |        | and_ln126_25                             | and    | auto     | 0       |
|        empty_112_fu_1451_p3                                    |     |        | empty_112                                | select | auto_sel | 0       |
|        and_ln126_26_fu_1479_p2                                 |     |        | and_ln126_26                             | and    | auto     | 0       |
|        empty_113_fu_1483_p3                                    |     |        | empty_113                                | select | auto_sel | 0       |
|        xor_ln126_14_fu_1491_p2                                 |     |        | xor_ln126_14                             | xor    | auto     | 0       |
|        and_ln126_27_fu_1496_p2                                 |     |        | and_ln126_27                             | and    | auto     | 0       |
|        empty_114_fu_1501_p3                                    |     |        | empty_114                                | select | auto_sel | 0       |
|        and_ln126_28_fu_1529_p2                                 |     |        | and_ln126_28                             | and    | auto     | 0       |
|        empty_115_fu_1533_p3                                    |     |        | empty_115                                | select | auto_sel | 0       |
|        xor_ln126_15_fu_1541_p2                                 |     |        | xor_ln126_15                             | xor    | auto     | 0       |
|        and_ln126_29_fu_1546_p2                                 |     |        | and_ln126_29                             | and    | auto     | 0       |
|        empty_116_fu_1551_p3                                    |     |        | empty_116                                | select | auto_sel | 0       |
|        and_ln126_30_fu_1579_p2                                 |     |        | and_ln126_30                             | and    | auto     | 0       |
|        empty_117_fu_1583_p3                                    |     |        | empty_117                                | select | auto_sel | 0       |
|        xor_ln126_16_fu_1591_p2                                 |     |        | xor_ln126_16                             | xor    | auto     | 0       |
|        and_ln126_31_fu_1596_p2                                 |     |        | and_ln126_31                             | and    | auto     | 0       |
|        empty_118_fu_1601_p3                                    |     |        | empty_118                                | select | auto_sel | 0       |
|        and_ln126_32_fu_1627_p2                                 |     |        | and_ln126_32                             | and    | auto     | 0       |
|        empty_119_fu_1631_p3                                    |     |        | empty_119                                | select | auto_sel | 0       |
|        xor_ln126_17_fu_1638_p2                                 |     |        | xor_ln126_17                             | xor    | auto     | 0       |
|        and_ln126_33_fu_1643_p2                                 |     |        | and_ln126_33                             | and    | auto     | 0       |
|        empty_120_fu_1648_p3                                    |     |        | empty_120                                | select | auto_sel | 0       |
|        and_ln126_34_fu_1675_p2                                 |     |        | and_ln126_34                             | and    | auto     | 0       |
|        empty_121_fu_1679_p3                                    |     |        | empty_121                                | select | auto_sel | 0       |
|        xor_ln126_18_fu_1687_p2                                 |     |        | xor_ln126_18                             | xor    | auto     | 0       |
|        and_ln126_35_fu_1692_p2                                 |     |        | and_ln126_35                             | and    | auto     | 0       |
|        empty_122_fu_1697_p3                                    |     |        | empty_122                                | select | auto_sel | 0       |
|        and_ln126_36_fu_1725_p2                                 |     |        | and_ln126_36                             | and    | auto     | 0       |
|        empty_123_fu_1729_p3                                    |     |        | empty_123                                | select | auto_sel | 0       |
|        xor_ln126_19_fu_1737_p2                                 |     |        | xor_ln126_19                             | xor    | auto     | 0       |
|        and_ln126_37_fu_1742_p2                                 |     |        | and_ln126_37                             | and    | auto     | 0       |
|        empty_124_fu_1747_p3                                    |     |        | empty_124                                | select | auto_sel | 0       |
|        and_ln126_38_fu_1775_p2                                 |     |        | and_ln126_38                             | and    | auto     | 0       |
|        empty_125_fu_1779_p3                                    |     |        | empty_125                                | select | auto_sel | 0       |
|        xor_ln126_20_fu_1787_p2                                 |     |        | xor_ln126_20                             | xor    | auto     | 0       |
|        and_ln126_39_fu_1792_p2                                 |     |        | and_ln126_39                             | and    | auto     | 0       |
|        empty_126_fu_1797_p3                                    |     |        | empty_126                                | select | auto_sel | 0       |
|        and_ln126_40_fu_1825_p2                                 |     |        | and_ln126_40                             | and    | auto     | 0       |
|        empty_127_fu_1829_p3                                    |     |        | empty_127                                | select | auto_sel | 0       |
|        xor_ln126_21_fu_1837_p2                                 |     |        | xor_ln126_21                             | xor    | auto     | 0       |
|        and_ln126_41_fu_1842_p2                                 |     |        | and_ln126_41                             | and    | auto     | 0       |
|        empty_128_fu_1847_p3                                    |     |        | empty_128                                | select | auto_sel | 0       |
|        and_ln126_42_fu_1875_p2                                 |     |        | and_ln126_42                             | and    | auto     | 0       |
|        empty_129_fu_1879_p3                                    |     |        | empty_129                                | select | auto_sel | 0       |
|        xor_ln126_22_fu_1887_p2                                 |     |        | xor_ln126_22                             | xor    | auto     | 0       |
|        and_ln126_43_fu_1892_p2                                 |     |        | and_ln126_43                             | and    | auto     | 0       |
|        empty_130_fu_1897_p3                                    |     |        | empty_130                                | select | auto_sel | 0       |
|        and_ln126_44_fu_1925_p2                                 |     |        | and_ln126_44                             | and    | auto     | 0       |
|        empty_131_fu_1929_p3                                    |     |        | empty_131                                | select | auto_sel | 0       |
|        xor_ln126_23_fu_1937_p2                                 |     |        | xor_ln126_23                             | xor    | auto     | 0       |
|        and_ln126_45_fu_1942_p2                                 |     |        | and_ln126_45                             | and    | auto     | 0       |
|        empty_132_fu_1947_p3                                    |     |        | empty_132                                | select | auto_sel | 0       |
|        and_ln126_46_fu_1975_p2                                 |     |        | and_ln126_46                             | and    | auto     | 0       |
|        empty_133_fu_1979_p3                                    |     |        | empty_133                                | select | auto_sel | 0       |
|        xor_ln126_24_fu_1987_p2                                 |     |        | xor_ln126_24                             | xor    | auto     | 0       |
|        and_ln126_47_fu_1992_p2                                 |     |        | and_ln126_47                             | and    | auto     | 0       |
|        empty_134_fu_1997_p3                                    |     |        | empty_134                                | select | auto_sel | 0       |
|        and_ln126_48_fu_2023_p2                                 |     |        | and_ln126_48                             | and    | auto     | 0       |
|        empty_135_fu_2027_p3                                    |     |        | empty_135                                | select | auto_sel | 0       |
|        xor_ln126_25_fu_2034_p2                                 |     |        | xor_ln126_25                             | xor    | auto     | 0       |
|        and_ln126_49_fu_2039_p2                                 |     |        | and_ln126_49                             | and    | auto     | 0       |
|        empty_136_fu_2044_p3                                    |     |        | empty_136                                | select | auto_sel | 0       |
|        and_ln126_50_fu_2071_p2                                 |     |        | and_ln126_50                             | and    | auto     | 0       |
|        empty_137_fu_2075_p3                                    |     |        | empty_137                                | select | auto_sel | 0       |
|        xor_ln126_26_fu_2083_p2                                 |     |        | xor_ln126_26                             | xor    | auto     | 0       |
|        and_ln126_51_fu_2088_p2                                 |     |        | and_ln126_51                             | and    | auto     | 0       |
|        empty_138_fu_2093_p3                                    |     |        | empty_138                                | select | auto_sel | 0       |
|        and_ln126_52_fu_2121_p2                                 |     |        | and_ln126_52                             | and    | auto     | 0       |
|        empty_139_fu_2125_p3                                    |     |        | empty_139                                | select | auto_sel | 0       |
|        xor_ln126_27_fu_2133_p2                                 |     |        | xor_ln126_27                             | xor    | auto     | 0       |
|        and_ln126_53_fu_2138_p2                                 |     |        | and_ln126_53                             | and    | auto     | 0       |
|        empty_140_fu_2143_p3                                    |     |        | empty_140                                | select | auto_sel | 0       |
|        and_ln126_54_fu_2171_p2                                 |     |        | and_ln126_54                             | and    | auto     | 0       |
|        empty_141_fu_2175_p3                                    |     |        | empty_141                                | select | auto_sel | 0       |
|        xor_ln126_28_fu_2183_p2                                 |     |        | xor_ln126_28                             | xor    | auto     | 0       |
|        and_ln126_55_fu_2188_p2                                 |     |        | and_ln126_55                             | and    | auto     | 0       |
|        empty_142_fu_2193_p3                                    |     |        | empty_142                                | select | auto_sel | 0       |
|        and_ln126_56_fu_2221_p2                                 |     |        | and_ln126_56                             | and    | auto     | 0       |
|        empty_143_fu_2225_p3                                    |     |        | empty_143                                | select | auto_sel | 0       |
|        xor_ln126_29_fu_2233_p2                                 |     |        | xor_ln126_29                             | xor    | auto     | 0       |
|        and_ln126_57_fu_2238_p2                                 |     |        | and_ln126_57                             | and    | auto     | 0       |
|        empty_144_fu_2243_p3                                    |     |        | empty_144                                | select | auto_sel | 0       |
|        and_ln126_58_fu_2271_p2                                 |     |        | and_ln126_58                             | and    | auto     | 0       |
|        empty_145_fu_2275_p3                                    |     |        | empty_145                                | select | auto_sel | 0       |
|        xor_ln126_30_fu_2283_p2                                 |     |        | xor_ln126_30                             | xor    | auto     | 0       |
|        and_ln126_59_fu_2288_p2                                 |     |        | and_ln126_59                             | and    | auto     | 0       |
|        empty_146_fu_2293_p3                                    |     |        | empty_146                                | select | auto_sel | 0       |
|        and_ln126_60_fu_2321_p2                                 |     |        | and_ln126_60                             | and    | auto     | 0       |
|        taken_fu_2325_p3                                        |     |        | taken                                    | select | auto_sel | 0       |
|        xor_ln126_31_fu_2333_p2                                 |     |        | xor_ln126_31                             | xor    | auto     | 0       |
|        and_ln126_61_fu_2338_p2                                 |     |        | and_ln126_61                             | and    | auto     | 0       |
|        not_taken_fu_2343_p3                                    |     |        | not_taken                                | select | auto_sel | 0       |
|        icmp_ln131_fu_2351_p2                                   |     |        | icmp_ln131                               | setne  | auto     | 0       |
|        icmp_ln131_1_fu_2356_p2                                 |     |        | icmp_ln131_1                             | setne  | auto     | 0       |
|        and_ln131_fu_2361_p2                                    |     |        | and_ln131                                | and    | auto     | 0       |
|        icmp_ln137_fu_2367_p2                                   |     |        | icmp_ln137                               | seteq  | auto     | 0       |
|        and_ln137_fu_2372_p2                                    |     |        | and_ln137                                | and    | auto     | 0       |
|        select_ln145_fu_2987_p3                                 |     |        | select_ln145                             | select | auto_sel | 0       |
|        grp_fu_478_p2                                           |     |        | icmp_ln159_1                             | seteq  | auto     | 0       |
|        grp_fu_484_p2                                           |     |        | add_ln161_1                              | add    | fabric   | 0       |
|        grp_fu_478_p2                                           |     |        | icmp_ln159                               | seteq  | auto     | 0       |
|        grp_fu_484_p2                                           |     |        | add_ln161                                | add    | fabric   | 0       |
|        add_ln135_fu_2382_p2                                    |     |        | add_ln135                                | add    | fabric   | 0       |
|        add_ln136_6_fu_2779_p2                                  |     |        | add_ln136_6                              | add    | fabric   | 0       |
|        add_ln136_7_fu_2785_p2                                  |     |        | add_ln136_7                              | add    | fabric   | 0       |
|        add_ln136_9_fu_2801_p2                                  |     |        | add_ln136_9                              | add    | fabric   | 0       |
|        add_ln136_12_fu_2827_p2                                 |     |        | add_ln136_12                             | add    | fabric   | 0       |
|        add_ln136_15_fu_2853_p2                                 |     |        | add_ln136_15                             | add    | fabric   | 0       |
|        add_ln136_17_fu_2869_p2                                 |     |        | add_ln136_17                             | add    | fabric   | 0       |
|        add_ln136_18_fu_2879_p2                                 |     |        | add_ln136_18                             | add    | fabric   | 0       |
|        add_ln136_19_fu_2889_p2                                 |     |        | add_ln136_19                             | add    | fabric   | 0       |
|        add_ln136_21_fu_2905_p2                                 |     |        | add_ln136_21                             | add    | fabric   | 0       |
|        add_ln136_22_fu_2915_p2                                 |     |        | add_ln136_22                             | add    | fabric   | 0       |
|        add_ln136_23_fu_2925_p2                                 |     |        | add_ln136_23                             | add    | fabric   | 0       |
|        add_ln136_24_fu_2935_p2                                 |     |        | add_ln136_24                             | add    | fabric   | 0       |
|        add_ln136_27_fu_2961_p2                                 |     |        | add_ln136_27                             | add    | fabric   | 0       |
|        add_ln136_28_fu_2971_p2                                 |     |        | add_ln136_28                             | add    | fabric   | 0       |
|        add_ln136_30_fu_3019_p2                                 |     |        | add_ln136_30                             | add    | fabric   | 0       |
|        add_ln136_31_fu_3029_p2                                 |     |        | add_ln136_31                             | add    | fabric   | 0       |
|        select_ln147_fu_3045_p3                                 |     |        | select_ln147                             | select | auto_sel | 0       |
|     + executeALU (grp_executeALU_fu_2046)                      | 31  |        |                                          |        |          |         |
|       grp_fu_1415_p2                                           |     |        | add_ln86                                 | add    | fabric   | 0       |
|       grp_fu_1412_p2                                           |     |        | add_ln86_1                               | add    | fabric   | 0       |
|       grp_fu_1414_p2                                           |     |        | add_ln86_2                               | add    | fabric   | 0       |
|       grp_fu_1408_p2                                           |     |        | add_ln86_3                               | add    | fabric   | 0       |
|       grp_fu_1413_p2                                           |     |        | add_ln86_4                               | add    | fabric   | 0       |
|       grp_fu_1410_p2                                           |     |        | add_ln86_5                               | add    | fabric   | 0       |
|       grp_fu_1411_p2                                           |     |        | add_ln86_6                               | add    | fabric   | 0       |
|       grp_fu_1409_p2                                           |     |        | add_ln86_7                               | add    | fabric   | 0       |
|       grp_fu_1415_p2                                           |     |        | add_ln86_8                               | add    | fabric   | 0       |
|       grp_fu_1412_p2                                           |     |        | add_ln86_9                               | add    | fabric   | 0       |
|       grp_fu_1414_p2                                           |     |        | add_ln86_10                              | add    | fabric   | 0       |
|       grp_fu_1408_p2                                           |     |        | add_ln86_11                              | add    | fabric   | 0       |
|       grp_fu_1413_p2                                           |     |        | add_ln86_12                              | add    | fabric   | 0       |
|       grp_fu_1410_p2                                           |     |        | add_ln86_13                              | add    | fabric   | 0       |
|       grp_fu_1411_p2                                           |     |        | add_ln86_14                              | add    | fabric   | 0       |
|       grp_fu_1409_p2                                           |     |        | add_ln86_15                              | add    | fabric   | 0       |
|       grp_fu_1415_p2                                           |     |        | add_ln86_16                              | add    | fabric   | 0       |
|       grp_fu_1412_p2                                           |     |        | add_ln86_17                              | add    | fabric   | 0       |
|       grp_fu_1414_p2                                           |     |        | add_ln86_18                              | add    | fabric   | 0       |
|       grp_fu_1408_p2                                           |     |        | add_ln86_19                              | add    | fabric   | 0       |
|       grp_fu_1413_p2                                           |     |        | add_ln86_20                              | add    | fabric   | 0       |
|       grp_fu_1410_p2                                           |     |        | add_ln86_21                              | add    | fabric   | 0       |
|       grp_fu_1411_p2                                           |     |        | add_ln86_22                              | add    | fabric   | 0       |
|       grp_fu_1409_p2                                           |     |        | add_ln86_23                              | add    | fabric   | 0       |
|       grp_fu_1415_p2                                           |     |        | add_ln86_24                              | add    | fabric   | 0       |
|       grp_fu_1412_p2                                           |     |        | add_ln86_25                              | add    | fabric   | 0       |
|       grp_fu_1414_p2                                           |     |        | add_ln86_26                              | add    | fabric   | 0       |
|       grp_fu_1408_p2                                           |     |        | add_ln86_27                              | add    | fabric   | 0       |
|       grp_fu_1413_p2                                           |     |        | add_ln86_28                              | add    | fabric   | 0       |
|       grp_fu_1410_p2                                           |     |        | add_ln86_29                              | add    | fabric   | 0       |
|       grp_fu_1411_p2                                           |     |        | add_ln86_30                              | add    | fabric   | 0       |
|       grp_fu_1409_p2                                           |     |        | add_ln86_31                              | add    | fabric   | 0       |
|       grp_fu_1415_p2                                           |     |        | add_ln92_32                              | add    | fabric   | 0       |
|       grp_fu_1412_p2                                           |     |        | add_ln100                                | add    | fabric   | 0       |
|       grp_fu_1414_p2                                           |     |        | add_ln100_1                              | add    | fabric   | 0       |
|       grp_fu_1408_p2                                           |     |        | add_ln100_2                              | add    | fabric   | 0       |
|       grp_fu_1413_p2                                           |     |        | add_ln100_3                              | add    | fabric   | 0       |
|       grp_fu_1410_p2                                           |     |        | add_ln100_4                              | add    | fabric   | 0       |
|       grp_fu_1411_p2                                           |     |        | add_ln100_5                              | add    | fabric   | 0       |
|       grp_fu_1409_p2                                           |     |        | add_ln100_6                              | add    | fabric   | 0       |
|       grp_fu_1415_p2                                           |     |        | add_ln100_7                              | add    | fabric   | 0       |
|       grp_fu_1412_p2                                           |     |        | add_ln100_8                              | add    | fabric   | 0       |
|       grp_fu_1414_p2                                           |     |        | add_ln100_9                              | add    | fabric   | 0       |
|       grp_fu_1408_p2                                           |     |        | add_ln100_10                             | add    | fabric   | 0       |
|       grp_fu_1413_p2                                           |     |        | add_ln100_11                             | add    | fabric   | 0       |
|       grp_fu_1410_p2                                           |     |        | add_ln100_12                             | add    | fabric   | 0       |
|       grp_fu_1411_p2                                           |     |        | add_ln100_13                             | add    | fabric   | 0       |
|       grp_fu_1409_p2                                           |     |        | add_ln100_14                             | add    | fabric   | 0       |
|       grp_fu_1415_p2                                           |     |        | add_ln100_15                             | add    | fabric   | 0       |
|       grp_fu_1412_p2                                           |     |        | add_ln100_16                             | add    | fabric   | 0       |
|       grp_fu_1414_p2                                           |     |        | add_ln100_17                             | add    | fabric   | 0       |
|       grp_fu_1408_p2                                           |     |        | add_ln100_18                             | add    | fabric   | 0       |
|       grp_fu_1413_p2                                           |     |        | add_ln100_19                             | add    | fabric   | 0       |
|       grp_fu_1410_p2                                           |     |        | add_ln100_20                             | add    | fabric   | 0       |
|       grp_fu_1411_p2                                           |     |        | add_ln100_21                             | add    | fabric   | 0       |
|       grp_fu_1409_p2                                           |     |        | add_ln100_22                             | add    | fabric   | 0       |
|       grp_fu_1415_p2                                           |     |        | add_ln100_23                             | add    | fabric   | 0       |
|       grp_fu_1412_p2                                           |     |        | add_ln100_24                             | add    | fabric   | 0       |
|       grp_fu_1414_p2                                           |     |        | add_ln100_25                             | add    | fabric   | 0       |
|       grp_fu_1408_p2                                           |     |        | add_ln100_26                             | add    | fabric   | 0       |
|       grp_fu_1413_p2                                           |     |        | add_ln100_27                             | add    | fabric   | 0       |
|       grp_fu_1410_p2                                           |     |        | add_ln100_28                             | add    | fabric   | 0       |
|       grp_fu_1411_p2                                           |     |        | add_ln100_29                             | add    | fabric   | 0       |
|       grp_fu_1409_p2                                           |     |        | add_ln100_30                             | add    | fabric   | 0       |
|       grp_fu_1415_p2                                           |     |        | add_ln89                                 | add    | fabric   | 0       |
|       grp_fu_1412_p2                                           |     |        | add_ln89_1                               | add    | fabric   | 0       |
|       grp_fu_1414_p2                                           |     |        | add_ln89_2                               | add    | fabric   | 0       |
|       grp_fu_1408_p2                                           |     |        | add_ln89_3                               | add    | fabric   | 0       |
|       grp_fu_1413_p2                                           |     |        | add_ln89_4                               | add    | fabric   | 0       |
|       grp_fu_1410_p2                                           |     |        | add_ln89_5                               | add    | fabric   | 0       |
|       grp_fu_1411_p2                                           |     |        | add_ln89_6                               | add    | fabric   | 0       |
|       grp_fu_1409_p2                                           |     |        | add_ln89_7                               | add    | fabric   | 0       |
|       grp_fu_1415_p2                                           |     |        | add_ln89_8                               | add    | fabric   | 0       |
|       grp_fu_1412_p2                                           |     |        | add_ln89_9                               | add    | fabric   | 0       |
|       grp_fu_1414_p2                                           |     |        | add_ln89_10                              | add    | fabric   | 0       |
|       grp_fu_1408_p2                                           |     |        | add_ln89_11                              | add    | fabric   | 0       |
|       grp_fu_1413_p2                                           |     |        | add_ln89_12                              | add    | fabric   | 0       |
|       grp_fu_1410_p2                                           |     |        | add_ln89_13                              | add    | fabric   | 0       |
|       grp_fu_1411_p2                                           |     |        | add_ln89_14                              | add    | fabric   | 0       |
|       grp_fu_1409_p2                                           |     |        | add_ln89_15                              | add    | fabric   | 0       |
|       grp_fu_1415_p2                                           |     |        | add_ln89_16                              | add    | fabric   | 0       |
|       grp_fu_1412_p2                                           |     |        | add_ln89_17                              | add    | fabric   | 0       |
|       grp_fu_1414_p2                                           |     |        | add_ln89_18                              | add    | fabric   | 0       |
|       grp_fu_1408_p2                                           |     |        | add_ln89_19                              | add    | fabric   | 0       |
|       grp_fu_1413_p2                                           |     |        | add_ln89_20                              | add    | fabric   | 0       |
|       grp_fu_1410_p2                                           |     |        | add_ln89_21                              | add    | fabric   | 0       |
|       grp_fu_1411_p2                                           |     |        | add_ln89_22                              | add    | fabric   | 0       |
|       grp_fu_1409_p2                                           |     |        | add_ln89_23                              | add    | fabric   | 0       |
|       grp_fu_1415_p2                                           |     |        | add_ln89_24                              | add    | fabric   | 0       |
|       grp_fu_1412_p2                                           |     |        | add_ln89_25                              | add    | fabric   | 0       |
|       grp_fu_1414_p2                                           |     |        | add_ln89_26                              | add    | fabric   | 0       |
|       grp_fu_1408_p2                                           |     |        | add_ln89_27                              | add    | fabric   | 0       |
|       grp_fu_1413_p2                                           |     |        | add_ln89_28                              | add    | fabric   | 0       |
|       grp_fu_1410_p2                                           |     |        | add_ln89_29                              | add    | fabric   | 0       |
|       grp_fu_1411_p2                                           |     |        | add_ln89_30                              | add    | fabric   | 0       |
|       grp_fu_1409_p2                                           |     |        | add_ln89_31                              | add    | fabric   | 0       |
|       grp_fu_1415_p2                                           |     |        | add_ln87                                 | add    | fabric   | 0       |
|       grp_fu_12583_p2                                          |     |        | icmp_ln87                                | seteq  | auto     | 0       |
|       b_64_fu_13773_p3                                         |     |        | b_64                                     | select | auto_sel | 0       |
|       fmul_32ns_32ns_32_5_max_dsp_1_U233                       | 3   |        | f_1                                      | fmul   | maxdsp   | 4       |
|       fadd_32ns_32ns_32_8_full_dsp_1_U225                      | 2   |        | f                                        | fadd   | fulldsp  | 7       |
|       icmp_ln97_fu_14555_p2                                    |     |        | icmp_ln97                                | setlt  | auto     | 0       |
|       xor_ln96_fu_14564_p2                                     |     |        | xor_ln96                                 | xor    | auto     | 0       |
|       or_ln95_fu_14569_p2                                      |     |        | or_ln95                                  | or     | auto     | 0       |
|       and_ln94_fu_14574_p2                                     |     |        | and_ln94                                 | and    | auto     | 0       |
|       grp_fu_2767_p2                                           |     |        | sub_ln93                                 | sub    | fabric   | 0       |
|       grp_fu_1415_p2                                           |     |        | add_ln92                                 | add    | fabric   | 0       |
|       grp_fu_1412_p2                                           |     |        | add_ln87_1                               | add    | fabric   | 0       |
|       grp_fu_12599_p2                                          |     |        | icmp_ln87_1                              | seteq  | auto     | 0       |
|       b_65_fu_13805_p3                                         |     |        | b_65                                     | select | auto_sel | 0       |
|       fmul_32ns_32ns_32_5_max_dsp_1_U234                       | 3   |        | f_2                                      | fmul   | maxdsp   | 4       |
|       fadd_32ns_32ns_32_8_full_dsp_1_U226                      | 2   |        | f_3                                      | fadd   | fulldsp  | 7       |
|       icmp_ln97_1_fu_14585_p2                                  |     |        | icmp_ln97_1                              | setlt  | auto     | 0       |
|       xor_ln96_1_fu_14594_p2                                   |     |        | xor_ln96_1                               | xor    | auto     | 0       |
|       or_ln95_1_fu_14599_p2                                    |     |        | or_ln95_1                                | or     | auto     | 0       |
|       and_ln94_1_fu_14604_p2                                   |     |        | and_ln94_1                               | and    | auto     | 0       |
|       grp_fu_2764_p2                                           |     |        | sub_ln93_1                               | sub    | fabric   | 0       |
|       grp_fu_1412_p2                                           |     |        | add_ln92_1                               | add    | fabric   | 0       |
|       grp_fu_1414_p2                                           |     |        | add_ln87_2                               | add    | fabric   | 0       |
|       grp_fu_12615_p2                                          |     |        | icmp_ln87_2                              | seteq  | auto     | 0       |
|       b_66_fu_13837_p3                                         |     |        | b_66                                     | select | auto_sel | 0       |
|       fmul_32ns_32ns_32_5_max_dsp_1_U235                       | 3   |        | f_4                                      | fmul   | maxdsp   | 4       |
|       fadd_32ns_32ns_32_8_full_dsp_1_U227                      | 2   |        | f_5                                      | fadd   | fulldsp  | 7       |
|       icmp_ln97_2_fu_14615_p2                                  |     |        | icmp_ln97_2                              | setlt  | auto     | 0       |
|       xor_ln96_2_fu_14624_p2                                   |     |        | xor_ln96_2                               | xor    | auto     | 0       |
|       or_ln95_2_fu_14629_p2                                    |     |        | or_ln95_2                                | or     | auto     | 0       |
|       and_ln94_2_fu_14634_p2                                   |     |        | and_ln94_2                               | and    | auto     | 0       |
|       grp_fu_2766_p2                                           |     |        | sub_ln93_2                               | sub    | fabric   | 0       |
|       grp_fu_1414_p2                                           |     |        | add_ln92_2                               | add    | fabric   | 0       |
|       grp_fu_1408_p2                                           |     |        | add_ln87_3                               | add    | fabric   | 0       |
|       grp_fu_12631_p2                                          |     |        | icmp_ln87_3                              | seteq  | auto     | 0       |
|       b_67_fu_13869_p3                                         |     |        | b_67                                     | select | auto_sel | 0       |
|       fmul_32ns_32ns_32_5_max_dsp_1_U236                       | 3   |        | f_6                                      | fmul   | maxdsp   | 4       |
|       fadd_32ns_32ns_32_8_full_dsp_1_U228                      | 2   |        | f_7                                      | fadd   | fulldsp  | 7       |
|       icmp_ln97_3_fu_14645_p2                                  |     |        | icmp_ln97_3                              | setlt  | auto     | 0       |
|       xor_ln96_3_fu_14654_p2                                   |     |        | xor_ln96_3                               | xor    | auto     | 0       |
|       or_ln95_3_fu_14659_p2                                    |     |        | or_ln95_3                                | or     | auto     | 0       |
|       and_ln94_3_fu_14664_p2                                   |     |        | and_ln94_3                               | and    | auto     | 0       |
|       grp_fu_2760_p2                                           |     |        | sub_ln93_3                               | sub    | fabric   | 0       |
|       grp_fu_1408_p2                                           |     |        | add_ln92_3                               | add    | fabric   | 0       |
|       grp_fu_1413_p2                                           |     |        | add_ln87_4                               | add    | fabric   | 0       |
|       grp_fu_12647_p2                                          |     |        | icmp_ln87_4                              | seteq  | auto     | 0       |
|       b_68_fu_13901_p3                                         |     |        | b_68                                     | select | auto_sel | 0       |
|       fmul_32ns_32ns_32_5_max_dsp_1_U237                       | 3   |        | f_8                                      | fmul   | maxdsp   | 4       |
|       fadd_32ns_32ns_32_8_full_dsp_1_U229                      | 2   |        | f_9                                      | fadd   | fulldsp  | 7       |
|       icmp_ln97_4_fu_14675_p2                                  |     |        | icmp_ln97_4                              | setlt  | auto     | 0       |
|       xor_ln96_4_fu_14684_p2                                   |     |        | xor_ln96_4                               | xor    | auto     | 0       |
|       or_ln95_4_fu_14689_p2                                    |     |        | or_ln95_4                                | or     | auto     | 0       |
|       and_ln94_4_fu_14694_p2                                   |     |        | and_ln94_4                               | and    | auto     | 0       |
|       grp_fu_2765_p2                                           |     |        | sub_ln93_4                               | sub    | fabric   | 0       |
|       grp_fu_1413_p2                                           |     |        | add_ln92_4                               | add    | fabric   | 0       |
|       grp_fu_1410_p2                                           |     |        | add_ln87_5                               | add    | fabric   | 0       |
|       grp_fu_12663_p2                                          |     |        | icmp_ln87_5                              | seteq  | auto     | 0       |
|       b_69_fu_13933_p3                                         |     |        | b_69                                     | select | auto_sel | 0       |
|       fmul_32ns_32ns_32_5_max_dsp_1_U233                       | 3   |        | f_10                                     | fmul   | maxdsp   | 4       |
|       fadd_32ns_32ns_32_8_full_dsp_1_U230                      | 2   |        | f_11                                     | fadd   | fulldsp  | 7       |
|       icmp_ln97_5_fu_14705_p2                                  |     |        | icmp_ln97_5                              | setlt  | auto     | 0       |
|       xor_ln96_5_fu_14714_p2                                   |     |        | xor_ln96_5                               | xor    | auto     | 0       |
|       or_ln95_5_fu_14719_p2                                    |     |        | or_ln95_5                                | or     | auto     | 0       |
|       and_ln94_5_fu_14724_p2                                   |     |        | and_ln94_5                               | and    | auto     | 0       |
|       grp_fu_2762_p2                                           |     |        | sub_ln93_5                               | sub    | fabric   | 0       |
|       grp_fu_1410_p2                                           |     |        | add_ln92_5                               | add    | fabric   | 0       |
|       grp_fu_1411_p2                                           |     |        | add_ln87_6                               | add    | fabric   | 0       |
|       grp_fu_12679_p2                                          |     |        | icmp_ln87_6                              | seteq  | auto     | 0       |
|       b_70_fu_13965_p3                                         |     |        | b_70                                     | select | auto_sel | 0       |
|       fmul_32ns_32ns_32_5_max_dsp_1_U234                       | 3   |        | f_12                                     | fmul   | maxdsp   | 4       |
|       fadd_32ns_32ns_32_8_full_dsp_1_U231                      | 2   |        | f_13                                     | fadd   | fulldsp  | 7       |
|       icmp_ln97_6_fu_14735_p2                                  |     |        | icmp_ln97_6                              | setlt  | auto     | 0       |
|       xor_ln96_6_fu_14744_p2                                   |     |        | xor_ln96_6                               | xor    | auto     | 0       |
|       or_ln95_6_fu_14749_p2                                    |     |        | or_ln95_6                                | or     | auto     | 0       |
|       and_ln94_6_fu_14754_p2                                   |     |        | and_ln94_6                               | and    | auto     | 0       |
|       grp_fu_2763_p2                                           |     |        | sub_ln93_6                               | sub    | fabric   | 0       |
|       grp_fu_1411_p2                                           |     |        | add_ln92_6                               | add    | fabric   | 0       |
|       grp_fu_1409_p2                                           |     |        | add_ln87_7                               | add    | fabric   | 0       |
|       grp_fu_12695_p2                                          |     |        | icmp_ln87_7                              | seteq  | auto     | 0       |
|       b_71_fu_13997_p3                                         |     |        | b_71                                     | select | auto_sel | 0       |
|       fmul_32ns_32ns_32_5_max_dsp_1_U235                       | 3   |        | f_14                                     | fmul   | maxdsp   | 4       |
|       fadd_32ns_32ns_32_8_full_dsp_1_U232                      | 2   |        | f_15                                     | fadd   | fulldsp  | 7       |
|       icmp_ln97_7_fu_14765_p2                                  |     |        | icmp_ln97_7                              | setlt  | auto     | 0       |
|       xor_ln96_7_fu_14774_p2                                   |     |        | xor_ln96_7                               | xor    | auto     | 0       |
|       or_ln95_7_fu_14779_p2                                    |     |        | or_ln95_7                                | or     | auto     | 0       |
|       and_ln94_7_fu_14784_p2                                   |     |        | and_ln94_7                               | and    | auto     | 0       |
|       grp_fu_2761_p2                                           |     |        | sub_ln93_7                               | sub    | fabric   | 0       |
|       grp_fu_1409_p2                                           |     |        | add_ln92_7                               | add    | fabric   | 0       |
|       grp_fu_1415_p2                                           |     |        | add_ln87_8                               | add    | fabric   | 0       |
|       grp_fu_12583_p2                                          |     |        | icmp_ln87_8                              | seteq  | auto     | 0       |
|       b_72_fu_14133_p3                                         |     |        | b_72                                     | select | auto_sel | 0       |
|       fmul_32ns_32ns_32_5_max_dsp_1_U236                       | 3   |        | f_16                                     | fmul   | maxdsp   | 4       |
|       fadd_32ns_32ns_32_8_full_dsp_1_U225                      | 2   |        | f_17                                     | fadd   | fulldsp  | 7       |
|       icmp_ln97_8_fu_14939_p2                                  |     |        | icmp_ln97_8                              | setlt  | auto     | 0       |
|       xor_ln96_8_fu_14948_p2                                   |     |        | xor_ln96_8                               | xor    | auto     | 0       |
|       or_ln95_8_fu_14953_p2                                    |     |        | or_ln95_8                                | or     | auto     | 0       |
|       and_ln94_8_fu_14958_p2                                   |     |        | and_ln94_8                               | and    | auto     | 0       |
|       grp_fu_2767_p2                                           |     |        | sub_ln93_8                               | sub    | fabric   | 0       |
|       grp_fu_1415_p2                                           |     |        | add_ln92_8                               | add    | fabric   | 0       |
|       grp_fu_1412_p2                                           |     |        | add_ln87_9                               | add    | fabric   | 0       |
|       grp_fu_12599_p2                                          |     |        | icmp_ln87_9                              | seteq  | auto     | 0       |
|       b_73_fu_14140_p3                                         |     |        | b_73                                     | select | auto_sel | 0       |
|       fmul_32ns_32ns_32_5_max_dsp_1_U237                       | 3   |        | f_18                                     | fmul   | maxdsp   | 4       |
|       fadd_32ns_32ns_32_8_full_dsp_1_U226                      | 2   |        | f_19                                     | fadd   | fulldsp  | 7       |
|       icmp_ln97_9_fu_14969_p2                                  |     |        | icmp_ln97_9                              | setlt  | auto     | 0       |
|       xor_ln96_9_fu_14978_p2                                   |     |        | xor_ln96_9                               | xor    | auto     | 0       |
|       or_ln95_9_fu_14983_p2                                    |     |        | or_ln95_9                                | or     | auto     | 0       |
|       and_ln94_9_fu_14988_p2                                   |     |        | and_ln94_9                               | and    | auto     | 0       |
|       grp_fu_2764_p2                                           |     |        | sub_ln93_9                               | sub    | fabric   | 0       |
|       grp_fu_1412_p2                                           |     |        | add_ln92_9                               | add    | fabric   | 0       |
|       grp_fu_1414_p2                                           |     |        | add_ln87_10                              | add    | fabric   | 0       |
|       grp_fu_12615_p2                                          |     |        | icmp_ln87_10                             | seteq  | auto     | 0       |
|       b_74_fu_14147_p3                                         |     |        | b_74                                     | select | auto_sel | 0       |
|       fmul_32ns_32ns_32_5_max_dsp_1_U233                       | 3   |        | f_20                                     | fmul   | maxdsp   | 4       |
|       fadd_32ns_32ns_32_8_full_dsp_1_U227                      | 2   |        | f_21                                     | fadd   | fulldsp  | 7       |
|       icmp_ln97_10_fu_14999_p2                                 |     |        | icmp_ln97_10                             | setlt  | auto     | 0       |
|       xor_ln96_10_fu_15008_p2                                  |     |        | xor_ln96_10                              | xor    | auto     | 0       |
|       or_ln95_10_fu_15013_p2                                   |     |        | or_ln95_10                               | or     | auto     | 0       |
|       and_ln94_10_fu_15018_p2                                  |     |        | and_ln94_10                              | and    | auto     | 0       |
|       grp_fu_2766_p2                                           |     |        | sub_ln93_10                              | sub    | fabric   | 0       |
|       grp_fu_1414_p2                                           |     |        | add_ln92_10                              | add    | fabric   | 0       |
|       grp_fu_1408_p2                                           |     |        | add_ln87_11                              | add    | fabric   | 0       |
|       grp_fu_12631_p2                                          |     |        | icmp_ln87_11                             | seteq  | auto     | 0       |
|       b_75_fu_14154_p3                                         |     |        | b_75                                     | select | auto_sel | 0       |
|       fmul_32ns_32ns_32_5_max_dsp_1_U234                       | 3   |        | f_22                                     | fmul   | maxdsp   | 4       |
|       fadd_32ns_32ns_32_8_full_dsp_1_U228                      | 2   |        | f_23                                     | fadd   | fulldsp  | 7       |
|       icmp_ln97_11_fu_15029_p2                                 |     |        | icmp_ln97_11                             | setlt  | auto     | 0       |
|       xor_ln96_11_fu_15038_p2                                  |     |        | xor_ln96_11                              | xor    | auto     | 0       |
|       or_ln95_11_fu_15043_p2                                   |     |        | or_ln95_11                               | or     | auto     | 0       |
|       and_ln94_11_fu_15048_p2                                  |     |        | and_ln94_11                              | and    | auto     | 0       |
|       grp_fu_2760_p2                                           |     |        | sub_ln93_11                              | sub    | fabric   | 0       |
|       grp_fu_1408_p2                                           |     |        | add_ln92_11                              | add    | fabric   | 0       |
|       grp_fu_1413_p2                                           |     |        | add_ln87_12                              | add    | fabric   | 0       |
|       grp_fu_12647_p2                                          |     |        | icmp_ln87_12                             | seteq  | auto     | 0       |
|       b_76_fu_14161_p3                                         |     |        | b_76                                     | select | auto_sel | 0       |
|       fmul_32ns_32ns_32_5_max_dsp_1_U235                       | 3   |        | f_24                                     | fmul   | maxdsp   | 4       |
|       fadd_32ns_32ns_32_8_full_dsp_1_U229                      | 2   |        | f_25                                     | fadd   | fulldsp  | 7       |
|       icmp_ln97_12_fu_15059_p2                                 |     |        | icmp_ln97_12                             | setlt  | auto     | 0       |
|       xor_ln96_12_fu_15068_p2                                  |     |        | xor_ln96_12                              | xor    | auto     | 0       |
|       or_ln95_12_fu_15073_p2                                   |     |        | or_ln95_12                               | or     | auto     | 0       |
|       and_ln94_12_fu_15078_p2                                  |     |        | and_ln94_12                              | and    | auto     | 0       |
|       grp_fu_2765_p2                                           |     |        | sub_ln93_12                              | sub    | fabric   | 0       |
|       grp_fu_1413_p2                                           |     |        | add_ln92_12                              | add    | fabric   | 0       |
|       grp_fu_1410_p2                                           |     |        | add_ln87_13                              | add    | fabric   | 0       |
|       grp_fu_12663_p2                                          |     |        | icmp_ln87_13                             | seteq  | auto     | 0       |
|       b_77_fu_14168_p3                                         |     |        | b_77                                     | select | auto_sel | 0       |
|       fmul_32ns_32ns_32_5_max_dsp_1_U236                       | 3   |        | f_26                                     | fmul   | maxdsp   | 4       |
|       fadd_32ns_32ns_32_8_full_dsp_1_U230                      | 2   |        | f_27                                     | fadd   | fulldsp  | 7       |
|       icmp_ln97_13_fu_15089_p2                                 |     |        | icmp_ln97_13                             | setlt  | auto     | 0       |
|       xor_ln96_13_fu_15098_p2                                  |     |        | xor_ln96_13                              | xor    | auto     | 0       |
|       or_ln95_13_fu_15103_p2                                   |     |        | or_ln95_13                               | or     | auto     | 0       |
|       and_ln94_13_fu_15108_p2                                  |     |        | and_ln94_13                              | and    | auto     | 0       |
|       grp_fu_2762_p2                                           |     |        | sub_ln93_13                              | sub    | fabric   | 0       |
|       grp_fu_1410_p2                                           |     |        | add_ln92_13                              | add    | fabric   | 0       |
|       grp_fu_1411_p2                                           |     |        | add_ln87_14                              | add    | fabric   | 0       |
|       grp_fu_12679_p2                                          |     |        | icmp_ln87_14                             | seteq  | auto     | 0       |
|       b_78_fu_14175_p3                                         |     |        | b_78                                     | select | auto_sel | 0       |
|       fmul_32ns_32ns_32_5_max_dsp_1_U237                       | 3   |        | f_28                                     | fmul   | maxdsp   | 4       |
|       fadd_32ns_32ns_32_8_full_dsp_1_U231                      | 2   |        | f_29                                     | fadd   | fulldsp  | 7       |
|       icmp_ln97_14_fu_15119_p2                                 |     |        | icmp_ln97_14                             | setlt  | auto     | 0       |
|       xor_ln96_14_fu_15128_p2                                  |     |        | xor_ln96_14                              | xor    | auto     | 0       |
|       or_ln95_14_fu_15133_p2                                   |     |        | or_ln95_14                               | or     | auto     | 0       |
|       and_ln94_14_fu_15138_p2                                  |     |        | and_ln94_14                              | and    | auto     | 0       |
|       grp_fu_2763_p2                                           |     |        | sub_ln93_14                              | sub    | fabric   | 0       |
|       grp_fu_1411_p2                                           |     |        | add_ln92_14                              | add    | fabric   | 0       |
|       grp_fu_1409_p2                                           |     |        | add_ln87_15                              | add    | fabric   | 0       |
|       grp_fu_12695_p2                                          |     |        | icmp_ln87_15                             | seteq  | auto     | 0       |
|       b_79_fu_14182_p3                                         |     |        | b_79                                     | select | auto_sel | 0       |
|       fmul_32ns_32ns_32_5_max_dsp_1_U233                       | 3   |        | f_30                                     | fmul   | maxdsp   | 4       |
|       fadd_32ns_32ns_32_8_full_dsp_1_U232                      | 2   |        | f_31                                     | fadd   | fulldsp  | 7       |
|       icmp_ln97_15_fu_15149_p2                                 |     |        | icmp_ln97_15                             | setlt  | auto     | 0       |
|       xor_ln96_15_fu_15158_p2                                  |     |        | xor_ln96_15                              | xor    | auto     | 0       |
|       or_ln95_15_fu_15163_p2                                   |     |        | or_ln95_15                               | or     | auto     | 0       |
|       and_ln94_15_fu_15168_p2                                  |     |        | and_ln94_15                              | and    | auto     | 0       |
|       grp_fu_2761_p2                                           |     |        | sub_ln93_15                              | sub    | fabric   | 0       |
|       grp_fu_1409_p2                                           |     |        | add_ln92_15                              | add    | fabric   | 0       |
|       grp_fu_1415_p2                                           |     |        | add_ln87_16                              | add    | fabric   | 0       |
|       grp_fu_12583_p2                                          |     |        | icmp_ln87_16                             | seteq  | auto     | 0       |
|       b_80_fu_14293_p3                                         |     |        | b_80                                     | select | auto_sel | 0       |
|       fmul_32ns_32ns_32_5_max_dsp_1_U234                       | 3   |        | f_32                                     | fmul   | maxdsp   | 4       |
|       fadd_32ns_32ns_32_8_full_dsp_1_U225                      | 2   |        | f_33                                     | fadd   | fulldsp  | 7       |
|       icmp_ln97_16_fu_15284_p2                                 |     |        | icmp_ln97_16                             | setlt  | auto     | 0       |
|       xor_ln96_16_fu_15293_p2                                  |     |        | xor_ln96_16                              | xor    | auto     | 0       |
|       or_ln95_16_fu_15298_p2                                   |     |        | or_ln95_16                               | or     | auto     | 0       |
|       and_ln94_16_fu_15303_p2                                  |     |        | and_ln94_16                              | and    | auto     | 0       |
|       grp_fu_2767_p2                                           |     |        | sub_ln93_16                              | sub    | fabric   | 0       |
|       grp_fu_1415_p2                                           |     |        | add_ln92_16                              | add    | fabric   | 0       |
|       grp_fu_1412_p2                                           |     |        | add_ln87_17                              | add    | fabric   | 0       |
|       grp_fu_12599_p2                                          |     |        | icmp_ln87_17                             | seteq  | auto     | 0       |
|       b_81_fu_14300_p3                                         |     |        | b_81                                     | select | auto_sel | 0       |
|       fmul_32ns_32ns_32_5_max_dsp_1_U235                       | 3   |        | f_34                                     | fmul   | maxdsp   | 4       |
|       fadd_32ns_32ns_32_8_full_dsp_1_U226                      | 2   |        | f_35                                     | fadd   | fulldsp  | 7       |
|       icmp_ln97_17_fu_15314_p2                                 |     |        | icmp_ln97_17                             | setlt  | auto     | 0       |
|       xor_ln96_17_fu_15323_p2                                  |     |        | xor_ln96_17                              | xor    | auto     | 0       |
|       or_ln95_17_fu_15328_p2                                   |     |        | or_ln95_17                               | or     | auto     | 0       |
|       and_ln94_17_fu_15333_p2                                  |     |        | and_ln94_17                              | and    | auto     | 0       |
|       grp_fu_2764_p2                                           |     |        | sub_ln93_17                              | sub    | fabric   | 0       |
|       grp_fu_1412_p2                                           |     |        | add_ln92_17                              | add    | fabric   | 0       |
|       grp_fu_1414_p2                                           |     |        | add_ln87_18                              | add    | fabric   | 0       |
|       grp_fu_12615_p2                                          |     |        | icmp_ln87_18                             | seteq  | auto     | 0       |
|       b_82_fu_14307_p3                                         |     |        | b_82                                     | select | auto_sel | 0       |
|       fmul_32ns_32ns_32_5_max_dsp_1_U236                       | 3   |        | f_36                                     | fmul   | maxdsp   | 4       |
|       fadd_32ns_32ns_32_8_full_dsp_1_U227                      | 2   |        | f_37                                     | fadd   | fulldsp  | 7       |
|       icmp_ln97_18_fu_15344_p2                                 |     |        | icmp_ln97_18                             | setlt  | auto     | 0       |
|       xor_ln96_18_fu_15353_p2                                  |     |        | xor_ln96_18                              | xor    | auto     | 0       |
|       or_ln95_18_fu_15358_p2                                   |     |        | or_ln95_18                               | or     | auto     | 0       |
|       and_ln94_18_fu_15363_p2                                  |     |        | and_ln94_18                              | and    | auto     | 0       |
|       grp_fu_2766_p2                                           |     |        | sub_ln93_18                              | sub    | fabric   | 0       |
|       grp_fu_1414_p2                                           |     |        | add_ln92_18                              | add    | fabric   | 0       |
|       grp_fu_1408_p2                                           |     |        | add_ln87_19                              | add    | fabric   | 0       |
|       grp_fu_12631_p2                                          |     |        | icmp_ln87_19                             | seteq  | auto     | 0       |
|       b_83_fu_14314_p3                                         |     |        | b_83                                     | select | auto_sel | 0       |
|       fmul_32ns_32ns_32_5_max_dsp_1_U237                       | 3   |        | f_38                                     | fmul   | maxdsp   | 4       |
|       fadd_32ns_32ns_32_8_full_dsp_1_U228                      | 2   |        | f_39                                     | fadd   | fulldsp  | 7       |
|       icmp_ln97_19_fu_15374_p2                                 |     |        | icmp_ln97_19                             | setlt  | auto     | 0       |
|       xor_ln96_19_fu_15383_p2                                  |     |        | xor_ln96_19                              | xor    | auto     | 0       |
|       or_ln95_19_fu_15388_p2                                   |     |        | or_ln95_19                               | or     | auto     | 0       |
|       and_ln94_19_fu_15393_p2                                  |     |        | and_ln94_19                              | and    | auto     | 0       |
|       grp_fu_2760_p2                                           |     |        | sub_ln93_19                              | sub    | fabric   | 0       |
|       grp_fu_1408_p2                                           |     |        | add_ln92_19                              | add    | fabric   | 0       |
|       grp_fu_1413_p2                                           |     |        | add_ln87_20                              | add    | fabric   | 0       |
|       grp_fu_12647_p2                                          |     |        | icmp_ln87_20                             | seteq  | auto     | 0       |
|       b_84_fu_14321_p3                                         |     |        | b_84                                     | select | auto_sel | 0       |
|       fmul_32ns_32ns_32_5_max_dsp_1_U233                       | 3   |        | f_40                                     | fmul   | maxdsp   | 4       |
|       fadd_32ns_32ns_32_8_full_dsp_1_U229                      | 2   |        | f_41                                     | fadd   | fulldsp  | 7       |
|       icmp_ln97_20_fu_15404_p2                                 |     |        | icmp_ln97_20                             | setlt  | auto     | 0       |
|       xor_ln96_20_fu_15413_p2                                  |     |        | xor_ln96_20                              | xor    | auto     | 0       |
|       or_ln95_20_fu_15418_p2                                   |     |        | or_ln95_20                               | or     | auto     | 0       |
|       and_ln94_20_fu_15423_p2                                  |     |        | and_ln94_20                              | and    | auto     | 0       |
|       grp_fu_2765_p2                                           |     |        | sub_ln93_20                              | sub    | fabric   | 0       |
|       grp_fu_1413_p2                                           |     |        | add_ln92_20                              | add    | fabric   | 0       |
|       grp_fu_1410_p2                                           |     |        | add_ln87_21                              | add    | fabric   | 0       |
|       grp_fu_12663_p2                                          |     |        | icmp_ln87_21                             | seteq  | auto     | 0       |
|       b_85_fu_14328_p3                                         |     |        | b_85                                     | select | auto_sel | 0       |
|       fmul_32ns_32ns_32_5_max_dsp_1_U234                       | 3   |        | f_42                                     | fmul   | maxdsp   | 4       |
|       fadd_32ns_32ns_32_8_full_dsp_1_U230                      | 2   |        | f_43                                     | fadd   | fulldsp  | 7       |
|       icmp_ln97_21_fu_15434_p2                                 |     |        | icmp_ln97_21                             | setlt  | auto     | 0       |
|       xor_ln96_21_fu_15443_p2                                  |     |        | xor_ln96_21                              | xor    | auto     | 0       |
|       or_ln95_21_fu_15448_p2                                   |     |        | or_ln95_21                               | or     | auto     | 0       |
|       and_ln94_21_fu_15453_p2                                  |     |        | and_ln94_21                              | and    | auto     | 0       |
|       grp_fu_2762_p2                                           |     |        | sub_ln93_21                              | sub    | fabric   | 0       |
|       grp_fu_1410_p2                                           |     |        | add_ln92_21                              | add    | fabric   | 0       |
|       grp_fu_1411_p2                                           |     |        | add_ln87_22                              | add    | fabric   | 0       |
|       grp_fu_12679_p2                                          |     |        | icmp_ln87_22                             | seteq  | auto     | 0       |
|       b_86_fu_14335_p3                                         |     |        | b_86                                     | select | auto_sel | 0       |
|       fmul_32ns_32ns_32_5_max_dsp_1_U235                       | 3   |        | f_44                                     | fmul   | maxdsp   | 4       |
|       fadd_32ns_32ns_32_8_full_dsp_1_U231                      | 2   |        | f_45                                     | fadd   | fulldsp  | 7       |
|       icmp_ln97_22_fu_15464_p2                                 |     |        | icmp_ln97_22                             | setlt  | auto     | 0       |
|       xor_ln96_22_fu_15473_p2                                  |     |        | xor_ln96_22                              | xor    | auto     | 0       |
|       or_ln95_22_fu_15478_p2                                   |     |        | or_ln95_22                               | or     | auto     | 0       |
|       and_ln94_22_fu_15483_p2                                  |     |        | and_ln94_22                              | and    | auto     | 0       |
|       grp_fu_2763_p2                                           |     |        | sub_ln93_22                              | sub    | fabric   | 0       |
|       grp_fu_1411_p2                                           |     |        | add_ln92_22                              | add    | fabric   | 0       |
|       grp_fu_1409_p2                                           |     |        | add_ln87_23                              | add    | fabric   | 0       |
|       grp_fu_12695_p2                                          |     |        | icmp_ln87_23                             | seteq  | auto     | 0       |
|       b_87_fu_14342_p3                                         |     |        | b_87                                     | select | auto_sel | 0       |
|       fmul_32ns_32ns_32_5_max_dsp_1_U236                       | 3   |        | f_46                                     | fmul   | maxdsp   | 4       |
|       fadd_32ns_32ns_32_8_full_dsp_1_U232                      | 2   |        | f_47                                     | fadd   | fulldsp  | 7       |
|       icmp_ln97_23_fu_15494_p2                                 |     |        | icmp_ln97_23                             | setlt  | auto     | 0       |
|       xor_ln96_23_fu_15503_p2                                  |     |        | xor_ln96_23                              | xor    | auto     | 0       |
|       or_ln95_23_fu_15508_p2                                   |     |        | or_ln95_23                               | or     | auto     | 0       |
|       and_ln94_23_fu_15513_p2                                  |     |        | and_ln94_23                              | and    | auto     | 0       |
|       grp_fu_2761_p2                                           |     |        | sub_ln93_23                              | sub    | fabric   | 0       |
|       grp_fu_1409_p2                                           |     |        | add_ln92_23                              | add    | fabric   | 0       |
|       grp_fu_1415_p2                                           |     |        | add_ln87_24                              | add    | fabric   | 0       |
|       grp_fu_12583_p2                                          |     |        | icmp_ln87_24                             | seteq  | auto     | 0       |
|       b_88_fu_14453_p3                                         |     |        | b_88                                     | select | auto_sel | 0       |
|       fmul_32ns_32ns_32_5_max_dsp_1_U237                       | 3   |        | f_48                                     | fmul   | maxdsp   | 4       |
|       fadd_32ns_32ns_32_8_full_dsp_1_U225                      | 2   |        | f_49                                     | fadd   | fulldsp  | 7       |
|       icmp_ln97_24_fu_15629_p2                                 |     |        | icmp_ln97_24                             | setlt  | auto     | 0       |
|       xor_ln96_24_fu_15638_p2                                  |     |        | xor_ln96_24                              | xor    | auto     | 0       |
|       or_ln95_24_fu_15643_p2                                   |     |        | or_ln95_24                               | or     | auto     | 0       |
|       and_ln94_24_fu_15648_p2                                  |     |        | and_ln94_24                              | and    | auto     | 0       |
|       grp_fu_2767_p2                                           |     |        | sub_ln93_24                              | sub    | fabric   | 0       |
|       grp_fu_1415_p2                                           |     |        | add_ln92_24                              | add    | fabric   | 0       |
|       grp_fu_1412_p2                                           |     |        | add_ln87_25                              | add    | fabric   | 0       |
|       grp_fu_12599_p2                                          |     |        | icmp_ln87_25                             | seteq  | auto     | 0       |
|       b_89_fu_14460_p3                                         |     |        | b_89                                     | select | auto_sel | 0       |
|       fmul_32ns_32ns_32_5_max_dsp_1_U233                       | 3   |        | f_50                                     | fmul   | maxdsp   | 4       |
|       fadd_32ns_32ns_32_8_full_dsp_1_U226                      | 2   |        | f_51                                     | fadd   | fulldsp  | 7       |
|       icmp_ln97_25_fu_15659_p2                                 |     |        | icmp_ln97_25                             | setlt  | auto     | 0       |
|       xor_ln96_25_fu_15668_p2                                  |     |        | xor_ln96_25                              | xor    | auto     | 0       |
|       or_ln95_25_fu_15673_p2                                   |     |        | or_ln95_25                               | or     | auto     | 0       |
|       and_ln94_25_fu_15678_p2                                  |     |        | and_ln94_25                              | and    | auto     | 0       |
|       grp_fu_2764_p2                                           |     |        | sub_ln93_25                              | sub    | fabric   | 0       |
|       grp_fu_1412_p2                                           |     |        | add_ln92_25                              | add    | fabric   | 0       |
|       grp_fu_1414_p2                                           |     |        | add_ln87_26                              | add    | fabric   | 0       |
|       grp_fu_12615_p2                                          |     |        | icmp_ln87_26                             | seteq  | auto     | 0       |
|       b_90_fu_14467_p3                                         |     |        | b_90                                     | select | auto_sel | 0       |
|       fmul_32ns_32ns_32_5_max_dsp_1_U234                       | 3   |        | f_52                                     | fmul   | maxdsp   | 4       |
|       fadd_32ns_32ns_32_8_full_dsp_1_U227                      | 2   |        | f_53                                     | fadd   | fulldsp  | 7       |
|       icmp_ln97_26_fu_15689_p2                                 |     |        | icmp_ln97_26                             | setlt  | auto     | 0       |
|       xor_ln96_26_fu_15698_p2                                  |     |        | xor_ln96_26                              | xor    | auto     | 0       |
|       or_ln95_26_fu_15703_p2                                   |     |        | or_ln95_26                               | or     | auto     | 0       |
|       and_ln94_26_fu_15708_p2                                  |     |        | and_ln94_26                              | and    | auto     | 0       |
|       grp_fu_2766_p2                                           |     |        | sub_ln93_26                              | sub    | fabric   | 0       |
|       grp_fu_1414_p2                                           |     |        | add_ln92_26                              | add    | fabric   | 0       |
|       grp_fu_1408_p2                                           |     |        | add_ln87_27                              | add    | fabric   | 0       |
|       grp_fu_12631_p2                                          |     |        | icmp_ln87_27                             | seteq  | auto     | 0       |
|       b_91_fu_14474_p3                                         |     |        | b_91                                     | select | auto_sel | 0       |
|       fmul_32ns_32ns_32_5_max_dsp_1_U235                       | 3   |        | f_54                                     | fmul   | maxdsp   | 4       |
|       fadd_32ns_32ns_32_8_full_dsp_1_U228                      | 2   |        | f_55                                     | fadd   | fulldsp  | 7       |
|       icmp_ln97_27_fu_15719_p2                                 |     |        | icmp_ln97_27                             | setlt  | auto     | 0       |
|       xor_ln96_27_fu_15728_p2                                  |     |        | xor_ln96_27                              | xor    | auto     | 0       |
|       or_ln95_27_fu_15733_p2                                   |     |        | or_ln95_27                               | or     | auto     | 0       |
|       and_ln94_27_fu_15738_p2                                  |     |        | and_ln94_27                              | and    | auto     | 0       |
|       grp_fu_2760_p2                                           |     |        | sub_ln93_27                              | sub    | fabric   | 0       |
|       grp_fu_1408_p2                                           |     |        | add_ln92_27                              | add    | fabric   | 0       |
|       grp_fu_1413_p2                                           |     |        | add_ln87_28                              | add    | fabric   | 0       |
|       grp_fu_12647_p2                                          |     |        | icmp_ln87_28                             | seteq  | auto     | 0       |
|       b_92_fu_14481_p3                                         |     |        | b_92                                     | select | auto_sel | 0       |
|       fmul_32ns_32ns_32_5_max_dsp_1_U236                       | 3   |        | f_56                                     | fmul   | maxdsp   | 4       |
|       fadd_32ns_32ns_32_8_full_dsp_1_U229                      | 2   |        | f_57                                     | fadd   | fulldsp  | 7       |
|       icmp_ln97_28_fu_15749_p2                                 |     |        | icmp_ln97_28                             | setlt  | auto     | 0       |
|       xor_ln96_28_fu_15758_p2                                  |     |        | xor_ln96_28                              | xor    | auto     | 0       |
|       or_ln95_28_fu_15763_p2                                   |     |        | or_ln95_28                               | or     | auto     | 0       |
|       and_ln94_28_fu_15768_p2                                  |     |        | and_ln94_28                              | and    | auto     | 0       |
|       grp_fu_2765_p2                                           |     |        | sub_ln93_28                              | sub    | fabric   | 0       |
|       grp_fu_1413_p2                                           |     |        | add_ln92_28                              | add    | fabric   | 0       |
|       grp_fu_1410_p2                                           |     |        | add_ln87_29                              | add    | fabric   | 0       |
|       grp_fu_12663_p2                                          |     |        | icmp_ln87_29                             | seteq  | auto     | 0       |
|       b_93_fu_14488_p3                                         |     |        | b_93                                     | select | auto_sel | 0       |
|       fmul_32ns_32ns_32_5_max_dsp_1_U237                       | 3   |        | f_58                                     | fmul   | maxdsp   | 4       |
|       fadd_32ns_32ns_32_8_full_dsp_1_U230                      | 2   |        | f_59                                     | fadd   | fulldsp  | 7       |
|       icmp_ln97_29_fu_15779_p2                                 |     |        | icmp_ln97_29                             | setlt  | auto     | 0       |
|       xor_ln96_29_fu_15788_p2                                  |     |        | xor_ln96_29                              | xor    | auto     | 0       |
|       or_ln95_29_fu_15793_p2                                   |     |        | or_ln95_29                               | or     | auto     | 0       |
|       and_ln94_29_fu_15798_p2                                  |     |        | and_ln94_29                              | and    | auto     | 0       |
|       grp_fu_2762_p2                                           |     |        | sub_ln93_29                              | sub    | fabric   | 0       |
|       grp_fu_1410_p2                                           |     |        | add_ln92_29                              | add    | fabric   | 0       |
|       grp_fu_1411_p2                                           |     |        | add_ln87_30                              | add    | fabric   | 0       |
|       grp_fu_12679_p2                                          |     |        | icmp_ln87_30                             | seteq  | auto     | 0       |
|       b_94_fu_14495_p3                                         |     |        | b_94                                     | select | auto_sel | 0       |
|       fmul_32ns_32ns_32_5_max_dsp_1_U233                       | 3   |        | f_60                                     | fmul   | maxdsp   | 4       |
|       fadd_32ns_32ns_32_8_full_dsp_1_U231                      | 2   |        | f_61                                     | fadd   | fulldsp  | 7       |
|       icmp_ln97_30_fu_15817_p2                                 |     |        | icmp_ln97_30                             | setlt  | auto     | 0       |
|       xor_ln96_30_fu_15826_p2                                  |     |        | xor_ln96_30                              | xor    | auto     | 0       |
|       or_ln95_30_fu_15831_p2                                   |     |        | or_ln95_30                               | or     | auto     | 0       |
|       and_ln94_30_fu_15836_p2                                  |     |        | and_ln94_30                              | and    | auto     | 0       |
|       grp_fu_2763_p2                                           |     |        | sub_ln93_30                              | sub    | fabric   | 0       |
|       grp_fu_1411_p2                                           |     |        | add_ln92_30                              | add    | fabric   | 0       |
|       grp_fu_1409_p2                                           |     |        | add_ln87_31                              | add    | fabric   | 0       |
|       grp_fu_12695_p2                                          |     |        | icmp_ln87_31                             | seteq  | auto     | 0       |
|       b_95_fu_14502_p3                                         |     |        | b_95                                     | select | auto_sel | 0       |
|       fmul_32ns_32ns_32_5_max_dsp_1_U234                       | 3   |        | f_62                                     | fmul   | maxdsp   | 4       |
|       fadd_32ns_32ns_32_8_full_dsp_1_U232                      | 2   |        | f_63                                     | fadd   | fulldsp  | 7       |
|       icmp_ln97_31_fu_15855_p2                                 |     |        | icmp_ln97_31                             | setlt  | auto     | 0       |
|       xor_ln96_31_fu_15864_p2                                  |     |        | xor_ln96_31                              | xor    | auto     | 0       |
|       or_ln95_31_fu_15869_p2                                   |     |        | or_ln95_31                               | or     | auto     | 0       |
|       and_ln94_31_fu_15874_p2                                  |     |        | and_ln94_31                              | and    | auto     | 0       |
|       grp_fu_2761_p2                                           |     |        | sub_ln93_31                              | sub    | fabric   | 0       |
|       grp_fu_1409_p2                                           |     |        | add_ln92_31                              | add    | fabric   | 0       |
|   + compute_pipeline_5                                         | 31  |        |                                          |        |          |         |
|    + executeOneWarp_110 (grp_executeOneWarp_110_fu_725)        | 31  |        |                                          |        |          |         |
|      icmp_ln238_fu_2563_p2                                     |     |        | icmp_ln238                               | setlt  | auto     | 0       |
|      icmp_ln240_fu_2578_p2                                     |     |        | icmp_ln240                               | seteq  | auto     | 0       |
|      and_ln238_fu_2584_p2                                      |     |        | and_ln238                                | and    | auto     | 0       |
|      add_ln242_fu_2594_p2                                      |     |        | add_ln242                                | add    | fabric   | 0       |
|      icmp_ln246_fu_2634_p2                                     |     |        | icmp_ln246                               | seteq  | auto     | 0       |
|      instr_count_10_fu_2639_p2                                 |     |        | instr_count_10                           | add    | fabric   | 0       |
|      icmp_ln152_fu_2654_p2                                     |     |        | icmp_ln152                               | seteq  | auto     | 0       |
|      simt_sp_2_fu_2660_p2                                      |     |        | simt_sp_2                                | add    | fabric   | 0       |
|      simt_active_mask_2_fu_3577_p2                             |     |        | simt_active_mask_2                       | or     | auto     | 0       |
|      st_resume_pc_fu_2698_p2                                   |     |        | st_resume_pc                             | add    | fabric   | 0       |
|      add_ln174_fu_2762_p2                                      |     |        | add_ln174                                | add    | fabric   | 0       |
|      add_ln174_33_fu_2771_p2                                   |     |        | add_ln174_33                             | add    | fabric   | 0       |
|      add_ln174_34_fu_2780_p2                                   |     |        | add_ln174_34                             | add    | fabric   | 0       |
|      add_ln174_35_fu_2789_p2                                   |     |        | add_ln174_35                             | add    | fabric   | 0       |
|      add_ln174_36_fu_2798_p2                                   |     |        | add_ln174_36                             | add    | fabric   | 0       |
|      add_ln174_37_fu_2807_p2                                   |     |        | add_ln174_37                             | add    | fabric   | 0       |
|      add_ln174_38_fu_2816_p2                                   |     |        | add_ln174_38                             | add    | fabric   | 0       |
|      add_ln174_39_fu_2825_p2                                   |     |        | add_ln174_39                             | add    | fabric   | 0       |
|      add_ln174_40_fu_2834_p2                                   |     |        | add_ln174_40                             | add    | fabric   | 0       |
|      add_ln174_41_fu_2843_p2                                   |     |        | add_ln174_41                             | add    | fabric   | 0       |
|      add_ln174_42_fu_2852_p2                                   |     |        | add_ln174_42                             | add    | fabric   | 0       |
|      add_ln174_43_fu_2861_p2                                   |     |        | add_ln174_43                             | add    | fabric   | 0       |
|      add_ln174_44_fu_2870_p2                                   |     |        | add_ln174_44                             | add    | fabric   | 0       |
|      add_ln174_45_fu_2879_p2                                   |     |        | add_ln174_45                             | add    | fabric   | 0       |
|      add_ln174_46_fu_2888_p2                                   |     |        | add_ln174_46                             | add    | fabric   | 0       |
|      add_ln174_47_fu_2897_p2                                   |     |        | add_ln174_47                             | add    | fabric   | 0       |
|      add_ln174_48_fu_2906_p2                                   |     |        | add_ln174_48                             | add    | fabric   | 0       |
|      add_ln174_49_fu_2915_p2                                   |     |        | add_ln174_49                             | add    | fabric   | 0       |
|      add_ln174_50_fu_2924_p2                                   |     |        | add_ln174_50                             | add    | fabric   | 0       |
|      add_ln174_51_fu_2933_p2                                   |     |        | add_ln174_51                             | add    | fabric   | 0       |
|      add_ln174_52_fu_2942_p2                                   |     |        | add_ln174_52                             | add    | fabric   | 0       |
|      add_ln174_53_fu_2951_p2                                   |     |        | add_ln174_53                             | add    | fabric   | 0       |
|      add_ln174_54_fu_2960_p2                                   |     |        | add_ln174_54                             | add    | fabric   | 0       |
|      add_ln174_55_fu_2969_p2                                   |     |        | add_ln174_55                             | add    | fabric   | 0       |
|      add_ln174_56_fu_2978_p2                                   |     |        | add_ln174_56                             | add    | fabric   | 0       |
|      add_ln174_57_fu_2987_p2                                   |     |        | add_ln174_57                             | add    | fabric   | 0       |
|      add_ln174_58_fu_2996_p2                                   |     |        | add_ln174_58                             | add    | fabric   | 0       |
|      add_ln174_59_fu_3005_p2                                   |     |        | add_ln174_59                             | add    | fabric   | 0       |
|      add_ln174_60_fu_3014_p2                                   |     |        | add_ln174_60                             | add    | fabric   | 0       |
|      add_ln174_61_fu_3023_p2                                   |     |        | add_ln174_61                             | add    | fabric   | 0       |
|      add_ln174_62_fu_3032_p2                                   |     |        | add_ln174_62                             | add    | fabric   | 0       |
|      add_ln174_63_fu_3587_p2                                   |     |        | add_ln174_63                             | add    | fabric   | 0       |
|      req_is_write_fu_3596_p2                                   |     |        | req_is_write                             | seteq  | auto     | 0       |
|      add_ln182_fu_3041_p2                                      |     |        | add_ln182                                | add    | fabric   | 0       |
|      add_ln182_1_fu_3050_p2                                    |     |        | add_ln182_1                              | add    | fabric   | 0       |
|      add_ln182_2_fu_3059_p2                                    |     |        | add_ln182_2                              | add    | fabric   | 0       |
|      add_ln182_3_fu_3068_p2                                    |     |        | add_ln182_3                              | add    | fabric   | 0       |
|      add_ln182_4_fu_3077_p2                                    |     |        | add_ln182_4                              | add    | fabric   | 0       |
|      add_ln182_5_fu_3086_p2                                    |     |        | add_ln182_5                              | add    | fabric   | 0       |
|      add_ln182_6_fu_3095_p2                                    |     |        | add_ln182_6                              | add    | fabric   | 0       |
|      add_ln182_7_fu_3104_p2                                    |     |        | add_ln182_7                              | add    | fabric   | 0       |
|      add_ln182_8_fu_3113_p2                                    |     |        | add_ln182_8                              | add    | fabric   | 0       |
|      add_ln182_9_fu_3122_p2                                    |     |        | add_ln182_9                              | add    | fabric   | 0       |
|      add_ln182_10_fu_3131_p2                                   |     |        | add_ln182_10                             | add    | fabric   | 0       |
|      add_ln182_11_fu_3140_p2                                   |     |        | add_ln182_11                             | add    | fabric   | 0       |
|      add_ln182_12_fu_3149_p2                                   |     |        | add_ln182_12                             | add    | fabric   | 0       |
|      add_ln182_13_fu_3158_p2                                   |     |        | add_ln182_13                             | add    | fabric   | 0       |
|      add_ln182_14_fu_3167_p2                                   |     |        | add_ln182_14                             | add    | fabric   | 0       |
|      add_ln182_15_fu_3176_p2                                   |     |        | add_ln182_15                             | add    | fabric   | 0       |
|      add_ln182_16_fu_3185_p2                                   |     |        | add_ln182_16                             | add    | fabric   | 0       |
|      add_ln182_17_fu_3194_p2                                   |     |        | add_ln182_17                             | add    | fabric   | 0       |
|      add_ln182_18_fu_3203_p2                                   |     |        | add_ln182_18                             | add    | fabric   | 0       |
|      add_ln182_19_fu_3212_p2                                   |     |        | add_ln182_19                             | add    | fabric   | 0       |
|      add_ln182_20_fu_3221_p2                                   |     |        | add_ln182_20                             | add    | fabric   | 0       |
|      add_ln182_21_fu_3230_p2                                   |     |        | add_ln182_21                             | add    | fabric   | 0       |
|      add_ln182_22_fu_3239_p2                                   |     |        | add_ln182_22                             | add    | fabric   | 0       |
|      add_ln182_23_fu_3248_p2                                   |     |        | add_ln182_23                             | add    | fabric   | 0       |
|      add_ln182_24_fu_3257_p2                                   |     |        | add_ln182_24                             | add    | fabric   | 0       |
|      add_ln182_25_fu_3266_p2                                   |     |        | add_ln182_25                             | add    | fabric   | 0       |
|      add_ln182_26_fu_3275_p2                                   |     |        | add_ln182_26                             | add    | fabric   | 0       |
|      add_ln182_27_fu_3284_p2                                   |     |        | add_ln182_27                             | add    | fabric   | 0       |
|      add_ln182_28_fu_3293_p2                                   |     |        | add_ln182_28                             | add    | fabric   | 0       |
|      add_ln182_29_fu_3302_p2                                   |     |        | add_ln182_29                             | add    | fabric   | 0       |
|      add_ln182_30_fu_3311_p2                                   |     |        | add_ln182_30                             | add    | fabric   | 0       |
|      add_ln182_31_fu_3601_p2                                   |     |        | add_ln182_31                             | add    | fabric   | 0       |
|      icmp_ln187_fu_3610_p2                                     |     |        | icmp_ln187                               | seteq  | auto     | 0       |
|      add_ln188_fu_3615_p2                                      |     |        | add_ln188                                | add    | fabric   | 0       |
|      add_ln188_1_fu_3640_p2                                    |     |        | add_ln188_1                              | add    | fabric   | 0       |
|      add_ln188_2_fu_3673_p2                                    |     |        | add_ln188_2                              | add    | fabric   | 0       |
|      add_ln188_3_fu_3706_p2                                    |     |        | add_ln188_3                              | add    | fabric   | 0       |
|      add_ln188_4_fu_3739_p2                                    |     |        | add_ln188_4                              | add    | fabric   | 0       |
|      add_ln188_5_fu_3772_p2                                    |     |        | add_ln188_5                              | add    | fabric   | 0       |
|      add_ln188_6_fu_3805_p2                                    |     |        | add_ln188_6                              | add    | fabric   | 0       |
|      add_ln188_7_fu_3856_p2                                    |     |        | add_ln188_7                              | add    | fabric   | 0       |
|      add_ln188_8_fu_3889_p2                                    |     |        | add_ln188_8                              | add    | fabric   | 0       |
|      add_ln188_9_fu_3922_p2                                    |     |        | add_ln188_9                              | add    | fabric   | 0       |
|      add_ln188_10_fu_3955_p2                                   |     |        | add_ln188_10                             | add    | fabric   | 0       |
|      add_ln188_11_fu_3988_p2                                   |     |        | add_ln188_11                             | add    | fabric   | 0       |
|      add_ln188_12_fu_4021_p2                                   |     |        | add_ln188_12                             | add    | fabric   | 0       |
|      add_ln188_13_fu_4054_p2                                   |     |        | add_ln188_13                             | add    | fabric   | 0       |
|      add_ln188_14_fu_4087_p2                                   |     |        | add_ln188_14                             | add    | fabric   | 0       |
|      add_ln188_15_fu_4120_p2                                   |     |        | add_ln188_15                             | add    | fabric   | 0       |
|      add_ln188_16_fu_4153_p2                                   |     |        | add_ln188_16                             | add    | fabric   | 0       |
|      add_ln188_17_fu_4186_p2                                   |     |        | add_ln188_17                             | add    | fabric   | 0       |
|      add_ln188_18_fu_4219_p2                                   |     |        | add_ln188_18                             | add    | fabric   | 0       |
|      add_ln188_19_fu_4252_p2                                   |     |        | add_ln188_19                             | add    | fabric   | 0       |
|      add_ln188_20_fu_4285_p2                                   |     |        | add_ln188_20                             | add    | fabric   | 0       |
|      add_ln188_21_fu_4318_p2                                   |     |        | add_ln188_21                             | add    | fabric   | 0       |
|      add_ln188_22_fu_4351_p2                                   |     |        | add_ln188_22                             | add    | fabric   | 0       |
|      add_ln188_23_fu_4384_p2                                   |     |        | add_ln188_23                             | add    | fabric   | 0       |
|      add_ln188_24_fu_4417_p2                                   |     |        | add_ln188_24                             | add    | fabric   | 0       |
|      add_ln188_25_fu_4450_p2                                   |     |        | add_ln188_25                             | add    | fabric   | 0       |
|      add_ln188_26_fu_4459_p2                                   |     |        | add_ln188_26                             | add    | fabric   | 0       |
|      add_ln188_27_fu_4468_p2                                   |     |        | add_ln188_27                             | add    | fabric   | 0       |
|      add_ln188_28_fu_4477_p2                                   |     |        | add_ln188_28                             | add    | fabric   | 0       |
|      add_ln188_29_fu_4486_p2                                   |     |        | add_ln188_29                             | add    | fabric   | 0       |
|      add_ln188_30_fu_4495_p2                                   |     |        | add_ln188_30                             | add    | fabric   | 0       |
|      add_ln188_31_fu_4504_p2                                   |     |        | add_ln188_31                             | add    | fabric   | 0       |
|      addr_fu_3649_p2                                           |     |        | addr                                     | add    | fabric   | 0       |
|      req_write_data_fu_3653_p3                                 |     |        | req_write_data                           | select | auto_sel | 0       |
|      addr_32_fu_3682_p2                                        |     |        | addr_32                                  | add    | fabric   | 0       |
|      req_write_data_1_fu_3686_p3                               |     |        | req_write_data_1                         | select | auto_sel | 0       |
|      addr_33_fu_3715_p2                                        |     |        | addr_33                                  | add    | fabric   | 0       |
|      req_write_data_2_fu_3719_p3                               |     |        | req_write_data_2                         | select | auto_sel | 0       |
|      addr_34_fu_3748_p2                                        |     |        | addr_34                                  | add    | fabric   | 0       |
|      req_write_data_3_fu_3752_p3                               |     |        | req_write_data_3                         | select | auto_sel | 0       |
|      addr_35_fu_3781_p2                                        |     |        | addr_35                                  | add    | fabric   | 0       |
|      req_write_data_4_fu_3785_p3                               |     |        | req_write_data_4                         | select | auto_sel | 0       |
|      addr_36_fu_3814_p2                                        |     |        | addr_36                                  | add    | fabric   | 0       |
|      req_write_data_5_fu_3818_p3                               |     |        | req_write_data_5                         | select | auto_sel | 0       |
|      addr_37_fu_3865_p2                                        |     |        | addr_37                                  | add    | fabric   | 0       |
|      req_write_data_6_fu_3869_p3                               |     |        | req_write_data_6                         | select | auto_sel | 0       |
|      addr_38_fu_3898_p2                                        |     |        | addr_38                                  | add    | fabric   | 0       |
|      req_write_data_7_fu_3902_p3                               |     |        | req_write_data_7                         | select | auto_sel | 0       |
|      addr_39_fu_3931_p2                                        |     |        | addr_39                                  | add    | fabric   | 0       |
|      req_write_data_8_fu_3935_p3                               |     |        | req_write_data_8                         | select | auto_sel | 0       |
|      addr_40_fu_3964_p2                                        |     |        | addr_40                                  | add    | fabric   | 0       |
|      req_write_data_9_fu_3968_p3                               |     |        | req_write_data_9                         | select | auto_sel | 0       |
|      addr_41_fu_3997_p2                                        |     |        | addr_41                                  | add    | fabric   | 0       |
|      req_write_data_10_fu_4001_p3                              |     |        | req_write_data_10                        | select | auto_sel | 0       |
|      addr_42_fu_4030_p2                                        |     |        | addr_42                                  | add    | fabric   | 0       |
|      req_write_data_11_fu_4034_p3                              |     |        | req_write_data_11                        | select | auto_sel | 0       |
|      addr_43_fu_4063_p2                                        |     |        | addr_43                                  | add    | fabric   | 0       |
|      req_write_data_12_fu_4067_p3                              |     |        | req_write_data_12                        | select | auto_sel | 0       |
|      addr_44_fu_4096_p2                                        |     |        | addr_44                                  | add    | fabric   | 0       |
|      req_write_data_13_fu_4100_p3                              |     |        | req_write_data_13                        | select | auto_sel | 0       |
|      addr_45_fu_4129_p2                                        |     |        | addr_45                                  | add    | fabric   | 0       |
|      req_write_data_14_fu_4133_p3                              |     |        | req_write_data_14                        | select | auto_sel | 0       |
|      addr_46_fu_4162_p2                                        |     |        | addr_46                                  | add    | fabric   | 0       |
|      req_write_data_15_fu_4166_p3                              |     |        | req_write_data_15                        | select | auto_sel | 0       |
|      addr_47_fu_4195_p2                                        |     |        | addr_47                                  | add    | fabric   | 0       |
|      req_write_data_16_fu_4199_p3                              |     |        | req_write_data_16                        | select | auto_sel | 0       |
|      addr_48_fu_4228_p2                                        |     |        | addr_48                                  | add    | fabric   | 0       |
|      req_write_data_17_fu_4232_p3                              |     |        | req_write_data_17                        | select | auto_sel | 0       |
|      addr_49_fu_4261_p2                                        |     |        | addr_49                                  | add    | fabric   | 0       |
|      req_write_data_18_fu_4265_p3                              |     |        | req_write_data_18                        | select | auto_sel | 0       |
|      addr_50_fu_4294_p2                                        |     |        | addr_50                                  | add    | fabric   | 0       |
|      req_write_data_19_fu_4298_p3                              |     |        | req_write_data_19                        | select | auto_sel | 0       |
|      addr_51_fu_4327_p2                                        |     |        | addr_51                                  | add    | fabric   | 0       |
|      req_write_data_20_fu_4331_p3                              |     |        | req_write_data_20                        | select | auto_sel | 0       |
|      addr_52_fu_4360_p2                                        |     |        | addr_52                                  | add    | fabric   | 0       |
|      req_write_data_21_fu_4364_p3                              |     |        | req_write_data_21                        | select | auto_sel | 0       |
|      addr_53_fu_4393_p2                                        |     |        | addr_53                                  | add    | fabric   | 0       |
|      req_write_data_22_fu_4397_p3                              |     |        | req_write_data_22                        | select | auto_sel | 0       |
|      addr_54_fu_4426_p2                                        |     |        | addr_54                                  | add    | fabric   | 0       |
|      req_write_data_23_fu_4430_p3                              |     |        | req_write_data_23                        | select | auto_sel | 0       |
|      addr_55_fu_4513_p2                                        |     |        | addr_55                                  | add    | fabric   | 0       |
|      req_write_data_24_fu_4517_p3                              |     |        | req_write_data_24                        | select | auto_sel | 0       |
|      addr_56_fu_4537_p2                                        |     |        | addr_56                                  | add    | fabric   | 0       |
|      req_write_data_25_fu_4541_p3                              |     |        | req_write_data_25                        | select | auto_sel | 0       |
|      addr_57_fu_4561_p2                                        |     |        | addr_57                                  | add    | fabric   | 0       |
|      req_write_data_26_fu_4565_p3                              |     |        | req_write_data_26                        | select | auto_sel | 0       |
|      addr_58_fu_4585_p2                                        |     |        | addr_58                                  | add    | fabric   | 0       |
|      req_write_data_27_fu_4589_p3                              |     |        | req_write_data_27                        | select | auto_sel | 0       |
|      addr_59_fu_4609_p2                                        |     |        | addr_59                                  | add    | fabric   | 0       |
|      req_write_data_28_fu_4613_p3                              |     |        | req_write_data_28                        | select | auto_sel | 0       |
|      addr_60_fu_4633_p2                                        |     |        | addr_60                                  | add    | fabric   | 0       |
|      req_write_data_29_fu_4637_p3                              |     |        | req_write_data_29                        | select | auto_sel | 0       |
|      addr_61_fu_4657_p2                                        |     |        | addr_61                                  | add    | fabric   | 0       |
|      req_write_data_30_fu_4661_p3                              |     |        | req_write_data_30                        | select | auto_sel | 0       |
|      addr_62_fu_4681_p2                                        |     |        | addr_62                                  | add    | fabric   | 0       |
|      req_write_data_31_fu_4685_p3                              |     |        | req_write_data_31                        | select | auto_sel | 0       |
|      cond12_i_fu_3624_p2                                       |     |        | cond12_i                                 | seteq  | auto     | 0       |
|      add_ln238_fu_3630_p2                                      |     |        | add_ln238                                | add    | fabric   | 0       |
|      cond1_i_fu_4704_p2                                        |     |        | cond1_i                                  | seteq  | auto     | 0       |
|      ult810_fu_4710_p2                                         |     |        | ult810                                   | setlt  | auto     | 0       |
|      rev_fu_4714_p2                                            |     |        | rev                                      | xor    | auto     | 0       |
|      cond_i_fu_4720_p2                                         |     |        | cond_i                                   | or     | auto     | 0       |
|      p_write_flag_2_i_fu_4766_p2                               |     |        | p_write_flag_2_i                         | or     | auto     | 0       |
|      p_agg_result_code_2_i_fu_4726_p3                          |     |        | p_agg_result_code_2_i                    | select | auto_sel | 0       |
|      p_write_flag3_2_i_fu_4771_p2                              |     |        | p_write_flag3_2_i                        | or     | auto     | 0       |
|      p_agg_result_barrier_id_2_i_fu_4734_p3                    |     |        | p_agg_result_barrier_id_2_i              | select | auto_sel | 0       |
|      p_write_flag6_2_i_fu_4776_p2                              |     |        | p_write_flag6_2_i                        | or     | auto     | 0       |
|      p_agg_result_slot_id_2_i_fu_4742_p3                       |     |        | p_agg_result_slot_id_2_i                 | select | auto_sel | 0       |
|      p_write_flag9_2_i_fu_4781_p2                              |     |        | p_write_flag9_2_i                        | or     | auto     | 0       |
|      p_agg_result_resume_pc_2_i_fu_4750_p3                     |     |        | p_agg_result_resume_pc_2_i               | select | auto_sel | 0       |
|      p_write_flag12_2_i_fu_4786_p2                             |     |        | p_write_flag12_2_i                       | or     | auto     | 0       |
|      instr_count_3_agg_result_instr_count_2_i_fu_4758_p3       |     |        | instr_count_3_agg_result_instr_count_2_i | select | auto_sel | 0       |
|      select_ln282_fu_4791_p3                                   |     |        | select_ln282                             | select | auto_sel | 0       |
|      select_ln282_5_fu_4797_p3                                 |     |        | select_ln282_5                           | select | auto_sel | 0       |
|      select_ln282_6_fu_4803_p3                                 |     |        | select_ln282_6                           | select | auto_sel | 0       |
|      select_ln282_7_fu_4809_p3                                 |     |        | select_ln282_7                           | select | auto_sel | 0       |
|      select_ln282_8_fu_4815_p3                                 |     |        | select_ln282_8                           | select | auto_sel | 0       |
|     + decodeInstruction (call_ret_i_decodeInstruction_fu_1932) | 0   |        |                                          |        |          |         |
|       grp_fu_522_p2                                            |     |        | icmp_ln274                               | seteq  | auto     | 0       |
|       grp_fu_527_p2                                            |     |        | icmp_ln286                               | seteq  | auto     | 0       |
|       select_ln286_cast_cast_fu_818_p3                         |     |        | select_ln286_cast_cast                   | select | auto_sel | 0       |
|       icmp_ln267_fu_850_p2                                     |     |        | icmp_ln267                               | seteq  | auto     | 0       |
|       grp_fu_522_p2                                            |     |        | icmp_ln267_1                             | seteq  | auto     | 0       |
|       select_ln267_fu_856_p3                                   |     |        | select_ln267                             | select | auto_sel | 0       |
|       or_ln267_fu_864_p2                                       |     |        | or_ln267                                 | or     | auto     | 0       |
|       instr_opcode_fu_870_p3                                   |     |        | instr_opcode                             | select | auto_sel | 0       |
|       grp_fu_527_p2                                            |     |        | icmp_ln250                               | seteq  | auto     | 0       |
|       select_ln251_fu_883_p3                                   |     |        | select_ln251                             | select | auto_sel | 0       |
|       icmp_ln222_fu_909_p2                                     |     |        | icmp_ln222                               | seteq  | auto     | 0       |
|       icmp_ln70_fu_946_p2                                      |     |        | icmp_ln70                                | setne  | auto     | 0       |
|       icmp_ln70_1_fu_952_p2                                    |     |        | icmp_ln70_1                              | setlt  | auto     | 0       |
|       instr_is_memory_fu_958_p2                                |     |        | instr_is_memory                          | and    | auto     | 0       |
|     + executeBranch (grp_executeBranch_fu_1937)                | 0   |        |                                          |        |          |         |
|       add_ln208_fu_1154_p2                                     |     |        | add_ln208                                | add    | fabric   | 0       |
|       add_ln208_1_fu_1165_p2                                   |     |        | add_ln208_1                              | add    | fabric   | 0       |
|       add_ln208_2_fu_1176_p2                                   |     |        | add_ln208_2                              | add    | fabric   | 0       |
|       add_ln208_3_fu_1187_p2                                   |     |        | add_ln208_3                              | add    | fabric   | 0       |
|       add_ln208_4_fu_1198_p2                                   |     |        | add_ln208_4                              | add    | fabric   | 0       |
|       add_ln208_5_fu_1209_p2                                   |     |        | add_ln208_5                              | add    | fabric   | 0       |
|       add_ln208_6_fu_1220_p2                                   |     |        | add_ln208_6                              | add    | fabric   | 0       |
|       add_ln208_7_fu_1231_p2                                   |     |        | add_ln208_7                              | add    | fabric   | 0       |
|       add_ln208_8_fu_1242_p2                                   |     |        | add_ln208_8                              | add    | fabric   | 0       |
|       add_ln208_9_fu_1253_p2                                   |     |        | add_ln208_9                              | add    | fabric   | 0       |
|       add_ln208_10_fu_1264_p2                                  |     |        | add_ln208_10                             | add    | fabric   | 0       |
|       add_ln208_11_fu_1275_p2                                  |     |        | add_ln208_11                             | add    | fabric   | 0       |
|       add_ln208_12_fu_1286_p2                                  |     |        | add_ln208_12                             | add    | fabric   | 0       |
|       add_ln208_13_fu_1297_p2                                  |     |        | add_ln208_13                             | add    | fabric   | 0       |
|       add_ln208_14_fu_1308_p2                                  |     |        | add_ln208_14                             | add    | fabric   | 0       |
|       add_ln208_15_fu_1319_p2                                  |     |        | add_ln208_15                             | add    | fabric   | 0       |
|       add_ln208_16_fu_1330_p2                                  |     |        | add_ln208_16                             | add    | fabric   | 0       |
|       add_ln208_17_fu_1341_p2                                  |     |        | add_ln208_17                             | add    | fabric   | 0       |
|       add_ln208_18_fu_1352_p2                                  |     |        | add_ln208_18                             | add    | fabric   | 0       |
|       add_ln208_19_fu_1363_p2                                  |     |        | add_ln208_19                             | add    | fabric   | 0       |
|       add_ln208_20_fu_1374_p2                                  |     |        | add_ln208_20                             | add    | fabric   | 0       |
|       add_ln208_21_fu_1385_p2                                  |     |        | add_ln208_21                             | add    | fabric   | 0       |
|       add_ln208_22_fu_1396_p2                                  |     |        | add_ln208_22                             | add    | fabric   | 0       |
|       add_ln208_23_fu_1407_p2                                  |     |        | add_ln208_23                             | add    | fabric   | 0       |
|       add_ln208_24_fu_1418_p2                                  |     |        | add_ln208_24                             | add    | fabric   | 0       |
|       add_ln208_25_fu_1429_p2                                  |     |        | add_ln208_25                             | add    | fabric   | 0       |
|       add_ln208_26_fu_1440_p2                                  |     |        | add_ln208_26                             | add    | fabric   | 0       |
|       add_ln208_27_fu_1451_p2                                  |     |        | add_ln208_27                             | add    | fabric   | 0       |
|       add_ln208_28_fu_1462_p2                                  |     |        | add_ln208_28                             | add    | fabric   | 0       |
|       add_ln208_29_fu_1473_p2                                  |     |        | add_ln208_29                             | add    | fabric   | 0       |
|       add_ln208_30_fu_1484_p2                                  |     |        | add_ln208_30                             | add    | fabric   | 0       |
|       add_ln208_31_fu_1495_p2                                  |     |        | add_ln208_31                             | add    | fabric   | 0       |
|       icmp_ln208_fu_1758_p2                                    |     |        | icmp_ln208                               | seteq  | auto     | 0       |
|       conditions_fu_1764_p2                                    |     |        | conditions                               | and    | auto     | 0       |
|       icmp_ln208_1_fu_1769_p2                                  |     |        | icmp_ln208_1                             | seteq  | auto     | 0       |
|       conditions_1_fu_1775_p2                                  |     |        | conditions_1                             | and    | auto     | 0       |
|       icmp_ln208_2_fu_1780_p2                                  |     |        | icmp_ln208_2                             | seteq  | auto     | 0       |
|       conditions_2_fu_1786_p2                                  |     |        | conditions_2                             | and    | auto     | 0       |
|       icmp_ln208_3_fu_1791_p2                                  |     |        | icmp_ln208_3                             | seteq  | auto     | 0       |
|       conditions_3_fu_1797_p2                                  |     |        | conditions_3                             | and    | auto     | 0       |
|       icmp_ln208_4_fu_1802_p2                                  |     |        | icmp_ln208_4                             | seteq  | auto     | 0       |
|       conditions_4_fu_1808_p2                                  |     |        | conditions_4                             | and    | auto     | 0       |
|       icmp_ln208_5_fu_1813_p2                                  |     |        | icmp_ln208_5                             | seteq  | auto     | 0       |
|       conditions_5_fu_1819_p2                                  |     |        | conditions_5                             | and    | auto     | 0       |
|       icmp_ln208_6_fu_1824_p2                                  |     |        | icmp_ln208_6                             | seteq  | auto     | 0       |
|       conditions_6_fu_1830_p2                                  |     |        | conditions_6                             | and    | auto     | 0       |
|       icmp_ln208_7_fu_1835_p2                                  |     |        | icmp_ln208_7                             | seteq  | auto     | 0       |
|       conditions_7_fu_1841_p2                                  |     |        | conditions_7                             | and    | auto     | 0       |
|       icmp_ln208_8_fu_1846_p2                                  |     |        | icmp_ln208_8                             | seteq  | auto     | 0       |
|       conditions_8_fu_1852_p2                                  |     |        | conditions_8                             | and    | auto     | 0       |
|       icmp_ln208_9_fu_1857_p2                                  |     |        | icmp_ln208_9                             | seteq  | auto     | 0       |
|       conditions_9_fu_1863_p2                                  |     |        | conditions_9                             | and    | auto     | 0       |
|       icmp_ln208_10_fu_1868_p2                                 |     |        | icmp_ln208_10                            | seteq  | auto     | 0       |
|       conditions_10_fu_1874_p2                                 |     |        | conditions_10                            | and    | auto     | 0       |
|       icmp_ln208_11_fu_1879_p2                                 |     |        | icmp_ln208_11                            | seteq  | auto     | 0       |
|       conditions_11_fu_1885_p2                                 |     |        | conditions_11                            | and    | auto     | 0       |
|       icmp_ln208_12_fu_1890_p2                                 |     |        | icmp_ln208_12                            | seteq  | auto     | 0       |
|       conditions_12_fu_1896_p2                                 |     |        | conditions_12                            | and    | auto     | 0       |
|       icmp_ln208_13_fu_1901_p2                                 |     |        | icmp_ln208_13                            | seteq  | auto     | 0       |
|       conditions_13_fu_1907_p2                                 |     |        | conditions_13                            | and    | auto     | 0       |
|       icmp_ln208_14_fu_1912_p2                                 |     |        | icmp_ln208_14                            | seteq  | auto     | 0       |
|       conditions_14_fu_1918_p2                                 |     |        | conditions_14                            | and    | auto     | 0       |
|       icmp_ln208_15_fu_1923_p2                                 |     |        | icmp_ln208_15                            | seteq  | auto     | 0       |
|       conditions_15_fu_1929_p2                                 |     |        | conditions_15                            | and    | auto     | 0       |
|       icmp_ln208_16_fu_1934_p2                                 |     |        | icmp_ln208_16                            | seteq  | auto     | 0       |
|       conditions_16_fu_1940_p2                                 |     |        | conditions_16                            | and    | auto     | 0       |
|       icmp_ln208_17_fu_1945_p2                                 |     |        | icmp_ln208_17                            | seteq  | auto     | 0       |
|       conditions_17_fu_1951_p2                                 |     |        | conditions_17                            | and    | auto     | 0       |
|       icmp_ln208_18_fu_1956_p2                                 |     |        | icmp_ln208_18                            | seteq  | auto     | 0       |
|       conditions_18_fu_1962_p2                                 |     |        | conditions_18                            | and    | auto     | 0       |
|       icmp_ln208_19_fu_1967_p2                                 |     |        | icmp_ln208_19                            | seteq  | auto     | 0       |
|       conditions_19_fu_1973_p2                                 |     |        | conditions_19                            | and    | auto     | 0       |
|       icmp_ln208_20_fu_1978_p2                                 |     |        | icmp_ln208_20                            | seteq  | auto     | 0       |
|       conditions_20_fu_1984_p2                                 |     |        | conditions_20                            | and    | auto     | 0       |
|       icmp_ln208_21_fu_1989_p2                                 |     |        | icmp_ln208_21                            | seteq  | auto     | 0       |
|       conditions_21_fu_1995_p2                                 |     |        | conditions_21                            | and    | auto     | 0       |
|       icmp_ln208_22_fu_2000_p2                                 |     |        | icmp_ln208_22                            | seteq  | auto     | 0       |
|       conditions_22_fu_2006_p2                                 |     |        | conditions_22                            | and    | auto     | 0       |
|       icmp_ln208_23_fu_2011_p2                                 |     |        | icmp_ln208_23                            | seteq  | auto     | 0       |
|       conditions_23_fu_2017_p2                                 |     |        | conditions_23                            | and    | auto     | 0       |
|       icmp_ln208_24_fu_2022_p2                                 |     |        | icmp_ln208_24                            | seteq  | auto     | 0       |
|       conditions_24_fu_2028_p2                                 |     |        | conditions_24                            | and    | auto     | 0       |
|       icmp_ln208_25_fu_2033_p2                                 |     |        | icmp_ln208_25                            | seteq  | auto     | 0       |
|       conditions_25_fu_2039_p2                                 |     |        | conditions_25                            | and    | auto     | 0       |
|       icmp_ln208_26_fu_2044_p2                                 |     |        | icmp_ln208_26                            | seteq  | auto     | 0       |
|       conditions_26_fu_2050_p2                                 |     |        | conditions_26                            | and    | auto     | 0       |
|       icmp_ln208_27_fu_2055_p2                                 |     |        | icmp_ln208_27                            | seteq  | auto     | 0       |
|       conditions_27_fu_2061_p2                                 |     |        | conditions_27                            | and    | auto     | 0       |
|       icmp_ln208_28_fu_2066_p2                                 |     |        | icmp_ln208_28                            | seteq  | auto     | 0       |
|       conditions_28_fu_2072_p2                                 |     |        | conditions_28                            | and    | auto     | 0       |
|       icmp_ln208_29_fu_2077_p2                                 |     |        | icmp_ln208_29                            | seteq  | auto     | 0       |
|       conditions_29_fu_2083_p2                                 |     |        | conditions_29                            | and    | auto     | 0       |
|       icmp_ln208_30_fu_2088_p2                                 |     |        | icmp_ln208_30                            | seteq  | auto     | 0       |
|       conditions_30_fu_2094_p2                                 |     |        | conditions_30                            | and    | auto     | 0       |
|       icmp_ln208_31_fu_2099_p2                                 |     |        | icmp_ln208_31                            | seteq  | auto     | 0       |
|       conditions_31_fu_2105_p2                                 |     |        | conditions_31                            | and    | auto     | 0       |
|      + handleBranch (grp_handleBranch_fu_854)                  | 0   |        |                                          |        |          |         |
|        xor_ln126_fu_499_p2                                     |     |        | xor_ln126                                | xor    | auto     | 0       |
|        and_ln125_fu_505_p2                                     |     |        | and_ln125                                | and    | auto     | 0       |
|        and_ln125_1_fu_511_p2                                   |     |        | and_ln125_1                              | and    | auto     | 0       |
|        and_ln126_fu_549_p2                                     |     |        | and_ln126                                | and    | auto     | 0       |
|        select_ln126_fu_555_p3                                  |     |        | select_ln126                             | select | auto_sel | 0       |
|        xor_ln126_1_fu_567_p2                                   |     |        | xor_ln126_1                              | xor    | auto     | 0       |
|        and_ln126_1_fu_573_p2                                   |     |        | and_ln126_1                              | and    | auto     | 0       |
|        select_ln125_fu_579_p3                                  |     |        | select_ln125                             | select | auto_sel | 0       |
|        and_ln126_2_fu_615_p2                                   |     |        | and_ln126_2                              | and    | auto     | 0       |
|        empty_fu_621_p3                                         |     |        | empty                                    | select | auto_sel | 0       |
|        xor_ln126_2_fu_633_p2                                   |     |        | xor_ln126_2                              | xor    | auto     | 0       |
|        and_ln126_3_fu_639_p2                                   |     |        | and_ln126_3                              | and    | auto     | 0       |
|        empty_90_fu_645_p3                                      |     |        | empty_90                                 | select | auto_sel | 0       |
|        and_ln126_4_fu_685_p2                                   |     |        | and_ln126_4                              | and    | auto     | 0       |
|        empty_91_fu_691_p3                                      |     |        | empty_91                                 | select | auto_sel | 0       |
|        xor_ln126_3_fu_699_p2                                   |     |        | xor_ln126_3                              | xor    | auto     | 0       |
|        and_ln126_5_fu_705_p2                                   |     |        | and_ln126_5                              | and    | auto     | 0       |
|        empty_92_fu_711_p3                                      |     |        | empty_92                                 | select | auto_sel | 0       |
|        and_ln126_6_fu_747_p2                                   |     |        | and_ln126_6                              | and    | auto     | 0       |
|        empty_93_fu_753_p3                                      |     |        | empty_93                                 | select | auto_sel | 0       |
|        xor_ln126_4_fu_761_p2                                   |     |        | xor_ln126_4                              | xor    | auto     | 0       |
|        and_ln126_7_fu_767_p2                                   |     |        | and_ln126_7                              | and    | auto     | 0       |
|        empty_94_fu_773_p3                                      |     |        | empty_94                                 | select | auto_sel | 0       |
|        and_ln126_8_fu_809_p2                                   |     |        | and_ln126_8                              | and    | auto     | 0       |
|        empty_95_fu_815_p3                                      |     |        | empty_95                                 | select | auto_sel | 0       |
|        xor_ln126_5_fu_823_p2                                   |     |        | xor_ln126_5                              | xor    | auto     | 0       |
|        and_ln126_9_fu_829_p2                                   |     |        | and_ln126_9                              | and    | auto     | 0       |
|        empty_96_fu_835_p3                                      |     |        | empty_96                                 | select | auto_sel | 0       |
|        and_ln126_10_fu_871_p2                                  |     |        | and_ln126_10                             | and    | auto     | 0       |
|        empty_97_fu_877_p3                                      |     |        | empty_97                                 | select | auto_sel | 0       |
|        xor_ln126_6_fu_885_p2                                   |     |        | xor_ln126_6                              | xor    | auto     | 0       |
|        and_ln126_11_fu_891_p2                                  |     |        | and_ln126_11                             | and    | auto     | 0       |
|        empty_98_fu_897_p3                                      |     |        | empty_98                                 | select | auto_sel | 0       |
|        and_ln126_12_fu_933_p2                                  |     |        | and_ln126_12                             | and    | auto     | 0       |
|        empty_99_fu_939_p3                                      |     |        | empty_99                                 | select | auto_sel | 0       |
|        xor_ln126_7_fu_947_p2                                   |     |        | xor_ln126_7                              | xor    | auto     | 0       |
|        and_ln126_13_fu_953_p2                                  |     |        | and_ln126_13                             | and    | auto     | 0       |
|        empty_100_fu_959_p3                                     |     |        | empty_100                                | select | auto_sel | 0       |
|        and_ln126_14_fu_995_p2                                  |     |        | and_ln126_14                             | and    | auto     | 0       |
|        empty_101_fu_1001_p3                                    |     |        | empty_101                                | select | auto_sel | 0       |
|        xor_ln126_8_fu_1009_p2                                  |     |        | xor_ln126_8                              | xor    | auto     | 0       |
|        and_ln126_15_fu_1015_p2                                 |     |        | and_ln126_15                             | and    | auto     | 0       |
|        empty_102_fu_1021_p3                                    |     |        | empty_102                                | select | auto_sel | 0       |
|        and_ln126_16_fu_1231_p2                                 |     |        | and_ln126_16                             | and    | auto     | 0       |
|        empty_103_fu_1235_p3                                    |     |        | empty_103                                | select | auto_sel | 0       |
|        xor_ln126_9_fu_1242_p2                                  |     |        | xor_ln126_9                              | xor    | auto     | 0       |
|        and_ln126_17_fu_1247_p2                                 |     |        | and_ln126_17                             | and    | auto     | 0       |
|        empty_104_fu_1252_p3                                    |     |        | empty_104                                | select | auto_sel | 0       |
|        and_ln126_18_fu_1279_p2                                 |     |        | and_ln126_18                             | and    | auto     | 0       |
|        empty_105_fu_1283_p3                                    |     |        | empty_105                                | select | auto_sel | 0       |
|        xor_ln126_10_fu_1291_p2                                 |     |        | xor_ln126_10                             | xor    | auto     | 0       |
|        and_ln126_19_fu_1296_p2                                 |     |        | and_ln126_19                             | and    | auto     | 0       |
|        empty_106_fu_1301_p3                                    |     |        | empty_106                                | select | auto_sel | 0       |
|        and_ln126_20_fu_1329_p2                                 |     |        | and_ln126_20                             | and    | auto     | 0       |
|        empty_107_fu_1333_p3                                    |     |        | empty_107                                | select | auto_sel | 0       |
|        xor_ln126_11_fu_1341_p2                                 |     |        | xor_ln126_11                             | xor    | auto     | 0       |
|        and_ln126_21_fu_1346_p2                                 |     |        | and_ln126_21                             | and    | auto     | 0       |
|        empty_108_fu_1351_p3                                    |     |        | empty_108                                | select | auto_sel | 0       |
|        and_ln126_22_fu_1379_p2                                 |     |        | and_ln126_22                             | and    | auto     | 0       |
|        empty_109_fu_1383_p3                                    |     |        | empty_109                                | select | auto_sel | 0       |
|        xor_ln126_12_fu_1391_p2                                 |     |        | xor_ln126_12                             | xor    | auto     | 0       |
|        and_ln126_23_fu_1396_p2                                 |     |        | and_ln126_23                             | and    | auto     | 0       |
|        empty_110_fu_1401_p3                                    |     |        | empty_110                                | select | auto_sel | 0       |
|        and_ln126_24_fu_1429_p2                                 |     |        | and_ln126_24                             | and    | auto     | 0       |
|        empty_111_fu_1433_p3                                    |     |        | empty_111                                | select | auto_sel | 0       |
|        xor_ln126_13_fu_1441_p2                                 |     |        | xor_ln126_13                             | xor    | auto     | 0       |
|        and_ln126_25_fu_1446_p2                                 |     |        | and_ln126_25                             | and    | auto     | 0       |
|        empty_112_fu_1451_p3                                    |     |        | empty_112                                | select | auto_sel | 0       |
|        and_ln126_26_fu_1479_p2                                 |     |        | and_ln126_26                             | and    | auto     | 0       |
|        empty_113_fu_1483_p3                                    |     |        | empty_113                                | select | auto_sel | 0       |
|        xor_ln126_14_fu_1491_p2                                 |     |        | xor_ln126_14                             | xor    | auto     | 0       |
|        and_ln126_27_fu_1496_p2                                 |     |        | and_ln126_27                             | and    | auto     | 0       |
|        empty_114_fu_1501_p3                                    |     |        | empty_114                                | select | auto_sel | 0       |
|        and_ln126_28_fu_1529_p2                                 |     |        | and_ln126_28                             | and    | auto     | 0       |
|        empty_115_fu_1533_p3                                    |     |        | empty_115                                | select | auto_sel | 0       |
|        xor_ln126_15_fu_1541_p2                                 |     |        | xor_ln126_15                             | xor    | auto     | 0       |
|        and_ln126_29_fu_1546_p2                                 |     |        | and_ln126_29                             | and    | auto     | 0       |
|        empty_116_fu_1551_p3                                    |     |        | empty_116                                | select | auto_sel | 0       |
|        and_ln126_30_fu_1579_p2                                 |     |        | and_ln126_30                             | and    | auto     | 0       |
|        empty_117_fu_1583_p3                                    |     |        | empty_117                                | select | auto_sel | 0       |
|        xor_ln126_16_fu_1591_p2                                 |     |        | xor_ln126_16                             | xor    | auto     | 0       |
|        and_ln126_31_fu_1596_p2                                 |     |        | and_ln126_31                             | and    | auto     | 0       |
|        empty_118_fu_1601_p3                                    |     |        | empty_118                                | select | auto_sel | 0       |
|        and_ln126_32_fu_1627_p2                                 |     |        | and_ln126_32                             | and    | auto     | 0       |
|        empty_119_fu_1631_p3                                    |     |        | empty_119                                | select | auto_sel | 0       |
|        xor_ln126_17_fu_1638_p2                                 |     |        | xor_ln126_17                             | xor    | auto     | 0       |
|        and_ln126_33_fu_1643_p2                                 |     |        | and_ln126_33                             | and    | auto     | 0       |
|        empty_120_fu_1648_p3                                    |     |        | empty_120                                | select | auto_sel | 0       |
|        and_ln126_34_fu_1675_p2                                 |     |        | and_ln126_34                             | and    | auto     | 0       |
|        empty_121_fu_1679_p3                                    |     |        | empty_121                                | select | auto_sel | 0       |
|        xor_ln126_18_fu_1687_p2                                 |     |        | xor_ln126_18                             | xor    | auto     | 0       |
|        and_ln126_35_fu_1692_p2                                 |     |        | and_ln126_35                             | and    | auto     | 0       |
|        empty_122_fu_1697_p3                                    |     |        | empty_122                                | select | auto_sel | 0       |
|        and_ln126_36_fu_1725_p2                                 |     |        | and_ln126_36                             | and    | auto     | 0       |
|        empty_123_fu_1729_p3                                    |     |        | empty_123                                | select | auto_sel | 0       |
|        xor_ln126_19_fu_1737_p2                                 |     |        | xor_ln126_19                             | xor    | auto     | 0       |
|        and_ln126_37_fu_1742_p2                                 |     |        | and_ln126_37                             | and    | auto     | 0       |
|        empty_124_fu_1747_p3                                    |     |        | empty_124                                | select | auto_sel | 0       |
|        and_ln126_38_fu_1775_p2                                 |     |        | and_ln126_38                             | and    | auto     | 0       |
|        empty_125_fu_1779_p3                                    |     |        | empty_125                                | select | auto_sel | 0       |
|        xor_ln126_20_fu_1787_p2                                 |     |        | xor_ln126_20                             | xor    | auto     | 0       |
|        and_ln126_39_fu_1792_p2                                 |     |        | and_ln126_39                             | and    | auto     | 0       |
|        empty_126_fu_1797_p3                                    |     |        | empty_126                                | select | auto_sel | 0       |
|        and_ln126_40_fu_1825_p2                                 |     |        | and_ln126_40                             | and    | auto     | 0       |
|        empty_127_fu_1829_p3                                    |     |        | empty_127                                | select | auto_sel | 0       |
|        xor_ln126_21_fu_1837_p2                                 |     |        | xor_ln126_21                             | xor    | auto     | 0       |
|        and_ln126_41_fu_1842_p2                                 |     |        | and_ln126_41                             | and    | auto     | 0       |
|        empty_128_fu_1847_p3                                    |     |        | empty_128                                | select | auto_sel | 0       |
|        and_ln126_42_fu_1875_p2                                 |     |        | and_ln126_42                             | and    | auto     | 0       |
|        empty_129_fu_1879_p3                                    |     |        | empty_129                                | select | auto_sel | 0       |
|        xor_ln126_22_fu_1887_p2                                 |     |        | xor_ln126_22                             | xor    | auto     | 0       |
|        and_ln126_43_fu_1892_p2                                 |     |        | and_ln126_43                             | and    | auto     | 0       |
|        empty_130_fu_1897_p3                                    |     |        | empty_130                                | select | auto_sel | 0       |
|        and_ln126_44_fu_1925_p2                                 |     |        | and_ln126_44                             | and    | auto     | 0       |
|        empty_131_fu_1929_p3                                    |     |        | empty_131                                | select | auto_sel | 0       |
|        xor_ln126_23_fu_1937_p2                                 |     |        | xor_ln126_23                             | xor    | auto     | 0       |
|        and_ln126_45_fu_1942_p2                                 |     |        | and_ln126_45                             | and    | auto     | 0       |
|        empty_132_fu_1947_p3                                    |     |        | empty_132                                | select | auto_sel | 0       |
|        and_ln126_46_fu_1975_p2                                 |     |        | and_ln126_46                             | and    | auto     | 0       |
|        empty_133_fu_1979_p3                                    |     |        | empty_133                                | select | auto_sel | 0       |
|        xor_ln126_24_fu_1987_p2                                 |     |        | xor_ln126_24                             | xor    | auto     | 0       |
|        and_ln126_47_fu_1992_p2                                 |     |        | and_ln126_47                             | and    | auto     | 0       |
|        empty_134_fu_1997_p3                                    |     |        | empty_134                                | select | auto_sel | 0       |
|        and_ln126_48_fu_2023_p2                                 |     |        | and_ln126_48                             | and    | auto     | 0       |
|        empty_135_fu_2027_p3                                    |     |        | empty_135                                | select | auto_sel | 0       |
|        xor_ln126_25_fu_2034_p2                                 |     |        | xor_ln126_25                             | xor    | auto     | 0       |
|        and_ln126_49_fu_2039_p2                                 |     |        | and_ln126_49                             | and    | auto     | 0       |
|        empty_136_fu_2044_p3                                    |     |        | empty_136                                | select | auto_sel | 0       |
|        and_ln126_50_fu_2071_p2                                 |     |        | and_ln126_50                             | and    | auto     | 0       |
|        empty_137_fu_2075_p3                                    |     |        | empty_137                                | select | auto_sel | 0       |
|        xor_ln126_26_fu_2083_p2                                 |     |        | xor_ln126_26                             | xor    | auto     | 0       |
|        and_ln126_51_fu_2088_p2                                 |     |        | and_ln126_51                             | and    | auto     | 0       |
|        empty_138_fu_2093_p3                                    |     |        | empty_138                                | select | auto_sel | 0       |
|        and_ln126_52_fu_2121_p2                                 |     |        | and_ln126_52                             | and    | auto     | 0       |
|        empty_139_fu_2125_p3                                    |     |        | empty_139                                | select | auto_sel | 0       |
|        xor_ln126_27_fu_2133_p2                                 |     |        | xor_ln126_27                             | xor    | auto     | 0       |
|        and_ln126_53_fu_2138_p2                                 |     |        | and_ln126_53                             | and    | auto     | 0       |
|        empty_140_fu_2143_p3                                    |     |        | empty_140                                | select | auto_sel | 0       |
|        and_ln126_54_fu_2171_p2                                 |     |        | and_ln126_54                             | and    | auto     | 0       |
|        empty_141_fu_2175_p3                                    |     |        | empty_141                                | select | auto_sel | 0       |
|        xor_ln126_28_fu_2183_p2                                 |     |        | xor_ln126_28                             | xor    | auto     | 0       |
|        and_ln126_55_fu_2188_p2                                 |     |        | and_ln126_55                             | and    | auto     | 0       |
|        empty_142_fu_2193_p3                                    |     |        | empty_142                                | select | auto_sel | 0       |
|        and_ln126_56_fu_2221_p2                                 |     |        | and_ln126_56                             | and    | auto     | 0       |
|        empty_143_fu_2225_p3                                    |     |        | empty_143                                | select | auto_sel | 0       |
|        xor_ln126_29_fu_2233_p2                                 |     |        | xor_ln126_29                             | xor    | auto     | 0       |
|        and_ln126_57_fu_2238_p2                                 |     |        | and_ln126_57                             | and    | auto     | 0       |
|        empty_144_fu_2243_p3                                    |     |        | empty_144                                | select | auto_sel | 0       |
|        and_ln126_58_fu_2271_p2                                 |     |        | and_ln126_58                             | and    | auto     | 0       |
|        empty_145_fu_2275_p3                                    |     |        | empty_145                                | select | auto_sel | 0       |
|        xor_ln126_30_fu_2283_p2                                 |     |        | xor_ln126_30                             | xor    | auto     | 0       |
|        and_ln126_59_fu_2288_p2                                 |     |        | and_ln126_59                             | and    | auto     | 0       |
|        empty_146_fu_2293_p3                                    |     |        | empty_146                                | select | auto_sel | 0       |
|        and_ln126_60_fu_2321_p2                                 |     |        | and_ln126_60                             | and    | auto     | 0       |
|        taken_fu_2325_p3                                        |     |        | taken                                    | select | auto_sel | 0       |
|        xor_ln126_31_fu_2333_p2                                 |     |        | xor_ln126_31                             | xor    | auto     | 0       |
|        and_ln126_61_fu_2338_p2                                 |     |        | and_ln126_61                             | and    | auto     | 0       |
|        not_taken_fu_2343_p3                                    |     |        | not_taken                                | select | auto_sel | 0       |
|        icmp_ln131_fu_2351_p2                                   |     |        | icmp_ln131                               | setne  | auto     | 0       |
|        icmp_ln131_1_fu_2356_p2                                 |     |        | icmp_ln131_1                             | setne  | auto     | 0       |
|        and_ln131_fu_2361_p2                                    |     |        | and_ln131                                | and    | auto     | 0       |
|        icmp_ln137_fu_2367_p2                                   |     |        | icmp_ln137                               | seteq  | auto     | 0       |
|        and_ln137_fu_2372_p2                                    |     |        | and_ln137                                | and    | auto     | 0       |
|        select_ln145_fu_2987_p3                                 |     |        | select_ln145                             | select | auto_sel | 0       |
|        grp_fu_478_p2                                           |     |        | icmp_ln159_1                             | seteq  | auto     | 0       |
|        grp_fu_484_p2                                           |     |        | add_ln161_1                              | add    | fabric   | 0       |
|        grp_fu_478_p2                                           |     |        | icmp_ln159                               | seteq  | auto     | 0       |
|        grp_fu_484_p2                                           |     |        | add_ln161                                | add    | fabric   | 0       |
|        add_ln135_fu_2382_p2                                    |     |        | add_ln135                                | add    | fabric   | 0       |
|        add_ln136_6_fu_2779_p2                                  |     |        | add_ln136_6                              | add    | fabric   | 0       |
|        add_ln136_7_fu_2785_p2                                  |     |        | add_ln136_7                              | add    | fabric   | 0       |
|        add_ln136_9_fu_2801_p2                                  |     |        | add_ln136_9                              | add    | fabric   | 0       |
|        add_ln136_12_fu_2827_p2                                 |     |        | add_ln136_12                             | add    | fabric   | 0       |
|        add_ln136_15_fu_2853_p2                                 |     |        | add_ln136_15                             | add    | fabric   | 0       |
|        add_ln136_17_fu_2869_p2                                 |     |        | add_ln136_17                             | add    | fabric   | 0       |
|        add_ln136_18_fu_2879_p2                                 |     |        | add_ln136_18                             | add    | fabric   | 0       |
|        add_ln136_19_fu_2889_p2                                 |     |        | add_ln136_19                             | add    | fabric   | 0       |
|        add_ln136_21_fu_2905_p2                                 |     |        | add_ln136_21                             | add    | fabric   | 0       |
|        add_ln136_22_fu_2915_p2                                 |     |        | add_ln136_22                             | add    | fabric   | 0       |
|        add_ln136_23_fu_2925_p2                                 |     |        | add_ln136_23                             | add    | fabric   | 0       |
|        add_ln136_24_fu_2935_p2                                 |     |        | add_ln136_24                             | add    | fabric   | 0       |
|        add_ln136_27_fu_2961_p2                                 |     |        | add_ln136_27                             | add    | fabric   | 0       |
|        add_ln136_28_fu_2971_p2                                 |     |        | add_ln136_28                             | add    | fabric   | 0       |
|        add_ln136_30_fu_3019_p2                                 |     |        | add_ln136_30                             | add    | fabric   | 0       |
|        add_ln136_31_fu_3029_p2                                 |     |        | add_ln136_31                             | add    | fabric   | 0       |
|        select_ln147_fu_3045_p3                                 |     |        | select_ln147                             | select | auto_sel | 0       |
|     + executeALU (grp_executeALU_fu_2046)                      | 31  |        |                                          |        |          |         |
|       grp_fu_1415_p2                                           |     |        | add_ln86                                 | add    | fabric   | 0       |
|       grp_fu_1412_p2                                           |     |        | add_ln86_1                               | add    | fabric   | 0       |
|       grp_fu_1414_p2                                           |     |        | add_ln86_2                               | add    | fabric   | 0       |
|       grp_fu_1408_p2                                           |     |        | add_ln86_3                               | add    | fabric   | 0       |
|       grp_fu_1413_p2                                           |     |        | add_ln86_4                               | add    | fabric   | 0       |
|       grp_fu_1410_p2                                           |     |        | add_ln86_5                               | add    | fabric   | 0       |
|       grp_fu_1411_p2                                           |     |        | add_ln86_6                               | add    | fabric   | 0       |
|       grp_fu_1409_p2                                           |     |        | add_ln86_7                               | add    | fabric   | 0       |
|       grp_fu_1415_p2                                           |     |        | add_ln86_8                               | add    | fabric   | 0       |
|       grp_fu_1412_p2                                           |     |        | add_ln86_9                               | add    | fabric   | 0       |
|       grp_fu_1414_p2                                           |     |        | add_ln86_10                              | add    | fabric   | 0       |
|       grp_fu_1408_p2                                           |     |        | add_ln86_11                              | add    | fabric   | 0       |
|       grp_fu_1413_p2                                           |     |        | add_ln86_12                              | add    | fabric   | 0       |
|       grp_fu_1410_p2                                           |     |        | add_ln86_13                              | add    | fabric   | 0       |
|       grp_fu_1411_p2                                           |     |        | add_ln86_14                              | add    | fabric   | 0       |
|       grp_fu_1409_p2                                           |     |        | add_ln86_15                              | add    | fabric   | 0       |
|       grp_fu_1415_p2                                           |     |        | add_ln86_16                              | add    | fabric   | 0       |
|       grp_fu_1412_p2                                           |     |        | add_ln86_17                              | add    | fabric   | 0       |
|       grp_fu_1414_p2                                           |     |        | add_ln86_18                              | add    | fabric   | 0       |
|       grp_fu_1408_p2                                           |     |        | add_ln86_19                              | add    | fabric   | 0       |
|       grp_fu_1413_p2                                           |     |        | add_ln86_20                              | add    | fabric   | 0       |
|       grp_fu_1410_p2                                           |     |        | add_ln86_21                              | add    | fabric   | 0       |
|       grp_fu_1411_p2                                           |     |        | add_ln86_22                              | add    | fabric   | 0       |
|       grp_fu_1409_p2                                           |     |        | add_ln86_23                              | add    | fabric   | 0       |
|       grp_fu_1415_p2                                           |     |        | add_ln86_24                              | add    | fabric   | 0       |
|       grp_fu_1412_p2                                           |     |        | add_ln86_25                              | add    | fabric   | 0       |
|       grp_fu_1414_p2                                           |     |        | add_ln86_26                              | add    | fabric   | 0       |
|       grp_fu_1408_p2                                           |     |        | add_ln86_27                              | add    | fabric   | 0       |
|       grp_fu_1413_p2                                           |     |        | add_ln86_28                              | add    | fabric   | 0       |
|       grp_fu_1410_p2                                           |     |        | add_ln86_29                              | add    | fabric   | 0       |
|       grp_fu_1411_p2                                           |     |        | add_ln86_30                              | add    | fabric   | 0       |
|       grp_fu_1409_p2                                           |     |        | add_ln86_31                              | add    | fabric   | 0       |
|       grp_fu_1415_p2                                           |     |        | add_ln92_32                              | add    | fabric   | 0       |
|       grp_fu_1412_p2                                           |     |        | add_ln100                                | add    | fabric   | 0       |
|       grp_fu_1414_p2                                           |     |        | add_ln100_1                              | add    | fabric   | 0       |
|       grp_fu_1408_p2                                           |     |        | add_ln100_2                              | add    | fabric   | 0       |
|       grp_fu_1413_p2                                           |     |        | add_ln100_3                              | add    | fabric   | 0       |
|       grp_fu_1410_p2                                           |     |        | add_ln100_4                              | add    | fabric   | 0       |
|       grp_fu_1411_p2                                           |     |        | add_ln100_5                              | add    | fabric   | 0       |
|       grp_fu_1409_p2                                           |     |        | add_ln100_6                              | add    | fabric   | 0       |
|       grp_fu_1415_p2                                           |     |        | add_ln100_7                              | add    | fabric   | 0       |
|       grp_fu_1412_p2                                           |     |        | add_ln100_8                              | add    | fabric   | 0       |
|       grp_fu_1414_p2                                           |     |        | add_ln100_9                              | add    | fabric   | 0       |
|       grp_fu_1408_p2                                           |     |        | add_ln100_10                             | add    | fabric   | 0       |
|       grp_fu_1413_p2                                           |     |        | add_ln100_11                             | add    | fabric   | 0       |
|       grp_fu_1410_p2                                           |     |        | add_ln100_12                             | add    | fabric   | 0       |
|       grp_fu_1411_p2                                           |     |        | add_ln100_13                             | add    | fabric   | 0       |
|       grp_fu_1409_p2                                           |     |        | add_ln100_14                             | add    | fabric   | 0       |
|       grp_fu_1415_p2                                           |     |        | add_ln100_15                             | add    | fabric   | 0       |
|       grp_fu_1412_p2                                           |     |        | add_ln100_16                             | add    | fabric   | 0       |
|       grp_fu_1414_p2                                           |     |        | add_ln100_17                             | add    | fabric   | 0       |
|       grp_fu_1408_p2                                           |     |        | add_ln100_18                             | add    | fabric   | 0       |
|       grp_fu_1413_p2                                           |     |        | add_ln100_19                             | add    | fabric   | 0       |
|       grp_fu_1410_p2                                           |     |        | add_ln100_20                             | add    | fabric   | 0       |
|       grp_fu_1411_p2                                           |     |        | add_ln100_21                             | add    | fabric   | 0       |
|       grp_fu_1409_p2                                           |     |        | add_ln100_22                             | add    | fabric   | 0       |
|       grp_fu_1415_p2                                           |     |        | add_ln100_23                             | add    | fabric   | 0       |
|       grp_fu_1412_p2                                           |     |        | add_ln100_24                             | add    | fabric   | 0       |
|       grp_fu_1414_p2                                           |     |        | add_ln100_25                             | add    | fabric   | 0       |
|       grp_fu_1408_p2                                           |     |        | add_ln100_26                             | add    | fabric   | 0       |
|       grp_fu_1413_p2                                           |     |        | add_ln100_27                             | add    | fabric   | 0       |
|       grp_fu_1410_p2                                           |     |        | add_ln100_28                             | add    | fabric   | 0       |
|       grp_fu_1411_p2                                           |     |        | add_ln100_29                             | add    | fabric   | 0       |
|       grp_fu_1409_p2                                           |     |        | add_ln100_30                             | add    | fabric   | 0       |
|       grp_fu_1415_p2                                           |     |        | add_ln89                                 | add    | fabric   | 0       |
|       grp_fu_1412_p2                                           |     |        | add_ln89_1                               | add    | fabric   | 0       |
|       grp_fu_1414_p2                                           |     |        | add_ln89_2                               | add    | fabric   | 0       |
|       grp_fu_1408_p2                                           |     |        | add_ln89_3                               | add    | fabric   | 0       |
|       grp_fu_1413_p2                                           |     |        | add_ln89_4                               | add    | fabric   | 0       |
|       grp_fu_1410_p2                                           |     |        | add_ln89_5                               | add    | fabric   | 0       |
|       grp_fu_1411_p2                                           |     |        | add_ln89_6                               | add    | fabric   | 0       |
|       grp_fu_1409_p2                                           |     |        | add_ln89_7                               | add    | fabric   | 0       |
|       grp_fu_1415_p2                                           |     |        | add_ln89_8                               | add    | fabric   | 0       |
|       grp_fu_1412_p2                                           |     |        | add_ln89_9                               | add    | fabric   | 0       |
|       grp_fu_1414_p2                                           |     |        | add_ln89_10                              | add    | fabric   | 0       |
|       grp_fu_1408_p2                                           |     |        | add_ln89_11                              | add    | fabric   | 0       |
|       grp_fu_1413_p2                                           |     |        | add_ln89_12                              | add    | fabric   | 0       |
|       grp_fu_1410_p2                                           |     |        | add_ln89_13                              | add    | fabric   | 0       |
|       grp_fu_1411_p2                                           |     |        | add_ln89_14                              | add    | fabric   | 0       |
|       grp_fu_1409_p2                                           |     |        | add_ln89_15                              | add    | fabric   | 0       |
|       grp_fu_1415_p2                                           |     |        | add_ln89_16                              | add    | fabric   | 0       |
|       grp_fu_1412_p2                                           |     |        | add_ln89_17                              | add    | fabric   | 0       |
|       grp_fu_1414_p2                                           |     |        | add_ln89_18                              | add    | fabric   | 0       |
|       grp_fu_1408_p2                                           |     |        | add_ln89_19                              | add    | fabric   | 0       |
|       grp_fu_1413_p2                                           |     |        | add_ln89_20                              | add    | fabric   | 0       |
|       grp_fu_1410_p2                                           |     |        | add_ln89_21                              | add    | fabric   | 0       |
|       grp_fu_1411_p2                                           |     |        | add_ln89_22                              | add    | fabric   | 0       |
|       grp_fu_1409_p2                                           |     |        | add_ln89_23                              | add    | fabric   | 0       |
|       grp_fu_1415_p2                                           |     |        | add_ln89_24                              | add    | fabric   | 0       |
|       grp_fu_1412_p2                                           |     |        | add_ln89_25                              | add    | fabric   | 0       |
|       grp_fu_1414_p2                                           |     |        | add_ln89_26                              | add    | fabric   | 0       |
|       grp_fu_1408_p2                                           |     |        | add_ln89_27                              | add    | fabric   | 0       |
|       grp_fu_1413_p2                                           |     |        | add_ln89_28                              | add    | fabric   | 0       |
|       grp_fu_1410_p2                                           |     |        | add_ln89_29                              | add    | fabric   | 0       |
|       grp_fu_1411_p2                                           |     |        | add_ln89_30                              | add    | fabric   | 0       |
|       grp_fu_1409_p2                                           |     |        | add_ln89_31                              | add    | fabric   | 0       |
|       grp_fu_1415_p2                                           |     |        | add_ln87                                 | add    | fabric   | 0       |
|       grp_fu_12583_p2                                          |     |        | icmp_ln87                                | seteq  | auto     | 0       |
|       b_64_fu_13773_p3                                         |     |        | b_64                                     | select | auto_sel | 0       |
|       fmul_32ns_32ns_32_5_max_dsp_1_U233                       | 3   |        | f_1                                      | fmul   | maxdsp   | 4       |
|       fadd_32ns_32ns_32_8_full_dsp_1_U225                      | 2   |        | f                                        | fadd   | fulldsp  | 7       |
|       icmp_ln97_fu_14555_p2                                    |     |        | icmp_ln97                                | setlt  | auto     | 0       |
|       xor_ln96_fu_14564_p2                                     |     |        | xor_ln96                                 | xor    | auto     | 0       |
|       or_ln95_fu_14569_p2                                      |     |        | or_ln95                                  | or     | auto     | 0       |
|       and_ln94_fu_14574_p2                                     |     |        | and_ln94                                 | and    | auto     | 0       |
|       grp_fu_2767_p2                                           |     |        | sub_ln93                                 | sub    | fabric   | 0       |
|       grp_fu_1415_p2                                           |     |        | add_ln92                                 | add    | fabric   | 0       |
|       grp_fu_1412_p2                                           |     |        | add_ln87_1                               | add    | fabric   | 0       |
|       grp_fu_12599_p2                                          |     |        | icmp_ln87_1                              | seteq  | auto     | 0       |
|       b_65_fu_13805_p3                                         |     |        | b_65                                     | select | auto_sel | 0       |
|       fmul_32ns_32ns_32_5_max_dsp_1_U234                       | 3   |        | f_2                                      | fmul   | maxdsp   | 4       |
|       fadd_32ns_32ns_32_8_full_dsp_1_U226                      | 2   |        | f_3                                      | fadd   | fulldsp  | 7       |
|       icmp_ln97_1_fu_14585_p2                                  |     |        | icmp_ln97_1                              | setlt  | auto     | 0       |
|       xor_ln96_1_fu_14594_p2                                   |     |        | xor_ln96_1                               | xor    | auto     | 0       |
|       or_ln95_1_fu_14599_p2                                    |     |        | or_ln95_1                                | or     | auto     | 0       |
|       and_ln94_1_fu_14604_p2                                   |     |        | and_ln94_1                               | and    | auto     | 0       |
|       grp_fu_2764_p2                                           |     |        | sub_ln93_1                               | sub    | fabric   | 0       |
|       grp_fu_1412_p2                                           |     |        | add_ln92_1                               | add    | fabric   | 0       |
|       grp_fu_1414_p2                                           |     |        | add_ln87_2                               | add    | fabric   | 0       |
|       grp_fu_12615_p2                                          |     |        | icmp_ln87_2                              | seteq  | auto     | 0       |
|       b_66_fu_13837_p3                                         |     |        | b_66                                     | select | auto_sel | 0       |
|       fmul_32ns_32ns_32_5_max_dsp_1_U235                       | 3   |        | f_4                                      | fmul   | maxdsp   | 4       |
|       fadd_32ns_32ns_32_8_full_dsp_1_U227                      | 2   |        | f_5                                      | fadd   | fulldsp  | 7       |
|       icmp_ln97_2_fu_14615_p2                                  |     |        | icmp_ln97_2                              | setlt  | auto     | 0       |
|       xor_ln96_2_fu_14624_p2                                   |     |        | xor_ln96_2                               | xor    | auto     | 0       |
|       or_ln95_2_fu_14629_p2                                    |     |        | or_ln95_2                                | or     | auto     | 0       |
|       and_ln94_2_fu_14634_p2                                   |     |        | and_ln94_2                               | and    | auto     | 0       |
|       grp_fu_2766_p2                                           |     |        | sub_ln93_2                               | sub    | fabric   | 0       |
|       grp_fu_1414_p2                                           |     |        | add_ln92_2                               | add    | fabric   | 0       |
|       grp_fu_1408_p2                                           |     |        | add_ln87_3                               | add    | fabric   | 0       |
|       grp_fu_12631_p2                                          |     |        | icmp_ln87_3                              | seteq  | auto     | 0       |
|       b_67_fu_13869_p3                                         |     |        | b_67                                     | select | auto_sel | 0       |
|       fmul_32ns_32ns_32_5_max_dsp_1_U236                       | 3   |        | f_6                                      | fmul   | maxdsp   | 4       |
|       fadd_32ns_32ns_32_8_full_dsp_1_U228                      | 2   |        | f_7                                      | fadd   | fulldsp  | 7       |
|       icmp_ln97_3_fu_14645_p2                                  |     |        | icmp_ln97_3                              | setlt  | auto     | 0       |
|       xor_ln96_3_fu_14654_p2                                   |     |        | xor_ln96_3                               | xor    | auto     | 0       |
|       or_ln95_3_fu_14659_p2                                    |     |        | or_ln95_3                                | or     | auto     | 0       |
|       and_ln94_3_fu_14664_p2                                   |     |        | and_ln94_3                               | and    | auto     | 0       |
|       grp_fu_2760_p2                                           |     |        | sub_ln93_3                               | sub    | fabric   | 0       |
|       grp_fu_1408_p2                                           |     |        | add_ln92_3                               | add    | fabric   | 0       |
|       grp_fu_1413_p2                                           |     |        | add_ln87_4                               | add    | fabric   | 0       |
|       grp_fu_12647_p2                                          |     |        | icmp_ln87_4                              | seteq  | auto     | 0       |
|       b_68_fu_13901_p3                                         |     |        | b_68                                     | select | auto_sel | 0       |
|       fmul_32ns_32ns_32_5_max_dsp_1_U237                       | 3   |        | f_8                                      | fmul   | maxdsp   | 4       |
|       fadd_32ns_32ns_32_8_full_dsp_1_U229                      | 2   |        | f_9                                      | fadd   | fulldsp  | 7       |
|       icmp_ln97_4_fu_14675_p2                                  |     |        | icmp_ln97_4                              | setlt  | auto     | 0       |
|       xor_ln96_4_fu_14684_p2                                   |     |        | xor_ln96_4                               | xor    | auto     | 0       |
|       or_ln95_4_fu_14689_p2                                    |     |        | or_ln95_4                                | or     | auto     | 0       |
|       and_ln94_4_fu_14694_p2                                   |     |        | and_ln94_4                               | and    | auto     | 0       |
|       grp_fu_2765_p2                                           |     |        | sub_ln93_4                               | sub    | fabric   | 0       |
|       grp_fu_1413_p2                                           |     |        | add_ln92_4                               | add    | fabric   | 0       |
|       grp_fu_1410_p2                                           |     |        | add_ln87_5                               | add    | fabric   | 0       |
|       grp_fu_12663_p2                                          |     |        | icmp_ln87_5                              | seteq  | auto     | 0       |
|       b_69_fu_13933_p3                                         |     |        | b_69                                     | select | auto_sel | 0       |
|       fmul_32ns_32ns_32_5_max_dsp_1_U233                       | 3   |        | f_10                                     | fmul   | maxdsp   | 4       |
|       fadd_32ns_32ns_32_8_full_dsp_1_U230                      | 2   |        | f_11                                     | fadd   | fulldsp  | 7       |
|       icmp_ln97_5_fu_14705_p2                                  |     |        | icmp_ln97_5                              | setlt  | auto     | 0       |
|       xor_ln96_5_fu_14714_p2                                   |     |        | xor_ln96_5                               | xor    | auto     | 0       |
|       or_ln95_5_fu_14719_p2                                    |     |        | or_ln95_5                                | or     | auto     | 0       |
|       and_ln94_5_fu_14724_p2                                   |     |        | and_ln94_5                               | and    | auto     | 0       |
|       grp_fu_2762_p2                                           |     |        | sub_ln93_5                               | sub    | fabric   | 0       |
|       grp_fu_1410_p2                                           |     |        | add_ln92_5                               | add    | fabric   | 0       |
|       grp_fu_1411_p2                                           |     |        | add_ln87_6                               | add    | fabric   | 0       |
|       grp_fu_12679_p2                                          |     |        | icmp_ln87_6                              | seteq  | auto     | 0       |
|       b_70_fu_13965_p3                                         |     |        | b_70                                     | select | auto_sel | 0       |
|       fmul_32ns_32ns_32_5_max_dsp_1_U234                       | 3   |        | f_12                                     | fmul   | maxdsp   | 4       |
|       fadd_32ns_32ns_32_8_full_dsp_1_U231                      | 2   |        | f_13                                     | fadd   | fulldsp  | 7       |
|       icmp_ln97_6_fu_14735_p2                                  |     |        | icmp_ln97_6                              | setlt  | auto     | 0       |
|       xor_ln96_6_fu_14744_p2                                   |     |        | xor_ln96_6                               | xor    | auto     | 0       |
|       or_ln95_6_fu_14749_p2                                    |     |        | or_ln95_6                                | or     | auto     | 0       |
|       and_ln94_6_fu_14754_p2                                   |     |        | and_ln94_6                               | and    | auto     | 0       |
|       grp_fu_2763_p2                                           |     |        | sub_ln93_6                               | sub    | fabric   | 0       |
|       grp_fu_1411_p2                                           |     |        | add_ln92_6                               | add    | fabric   | 0       |
|       grp_fu_1409_p2                                           |     |        | add_ln87_7                               | add    | fabric   | 0       |
|       grp_fu_12695_p2                                          |     |        | icmp_ln87_7                              | seteq  | auto     | 0       |
|       b_71_fu_13997_p3                                         |     |        | b_71                                     | select | auto_sel | 0       |
|       fmul_32ns_32ns_32_5_max_dsp_1_U235                       | 3   |        | f_14                                     | fmul   | maxdsp   | 4       |
|       fadd_32ns_32ns_32_8_full_dsp_1_U232                      | 2   |        | f_15                                     | fadd   | fulldsp  | 7       |
|       icmp_ln97_7_fu_14765_p2                                  |     |        | icmp_ln97_7                              | setlt  | auto     | 0       |
|       xor_ln96_7_fu_14774_p2                                   |     |        | xor_ln96_7                               | xor    | auto     | 0       |
|       or_ln95_7_fu_14779_p2                                    |     |        | or_ln95_7                                | or     | auto     | 0       |
|       and_ln94_7_fu_14784_p2                                   |     |        | and_ln94_7                               | and    | auto     | 0       |
|       grp_fu_2761_p2                                           |     |        | sub_ln93_7                               | sub    | fabric   | 0       |
|       grp_fu_1409_p2                                           |     |        | add_ln92_7                               | add    | fabric   | 0       |
|       grp_fu_1415_p2                                           |     |        | add_ln87_8                               | add    | fabric   | 0       |
|       grp_fu_12583_p2                                          |     |        | icmp_ln87_8                              | seteq  | auto     | 0       |
|       b_72_fu_14133_p3                                         |     |        | b_72                                     | select | auto_sel | 0       |
|       fmul_32ns_32ns_32_5_max_dsp_1_U236                       | 3   |        | f_16                                     | fmul   | maxdsp   | 4       |
|       fadd_32ns_32ns_32_8_full_dsp_1_U225                      | 2   |        | f_17                                     | fadd   | fulldsp  | 7       |
|       icmp_ln97_8_fu_14939_p2                                  |     |        | icmp_ln97_8                              | setlt  | auto     | 0       |
|       xor_ln96_8_fu_14948_p2                                   |     |        | xor_ln96_8                               | xor    | auto     | 0       |
|       or_ln95_8_fu_14953_p2                                    |     |        | or_ln95_8                                | or     | auto     | 0       |
|       and_ln94_8_fu_14958_p2                                   |     |        | and_ln94_8                               | and    | auto     | 0       |
|       grp_fu_2767_p2                                           |     |        | sub_ln93_8                               | sub    | fabric   | 0       |
|       grp_fu_1415_p2                                           |     |        | add_ln92_8                               | add    | fabric   | 0       |
|       grp_fu_1412_p2                                           |     |        | add_ln87_9                               | add    | fabric   | 0       |
|       grp_fu_12599_p2                                          |     |        | icmp_ln87_9                              | seteq  | auto     | 0       |
|       b_73_fu_14140_p3                                         |     |        | b_73                                     | select | auto_sel | 0       |
|       fmul_32ns_32ns_32_5_max_dsp_1_U237                       | 3   |        | f_18                                     | fmul   | maxdsp   | 4       |
|       fadd_32ns_32ns_32_8_full_dsp_1_U226                      | 2   |        | f_19                                     | fadd   | fulldsp  | 7       |
|       icmp_ln97_9_fu_14969_p2                                  |     |        | icmp_ln97_9                              | setlt  | auto     | 0       |
|       xor_ln96_9_fu_14978_p2                                   |     |        | xor_ln96_9                               | xor    | auto     | 0       |
|       or_ln95_9_fu_14983_p2                                    |     |        | or_ln95_9                                | or     | auto     | 0       |
|       and_ln94_9_fu_14988_p2                                   |     |        | and_ln94_9                               | and    | auto     | 0       |
|       grp_fu_2764_p2                                           |     |        | sub_ln93_9                               | sub    | fabric   | 0       |
|       grp_fu_1412_p2                                           |     |        | add_ln92_9                               | add    | fabric   | 0       |
|       grp_fu_1414_p2                                           |     |        | add_ln87_10                              | add    | fabric   | 0       |
|       grp_fu_12615_p2                                          |     |        | icmp_ln87_10                             | seteq  | auto     | 0       |
|       b_74_fu_14147_p3                                         |     |        | b_74                                     | select | auto_sel | 0       |
|       fmul_32ns_32ns_32_5_max_dsp_1_U233                       | 3   |        | f_20                                     | fmul   | maxdsp   | 4       |
|       fadd_32ns_32ns_32_8_full_dsp_1_U227                      | 2   |        | f_21                                     | fadd   | fulldsp  | 7       |
|       icmp_ln97_10_fu_14999_p2                                 |     |        | icmp_ln97_10                             | setlt  | auto     | 0       |
|       xor_ln96_10_fu_15008_p2                                  |     |        | xor_ln96_10                              | xor    | auto     | 0       |
|       or_ln95_10_fu_15013_p2                                   |     |        | or_ln95_10                               | or     | auto     | 0       |
|       and_ln94_10_fu_15018_p2                                  |     |        | and_ln94_10                              | and    | auto     | 0       |
|       grp_fu_2766_p2                                           |     |        | sub_ln93_10                              | sub    | fabric   | 0       |
|       grp_fu_1414_p2                                           |     |        | add_ln92_10                              | add    | fabric   | 0       |
|       grp_fu_1408_p2                                           |     |        | add_ln87_11                              | add    | fabric   | 0       |
|       grp_fu_12631_p2                                          |     |        | icmp_ln87_11                             | seteq  | auto     | 0       |
|       b_75_fu_14154_p3                                         |     |        | b_75                                     | select | auto_sel | 0       |
|       fmul_32ns_32ns_32_5_max_dsp_1_U234                       | 3   |        | f_22                                     | fmul   | maxdsp   | 4       |
|       fadd_32ns_32ns_32_8_full_dsp_1_U228                      | 2   |        | f_23                                     | fadd   | fulldsp  | 7       |
|       icmp_ln97_11_fu_15029_p2                                 |     |        | icmp_ln97_11                             | setlt  | auto     | 0       |
|       xor_ln96_11_fu_15038_p2                                  |     |        | xor_ln96_11                              | xor    | auto     | 0       |
|       or_ln95_11_fu_15043_p2                                   |     |        | or_ln95_11                               | or     | auto     | 0       |
|       and_ln94_11_fu_15048_p2                                  |     |        | and_ln94_11                              | and    | auto     | 0       |
|       grp_fu_2760_p2                                           |     |        | sub_ln93_11                              | sub    | fabric   | 0       |
|       grp_fu_1408_p2                                           |     |        | add_ln92_11                              | add    | fabric   | 0       |
|       grp_fu_1413_p2                                           |     |        | add_ln87_12                              | add    | fabric   | 0       |
|       grp_fu_12647_p2                                          |     |        | icmp_ln87_12                             | seteq  | auto     | 0       |
|       b_76_fu_14161_p3                                         |     |        | b_76                                     | select | auto_sel | 0       |
|       fmul_32ns_32ns_32_5_max_dsp_1_U235                       | 3   |        | f_24                                     | fmul   | maxdsp   | 4       |
|       fadd_32ns_32ns_32_8_full_dsp_1_U229                      | 2   |        | f_25                                     | fadd   | fulldsp  | 7       |
|       icmp_ln97_12_fu_15059_p2                                 |     |        | icmp_ln97_12                             | setlt  | auto     | 0       |
|       xor_ln96_12_fu_15068_p2                                  |     |        | xor_ln96_12                              | xor    | auto     | 0       |
|       or_ln95_12_fu_15073_p2                                   |     |        | or_ln95_12                               | or     | auto     | 0       |
|       and_ln94_12_fu_15078_p2                                  |     |        | and_ln94_12                              | and    | auto     | 0       |
|       grp_fu_2765_p2                                           |     |        | sub_ln93_12                              | sub    | fabric   | 0       |
|       grp_fu_1413_p2                                           |     |        | add_ln92_12                              | add    | fabric   | 0       |
|       grp_fu_1410_p2                                           |     |        | add_ln87_13                              | add    | fabric   | 0       |
|       grp_fu_12663_p2                                          |     |        | icmp_ln87_13                             | seteq  | auto     | 0       |
|       b_77_fu_14168_p3                                         |     |        | b_77                                     | select | auto_sel | 0       |
|       fmul_32ns_32ns_32_5_max_dsp_1_U236                       | 3   |        | f_26                                     | fmul   | maxdsp   | 4       |
|       fadd_32ns_32ns_32_8_full_dsp_1_U230                      | 2   |        | f_27                                     | fadd   | fulldsp  | 7       |
|       icmp_ln97_13_fu_15089_p2                                 |     |        | icmp_ln97_13                             | setlt  | auto     | 0       |
|       xor_ln96_13_fu_15098_p2                                  |     |        | xor_ln96_13                              | xor    | auto     | 0       |
|       or_ln95_13_fu_15103_p2                                   |     |        | or_ln95_13                               | or     | auto     | 0       |
|       and_ln94_13_fu_15108_p2                                  |     |        | and_ln94_13                              | and    | auto     | 0       |
|       grp_fu_2762_p2                                           |     |        | sub_ln93_13                              | sub    | fabric   | 0       |
|       grp_fu_1410_p2                                           |     |        | add_ln92_13                              | add    | fabric   | 0       |
|       grp_fu_1411_p2                                           |     |        | add_ln87_14                              | add    | fabric   | 0       |
|       grp_fu_12679_p2                                          |     |        | icmp_ln87_14                             | seteq  | auto     | 0       |
|       b_78_fu_14175_p3                                         |     |        | b_78                                     | select | auto_sel | 0       |
|       fmul_32ns_32ns_32_5_max_dsp_1_U237                       | 3   |        | f_28                                     | fmul   | maxdsp   | 4       |
|       fadd_32ns_32ns_32_8_full_dsp_1_U231                      | 2   |        | f_29                                     | fadd   | fulldsp  | 7       |
|       icmp_ln97_14_fu_15119_p2                                 |     |        | icmp_ln97_14                             | setlt  | auto     | 0       |
|       xor_ln96_14_fu_15128_p2                                  |     |        | xor_ln96_14                              | xor    | auto     | 0       |
|       or_ln95_14_fu_15133_p2                                   |     |        | or_ln95_14                               | or     | auto     | 0       |
|       and_ln94_14_fu_15138_p2                                  |     |        | and_ln94_14                              | and    | auto     | 0       |
|       grp_fu_2763_p2                                           |     |        | sub_ln93_14                              | sub    | fabric   | 0       |
|       grp_fu_1411_p2                                           |     |        | add_ln92_14                              | add    | fabric   | 0       |
|       grp_fu_1409_p2                                           |     |        | add_ln87_15                              | add    | fabric   | 0       |
|       grp_fu_12695_p2                                          |     |        | icmp_ln87_15                             | seteq  | auto     | 0       |
|       b_79_fu_14182_p3                                         |     |        | b_79                                     | select | auto_sel | 0       |
|       fmul_32ns_32ns_32_5_max_dsp_1_U233                       | 3   |        | f_30                                     | fmul   | maxdsp   | 4       |
|       fadd_32ns_32ns_32_8_full_dsp_1_U232                      | 2   |        | f_31                                     | fadd   | fulldsp  | 7       |
|       icmp_ln97_15_fu_15149_p2                                 |     |        | icmp_ln97_15                             | setlt  | auto     | 0       |
|       xor_ln96_15_fu_15158_p2                                  |     |        | xor_ln96_15                              | xor    | auto     | 0       |
|       or_ln95_15_fu_15163_p2                                   |     |        | or_ln95_15                               | or     | auto     | 0       |
|       and_ln94_15_fu_15168_p2                                  |     |        | and_ln94_15                              | and    | auto     | 0       |
|       grp_fu_2761_p2                                           |     |        | sub_ln93_15                              | sub    | fabric   | 0       |
|       grp_fu_1409_p2                                           |     |        | add_ln92_15                              | add    | fabric   | 0       |
|       grp_fu_1415_p2                                           |     |        | add_ln87_16                              | add    | fabric   | 0       |
|       grp_fu_12583_p2                                          |     |        | icmp_ln87_16                             | seteq  | auto     | 0       |
|       b_80_fu_14293_p3                                         |     |        | b_80                                     | select | auto_sel | 0       |
|       fmul_32ns_32ns_32_5_max_dsp_1_U234                       | 3   |        | f_32                                     | fmul   | maxdsp   | 4       |
|       fadd_32ns_32ns_32_8_full_dsp_1_U225                      | 2   |        | f_33                                     | fadd   | fulldsp  | 7       |
|       icmp_ln97_16_fu_15284_p2                                 |     |        | icmp_ln97_16                             | setlt  | auto     | 0       |
|       xor_ln96_16_fu_15293_p2                                  |     |        | xor_ln96_16                              | xor    | auto     | 0       |
|       or_ln95_16_fu_15298_p2                                   |     |        | or_ln95_16                               | or     | auto     | 0       |
|       and_ln94_16_fu_15303_p2                                  |     |        | and_ln94_16                              | and    | auto     | 0       |
|       grp_fu_2767_p2                                           |     |        | sub_ln93_16                              | sub    | fabric   | 0       |
|       grp_fu_1415_p2                                           |     |        | add_ln92_16                              | add    | fabric   | 0       |
|       grp_fu_1412_p2                                           |     |        | add_ln87_17                              | add    | fabric   | 0       |
|       grp_fu_12599_p2                                          |     |        | icmp_ln87_17                             | seteq  | auto     | 0       |
|       b_81_fu_14300_p3                                         |     |        | b_81                                     | select | auto_sel | 0       |
|       fmul_32ns_32ns_32_5_max_dsp_1_U235                       | 3   |        | f_34                                     | fmul   | maxdsp   | 4       |
|       fadd_32ns_32ns_32_8_full_dsp_1_U226                      | 2   |        | f_35                                     | fadd   | fulldsp  | 7       |
|       icmp_ln97_17_fu_15314_p2                                 |     |        | icmp_ln97_17                             | setlt  | auto     | 0       |
|       xor_ln96_17_fu_15323_p2                                  |     |        | xor_ln96_17                              | xor    | auto     | 0       |
|       or_ln95_17_fu_15328_p2                                   |     |        | or_ln95_17                               | or     | auto     | 0       |
|       and_ln94_17_fu_15333_p2                                  |     |        | and_ln94_17                              | and    | auto     | 0       |
|       grp_fu_2764_p2                                           |     |        | sub_ln93_17                              | sub    | fabric   | 0       |
|       grp_fu_1412_p2                                           |     |        | add_ln92_17                              | add    | fabric   | 0       |
|       grp_fu_1414_p2                                           |     |        | add_ln87_18                              | add    | fabric   | 0       |
|       grp_fu_12615_p2                                          |     |        | icmp_ln87_18                             | seteq  | auto     | 0       |
|       b_82_fu_14307_p3                                         |     |        | b_82                                     | select | auto_sel | 0       |
|       fmul_32ns_32ns_32_5_max_dsp_1_U236                       | 3   |        | f_36                                     | fmul   | maxdsp   | 4       |
|       fadd_32ns_32ns_32_8_full_dsp_1_U227                      | 2   |        | f_37                                     | fadd   | fulldsp  | 7       |
|       icmp_ln97_18_fu_15344_p2                                 |     |        | icmp_ln97_18                             | setlt  | auto     | 0       |
|       xor_ln96_18_fu_15353_p2                                  |     |        | xor_ln96_18                              | xor    | auto     | 0       |
|       or_ln95_18_fu_15358_p2                                   |     |        | or_ln95_18                               | or     | auto     | 0       |
|       and_ln94_18_fu_15363_p2                                  |     |        | and_ln94_18                              | and    | auto     | 0       |
|       grp_fu_2766_p2                                           |     |        | sub_ln93_18                              | sub    | fabric   | 0       |
|       grp_fu_1414_p2                                           |     |        | add_ln92_18                              | add    | fabric   | 0       |
|       grp_fu_1408_p2                                           |     |        | add_ln87_19                              | add    | fabric   | 0       |
|       grp_fu_12631_p2                                          |     |        | icmp_ln87_19                             | seteq  | auto     | 0       |
|       b_83_fu_14314_p3                                         |     |        | b_83                                     | select | auto_sel | 0       |
|       fmul_32ns_32ns_32_5_max_dsp_1_U237                       | 3   |        | f_38                                     | fmul   | maxdsp   | 4       |
|       fadd_32ns_32ns_32_8_full_dsp_1_U228                      | 2   |        | f_39                                     | fadd   | fulldsp  | 7       |
|       icmp_ln97_19_fu_15374_p2                                 |     |        | icmp_ln97_19                             | setlt  | auto     | 0       |
|       xor_ln96_19_fu_15383_p2                                  |     |        | xor_ln96_19                              | xor    | auto     | 0       |
|       or_ln95_19_fu_15388_p2                                   |     |        | or_ln95_19                               | or     | auto     | 0       |
|       and_ln94_19_fu_15393_p2                                  |     |        | and_ln94_19                              | and    | auto     | 0       |
|       grp_fu_2760_p2                                           |     |        | sub_ln93_19                              | sub    | fabric   | 0       |
|       grp_fu_1408_p2                                           |     |        | add_ln92_19                              | add    | fabric   | 0       |
|       grp_fu_1413_p2                                           |     |        | add_ln87_20                              | add    | fabric   | 0       |
|       grp_fu_12647_p2                                          |     |        | icmp_ln87_20                             | seteq  | auto     | 0       |
|       b_84_fu_14321_p3                                         |     |        | b_84                                     | select | auto_sel | 0       |
|       fmul_32ns_32ns_32_5_max_dsp_1_U233                       | 3   |        | f_40                                     | fmul   | maxdsp   | 4       |
|       fadd_32ns_32ns_32_8_full_dsp_1_U229                      | 2   |        | f_41                                     | fadd   | fulldsp  | 7       |
|       icmp_ln97_20_fu_15404_p2                                 |     |        | icmp_ln97_20                             | setlt  | auto     | 0       |
|       xor_ln96_20_fu_15413_p2                                  |     |        | xor_ln96_20                              | xor    | auto     | 0       |
|       or_ln95_20_fu_15418_p2                                   |     |        | or_ln95_20                               | or     | auto     | 0       |
|       and_ln94_20_fu_15423_p2                                  |     |        | and_ln94_20                              | and    | auto     | 0       |
|       grp_fu_2765_p2                                           |     |        | sub_ln93_20                              | sub    | fabric   | 0       |
|       grp_fu_1413_p2                                           |     |        | add_ln92_20                              | add    | fabric   | 0       |
|       grp_fu_1410_p2                                           |     |        | add_ln87_21                              | add    | fabric   | 0       |
|       grp_fu_12663_p2                                          |     |        | icmp_ln87_21                             | seteq  | auto     | 0       |
|       b_85_fu_14328_p3                                         |     |        | b_85                                     | select | auto_sel | 0       |
|       fmul_32ns_32ns_32_5_max_dsp_1_U234                       | 3   |        | f_42                                     | fmul   | maxdsp   | 4       |
|       fadd_32ns_32ns_32_8_full_dsp_1_U230                      | 2   |        | f_43                                     | fadd   | fulldsp  | 7       |
|       icmp_ln97_21_fu_15434_p2                                 |     |        | icmp_ln97_21                             | setlt  | auto     | 0       |
|       xor_ln96_21_fu_15443_p2                                  |     |        | xor_ln96_21                              | xor    | auto     | 0       |
|       or_ln95_21_fu_15448_p2                                   |     |        | or_ln95_21                               | or     | auto     | 0       |
|       and_ln94_21_fu_15453_p2                                  |     |        | and_ln94_21                              | and    | auto     | 0       |
|       grp_fu_2762_p2                                           |     |        | sub_ln93_21                              | sub    | fabric   | 0       |
|       grp_fu_1410_p2                                           |     |        | add_ln92_21                              | add    | fabric   | 0       |
|       grp_fu_1411_p2                                           |     |        | add_ln87_22                              | add    | fabric   | 0       |
|       grp_fu_12679_p2                                          |     |        | icmp_ln87_22                             | seteq  | auto     | 0       |
|       b_86_fu_14335_p3                                         |     |        | b_86                                     | select | auto_sel | 0       |
|       fmul_32ns_32ns_32_5_max_dsp_1_U235                       | 3   |        | f_44                                     | fmul   | maxdsp   | 4       |
|       fadd_32ns_32ns_32_8_full_dsp_1_U231                      | 2   |        | f_45                                     | fadd   | fulldsp  | 7       |
|       icmp_ln97_22_fu_15464_p2                                 |     |        | icmp_ln97_22                             | setlt  | auto     | 0       |
|       xor_ln96_22_fu_15473_p2                                  |     |        | xor_ln96_22                              | xor    | auto     | 0       |
|       or_ln95_22_fu_15478_p2                                   |     |        | or_ln95_22                               | or     | auto     | 0       |
|       and_ln94_22_fu_15483_p2                                  |     |        | and_ln94_22                              | and    | auto     | 0       |
|       grp_fu_2763_p2                                           |     |        | sub_ln93_22                              | sub    | fabric   | 0       |
|       grp_fu_1411_p2                                           |     |        | add_ln92_22                              | add    | fabric   | 0       |
|       grp_fu_1409_p2                                           |     |        | add_ln87_23                              | add    | fabric   | 0       |
|       grp_fu_12695_p2                                          |     |        | icmp_ln87_23                             | seteq  | auto     | 0       |
|       b_87_fu_14342_p3                                         |     |        | b_87                                     | select | auto_sel | 0       |
|       fmul_32ns_32ns_32_5_max_dsp_1_U236                       | 3   |        | f_46                                     | fmul   | maxdsp   | 4       |
|       fadd_32ns_32ns_32_8_full_dsp_1_U232                      | 2   |        | f_47                                     | fadd   | fulldsp  | 7       |
|       icmp_ln97_23_fu_15494_p2                                 |     |        | icmp_ln97_23                             | setlt  | auto     | 0       |
|       xor_ln96_23_fu_15503_p2                                  |     |        | xor_ln96_23                              | xor    | auto     | 0       |
|       or_ln95_23_fu_15508_p2                                   |     |        | or_ln95_23                               | or     | auto     | 0       |
|       and_ln94_23_fu_15513_p2                                  |     |        | and_ln94_23                              | and    | auto     | 0       |
|       grp_fu_2761_p2                                           |     |        | sub_ln93_23                              | sub    | fabric   | 0       |
|       grp_fu_1409_p2                                           |     |        | add_ln92_23                              | add    | fabric   | 0       |
|       grp_fu_1415_p2                                           |     |        | add_ln87_24                              | add    | fabric   | 0       |
|       grp_fu_12583_p2                                          |     |        | icmp_ln87_24                             | seteq  | auto     | 0       |
|       b_88_fu_14453_p3                                         |     |        | b_88                                     | select | auto_sel | 0       |
|       fmul_32ns_32ns_32_5_max_dsp_1_U237                       | 3   |        | f_48                                     | fmul   | maxdsp   | 4       |
|       fadd_32ns_32ns_32_8_full_dsp_1_U225                      | 2   |        | f_49                                     | fadd   | fulldsp  | 7       |
|       icmp_ln97_24_fu_15629_p2                                 |     |        | icmp_ln97_24                             | setlt  | auto     | 0       |
|       xor_ln96_24_fu_15638_p2                                  |     |        | xor_ln96_24                              | xor    | auto     | 0       |
|       or_ln95_24_fu_15643_p2                                   |     |        | or_ln95_24                               | or     | auto     | 0       |
|       and_ln94_24_fu_15648_p2                                  |     |        | and_ln94_24                              | and    | auto     | 0       |
|       grp_fu_2767_p2                                           |     |        | sub_ln93_24                              | sub    | fabric   | 0       |
|       grp_fu_1415_p2                                           |     |        | add_ln92_24                              | add    | fabric   | 0       |
|       grp_fu_1412_p2                                           |     |        | add_ln87_25                              | add    | fabric   | 0       |
|       grp_fu_12599_p2                                          |     |        | icmp_ln87_25                             | seteq  | auto     | 0       |
|       b_89_fu_14460_p3                                         |     |        | b_89                                     | select | auto_sel | 0       |
|       fmul_32ns_32ns_32_5_max_dsp_1_U233                       | 3   |        | f_50                                     | fmul   | maxdsp   | 4       |
|       fadd_32ns_32ns_32_8_full_dsp_1_U226                      | 2   |        | f_51                                     | fadd   | fulldsp  | 7       |
|       icmp_ln97_25_fu_15659_p2                                 |     |        | icmp_ln97_25                             | setlt  | auto     | 0       |
|       xor_ln96_25_fu_15668_p2                                  |     |        | xor_ln96_25                              | xor    | auto     | 0       |
|       or_ln95_25_fu_15673_p2                                   |     |        | or_ln95_25                               | or     | auto     | 0       |
|       and_ln94_25_fu_15678_p2                                  |     |        | and_ln94_25                              | and    | auto     | 0       |
|       grp_fu_2764_p2                                           |     |        | sub_ln93_25                              | sub    | fabric   | 0       |
|       grp_fu_1412_p2                                           |     |        | add_ln92_25                              | add    | fabric   | 0       |
|       grp_fu_1414_p2                                           |     |        | add_ln87_26                              | add    | fabric   | 0       |
|       grp_fu_12615_p2                                          |     |        | icmp_ln87_26                             | seteq  | auto     | 0       |
|       b_90_fu_14467_p3                                         |     |        | b_90                                     | select | auto_sel | 0       |
|       fmul_32ns_32ns_32_5_max_dsp_1_U234                       | 3   |        | f_52                                     | fmul   | maxdsp   | 4       |
|       fadd_32ns_32ns_32_8_full_dsp_1_U227                      | 2   |        | f_53                                     | fadd   | fulldsp  | 7       |
|       icmp_ln97_26_fu_15689_p2                                 |     |        | icmp_ln97_26                             | setlt  | auto     | 0       |
|       xor_ln96_26_fu_15698_p2                                  |     |        | xor_ln96_26                              | xor    | auto     | 0       |
|       or_ln95_26_fu_15703_p2                                   |     |        | or_ln95_26                               | or     | auto     | 0       |
|       and_ln94_26_fu_15708_p2                                  |     |        | and_ln94_26                              | and    | auto     | 0       |
|       grp_fu_2766_p2                                           |     |        | sub_ln93_26                              | sub    | fabric   | 0       |
|       grp_fu_1414_p2                                           |     |        | add_ln92_26                              | add    | fabric   | 0       |
|       grp_fu_1408_p2                                           |     |        | add_ln87_27                              | add    | fabric   | 0       |
|       grp_fu_12631_p2                                          |     |        | icmp_ln87_27                             | seteq  | auto     | 0       |
|       b_91_fu_14474_p3                                         |     |        | b_91                                     | select | auto_sel | 0       |
|       fmul_32ns_32ns_32_5_max_dsp_1_U235                       | 3   |        | f_54                                     | fmul   | maxdsp   | 4       |
|       fadd_32ns_32ns_32_8_full_dsp_1_U228                      | 2   |        | f_55                                     | fadd   | fulldsp  | 7       |
|       icmp_ln97_27_fu_15719_p2                                 |     |        | icmp_ln97_27                             | setlt  | auto     | 0       |
|       xor_ln96_27_fu_15728_p2                                  |     |        | xor_ln96_27                              | xor    | auto     | 0       |
|       or_ln95_27_fu_15733_p2                                   |     |        | or_ln95_27                               | or     | auto     | 0       |
|       and_ln94_27_fu_15738_p2                                  |     |        | and_ln94_27                              | and    | auto     | 0       |
|       grp_fu_2760_p2                                           |     |        | sub_ln93_27                              | sub    | fabric   | 0       |
|       grp_fu_1408_p2                                           |     |        | add_ln92_27                              | add    | fabric   | 0       |
|       grp_fu_1413_p2                                           |     |        | add_ln87_28                              | add    | fabric   | 0       |
|       grp_fu_12647_p2                                          |     |        | icmp_ln87_28                             | seteq  | auto     | 0       |
|       b_92_fu_14481_p3                                         |     |        | b_92                                     | select | auto_sel | 0       |
|       fmul_32ns_32ns_32_5_max_dsp_1_U236                       | 3   |        | f_56                                     | fmul   | maxdsp   | 4       |
|       fadd_32ns_32ns_32_8_full_dsp_1_U229                      | 2   |        | f_57                                     | fadd   | fulldsp  | 7       |
|       icmp_ln97_28_fu_15749_p2                                 |     |        | icmp_ln97_28                             | setlt  | auto     | 0       |
|       xor_ln96_28_fu_15758_p2                                  |     |        | xor_ln96_28                              | xor    | auto     | 0       |
|       or_ln95_28_fu_15763_p2                                   |     |        | or_ln95_28                               | or     | auto     | 0       |
|       and_ln94_28_fu_15768_p2                                  |     |        | and_ln94_28                              | and    | auto     | 0       |
|       grp_fu_2765_p2                                           |     |        | sub_ln93_28                              | sub    | fabric   | 0       |
|       grp_fu_1413_p2                                           |     |        | add_ln92_28                              | add    | fabric   | 0       |
|       grp_fu_1410_p2                                           |     |        | add_ln87_29                              | add    | fabric   | 0       |
|       grp_fu_12663_p2                                          |     |        | icmp_ln87_29                             | seteq  | auto     | 0       |
|       b_93_fu_14488_p3                                         |     |        | b_93                                     | select | auto_sel | 0       |
|       fmul_32ns_32ns_32_5_max_dsp_1_U237                       | 3   |        | f_58                                     | fmul   | maxdsp   | 4       |
|       fadd_32ns_32ns_32_8_full_dsp_1_U230                      | 2   |        | f_59                                     | fadd   | fulldsp  | 7       |
|       icmp_ln97_29_fu_15779_p2                                 |     |        | icmp_ln97_29                             | setlt  | auto     | 0       |
|       xor_ln96_29_fu_15788_p2                                  |     |        | xor_ln96_29                              | xor    | auto     | 0       |
|       or_ln95_29_fu_15793_p2                                   |     |        | or_ln95_29                               | or     | auto     | 0       |
|       and_ln94_29_fu_15798_p2                                  |     |        | and_ln94_29                              | and    | auto     | 0       |
|       grp_fu_2762_p2                                           |     |        | sub_ln93_29                              | sub    | fabric   | 0       |
|       grp_fu_1410_p2                                           |     |        | add_ln92_29                              | add    | fabric   | 0       |
|       grp_fu_1411_p2                                           |     |        | add_ln87_30                              | add    | fabric   | 0       |
|       grp_fu_12679_p2                                          |     |        | icmp_ln87_30                             | seteq  | auto     | 0       |
|       b_94_fu_14495_p3                                         |     |        | b_94                                     | select | auto_sel | 0       |
|       fmul_32ns_32ns_32_5_max_dsp_1_U233                       | 3   |        | f_60                                     | fmul   | maxdsp   | 4       |
|       fadd_32ns_32ns_32_8_full_dsp_1_U231                      | 2   |        | f_61                                     | fadd   | fulldsp  | 7       |
|       icmp_ln97_30_fu_15817_p2                                 |     |        | icmp_ln97_30                             | setlt  | auto     | 0       |
|       xor_ln96_30_fu_15826_p2                                  |     |        | xor_ln96_30                              | xor    | auto     | 0       |
|       or_ln95_30_fu_15831_p2                                   |     |        | or_ln95_30                               | or     | auto     | 0       |
|       and_ln94_30_fu_15836_p2                                  |     |        | and_ln94_30                              | and    | auto     | 0       |
|       grp_fu_2763_p2                                           |     |        | sub_ln93_30                              | sub    | fabric   | 0       |
|       grp_fu_1411_p2                                           |     |        | add_ln92_30                              | add    | fabric   | 0       |
|       grp_fu_1409_p2                                           |     |        | add_ln87_31                              | add    | fabric   | 0       |
|       grp_fu_12695_p2                                          |     |        | icmp_ln87_31                             | seteq  | auto     | 0       |
|       b_95_fu_14502_p3                                         |     |        | b_95                                     | select | auto_sel | 0       |
|       fmul_32ns_32ns_32_5_max_dsp_1_U234                       | 3   |        | f_62                                     | fmul   | maxdsp   | 4       |
|       fadd_32ns_32ns_32_8_full_dsp_1_U232                      | 2   |        | f_63                                     | fadd   | fulldsp  | 7       |
|       icmp_ln97_31_fu_15855_p2                                 |     |        | icmp_ln97_31                             | setlt  | auto     | 0       |
|       xor_ln96_31_fu_15864_p2                                  |     |        | xor_ln96_31                              | xor    | auto     | 0       |
|       or_ln95_31_fu_15869_p2                                   |     |        | or_ln95_31                               | or     | auto     | 0       |
|       and_ln94_31_fu_15874_p2                                  |     |        | and_ln94_31                              | and    | auto     | 0       |
|       grp_fu_2761_p2                                           |     |        | sub_ln93_31                              | sub    | fabric   | 0       |
|       grp_fu_1409_p2                                           |     |        | add_ln92_31                              | add    | fabric   | 0       |
|   + compute_pipeline_6                                         | 31  |        |                                          |        |          |         |
|    + executeOneWarp_110 (grp_executeOneWarp_110_fu_725)        | 31  |        |                                          |        |          |         |
|      icmp_ln238_fu_2563_p2                                     |     |        | icmp_ln238                               | setlt  | auto     | 0       |
|      icmp_ln240_fu_2578_p2                                     |     |        | icmp_ln240                               | seteq  | auto     | 0       |
|      and_ln238_fu_2584_p2                                      |     |        | and_ln238                                | and    | auto     | 0       |
|      add_ln242_fu_2594_p2                                      |     |        | add_ln242                                | add    | fabric   | 0       |
|      icmp_ln246_fu_2634_p2                                     |     |        | icmp_ln246                               | seteq  | auto     | 0       |
|      instr_count_10_fu_2639_p2                                 |     |        | instr_count_10                           | add    | fabric   | 0       |
|      icmp_ln152_fu_2654_p2                                     |     |        | icmp_ln152                               | seteq  | auto     | 0       |
|      simt_sp_2_fu_2660_p2                                      |     |        | simt_sp_2                                | add    | fabric   | 0       |
|      simt_active_mask_2_fu_3577_p2                             |     |        | simt_active_mask_2                       | or     | auto     | 0       |
|      st_resume_pc_fu_2698_p2                                   |     |        | st_resume_pc                             | add    | fabric   | 0       |
|      add_ln174_fu_2762_p2                                      |     |        | add_ln174                                | add    | fabric   | 0       |
|      add_ln174_33_fu_2771_p2                                   |     |        | add_ln174_33                             | add    | fabric   | 0       |
|      add_ln174_34_fu_2780_p2                                   |     |        | add_ln174_34                             | add    | fabric   | 0       |
|      add_ln174_35_fu_2789_p2                                   |     |        | add_ln174_35                             | add    | fabric   | 0       |
|      add_ln174_36_fu_2798_p2                                   |     |        | add_ln174_36                             | add    | fabric   | 0       |
|      add_ln174_37_fu_2807_p2                                   |     |        | add_ln174_37                             | add    | fabric   | 0       |
|      add_ln174_38_fu_2816_p2                                   |     |        | add_ln174_38                             | add    | fabric   | 0       |
|      add_ln174_39_fu_2825_p2                                   |     |        | add_ln174_39                             | add    | fabric   | 0       |
|      add_ln174_40_fu_2834_p2                                   |     |        | add_ln174_40                             | add    | fabric   | 0       |
|      add_ln174_41_fu_2843_p2                                   |     |        | add_ln174_41                             | add    | fabric   | 0       |
|      add_ln174_42_fu_2852_p2                                   |     |        | add_ln174_42                             | add    | fabric   | 0       |
|      add_ln174_43_fu_2861_p2                                   |     |        | add_ln174_43                             | add    | fabric   | 0       |
|      add_ln174_44_fu_2870_p2                                   |     |        | add_ln174_44                             | add    | fabric   | 0       |
|      add_ln174_45_fu_2879_p2                                   |     |        | add_ln174_45                             | add    | fabric   | 0       |
|      add_ln174_46_fu_2888_p2                                   |     |        | add_ln174_46                             | add    | fabric   | 0       |
|      add_ln174_47_fu_2897_p2                                   |     |        | add_ln174_47                             | add    | fabric   | 0       |
|      add_ln174_48_fu_2906_p2                                   |     |        | add_ln174_48                             | add    | fabric   | 0       |
|      add_ln174_49_fu_2915_p2                                   |     |        | add_ln174_49                             | add    | fabric   | 0       |
|      add_ln174_50_fu_2924_p2                                   |     |        | add_ln174_50                             | add    | fabric   | 0       |
|      add_ln174_51_fu_2933_p2                                   |     |        | add_ln174_51                             | add    | fabric   | 0       |
|      add_ln174_52_fu_2942_p2                                   |     |        | add_ln174_52                             | add    | fabric   | 0       |
|      add_ln174_53_fu_2951_p2                                   |     |        | add_ln174_53                             | add    | fabric   | 0       |
|      add_ln174_54_fu_2960_p2                                   |     |        | add_ln174_54                             | add    | fabric   | 0       |
|      add_ln174_55_fu_2969_p2                                   |     |        | add_ln174_55                             | add    | fabric   | 0       |
|      add_ln174_56_fu_2978_p2                                   |     |        | add_ln174_56                             | add    | fabric   | 0       |
|      add_ln174_57_fu_2987_p2                                   |     |        | add_ln174_57                             | add    | fabric   | 0       |
|      add_ln174_58_fu_2996_p2                                   |     |        | add_ln174_58                             | add    | fabric   | 0       |
|      add_ln174_59_fu_3005_p2                                   |     |        | add_ln174_59                             | add    | fabric   | 0       |
|      add_ln174_60_fu_3014_p2                                   |     |        | add_ln174_60                             | add    | fabric   | 0       |
|      add_ln174_61_fu_3023_p2                                   |     |        | add_ln174_61                             | add    | fabric   | 0       |
|      add_ln174_62_fu_3032_p2                                   |     |        | add_ln174_62                             | add    | fabric   | 0       |
|      add_ln174_63_fu_3587_p2                                   |     |        | add_ln174_63                             | add    | fabric   | 0       |
|      req_is_write_fu_3596_p2                                   |     |        | req_is_write                             | seteq  | auto     | 0       |
|      add_ln182_fu_3041_p2                                      |     |        | add_ln182                                | add    | fabric   | 0       |
|      add_ln182_1_fu_3050_p2                                    |     |        | add_ln182_1                              | add    | fabric   | 0       |
|      add_ln182_2_fu_3059_p2                                    |     |        | add_ln182_2                              | add    | fabric   | 0       |
|      add_ln182_3_fu_3068_p2                                    |     |        | add_ln182_3                              | add    | fabric   | 0       |
|      add_ln182_4_fu_3077_p2                                    |     |        | add_ln182_4                              | add    | fabric   | 0       |
|      add_ln182_5_fu_3086_p2                                    |     |        | add_ln182_5                              | add    | fabric   | 0       |
|      add_ln182_6_fu_3095_p2                                    |     |        | add_ln182_6                              | add    | fabric   | 0       |
|      add_ln182_7_fu_3104_p2                                    |     |        | add_ln182_7                              | add    | fabric   | 0       |
|      add_ln182_8_fu_3113_p2                                    |     |        | add_ln182_8                              | add    | fabric   | 0       |
|      add_ln182_9_fu_3122_p2                                    |     |        | add_ln182_9                              | add    | fabric   | 0       |
|      add_ln182_10_fu_3131_p2                                   |     |        | add_ln182_10                             | add    | fabric   | 0       |
|      add_ln182_11_fu_3140_p2                                   |     |        | add_ln182_11                             | add    | fabric   | 0       |
|      add_ln182_12_fu_3149_p2                                   |     |        | add_ln182_12                             | add    | fabric   | 0       |
|      add_ln182_13_fu_3158_p2                                   |     |        | add_ln182_13                             | add    | fabric   | 0       |
|      add_ln182_14_fu_3167_p2                                   |     |        | add_ln182_14                             | add    | fabric   | 0       |
|      add_ln182_15_fu_3176_p2                                   |     |        | add_ln182_15                             | add    | fabric   | 0       |
|      add_ln182_16_fu_3185_p2                                   |     |        | add_ln182_16                             | add    | fabric   | 0       |
|      add_ln182_17_fu_3194_p2                                   |     |        | add_ln182_17                             | add    | fabric   | 0       |
|      add_ln182_18_fu_3203_p2                                   |     |        | add_ln182_18                             | add    | fabric   | 0       |
|      add_ln182_19_fu_3212_p2                                   |     |        | add_ln182_19                             | add    | fabric   | 0       |
|      add_ln182_20_fu_3221_p2                                   |     |        | add_ln182_20                             | add    | fabric   | 0       |
|      add_ln182_21_fu_3230_p2                                   |     |        | add_ln182_21                             | add    | fabric   | 0       |
|      add_ln182_22_fu_3239_p2                                   |     |        | add_ln182_22                             | add    | fabric   | 0       |
|      add_ln182_23_fu_3248_p2                                   |     |        | add_ln182_23                             | add    | fabric   | 0       |
|      add_ln182_24_fu_3257_p2                                   |     |        | add_ln182_24                             | add    | fabric   | 0       |
|      add_ln182_25_fu_3266_p2                                   |     |        | add_ln182_25                             | add    | fabric   | 0       |
|      add_ln182_26_fu_3275_p2                                   |     |        | add_ln182_26                             | add    | fabric   | 0       |
|      add_ln182_27_fu_3284_p2                                   |     |        | add_ln182_27                             | add    | fabric   | 0       |
|      add_ln182_28_fu_3293_p2                                   |     |        | add_ln182_28                             | add    | fabric   | 0       |
|      add_ln182_29_fu_3302_p2                                   |     |        | add_ln182_29                             | add    | fabric   | 0       |
|      add_ln182_30_fu_3311_p2                                   |     |        | add_ln182_30                             | add    | fabric   | 0       |
|      add_ln182_31_fu_3601_p2                                   |     |        | add_ln182_31                             | add    | fabric   | 0       |
|      icmp_ln187_fu_3610_p2                                     |     |        | icmp_ln187                               | seteq  | auto     | 0       |
|      add_ln188_fu_3615_p2                                      |     |        | add_ln188                                | add    | fabric   | 0       |
|      add_ln188_1_fu_3640_p2                                    |     |        | add_ln188_1                              | add    | fabric   | 0       |
|      add_ln188_2_fu_3673_p2                                    |     |        | add_ln188_2                              | add    | fabric   | 0       |
|      add_ln188_3_fu_3706_p2                                    |     |        | add_ln188_3                              | add    | fabric   | 0       |
|      add_ln188_4_fu_3739_p2                                    |     |        | add_ln188_4                              | add    | fabric   | 0       |
|      add_ln188_5_fu_3772_p2                                    |     |        | add_ln188_5                              | add    | fabric   | 0       |
|      add_ln188_6_fu_3805_p2                                    |     |        | add_ln188_6                              | add    | fabric   | 0       |
|      add_ln188_7_fu_3856_p2                                    |     |        | add_ln188_7                              | add    | fabric   | 0       |
|      add_ln188_8_fu_3889_p2                                    |     |        | add_ln188_8                              | add    | fabric   | 0       |
|      add_ln188_9_fu_3922_p2                                    |     |        | add_ln188_9                              | add    | fabric   | 0       |
|      add_ln188_10_fu_3955_p2                                   |     |        | add_ln188_10                             | add    | fabric   | 0       |
|      add_ln188_11_fu_3988_p2                                   |     |        | add_ln188_11                             | add    | fabric   | 0       |
|      add_ln188_12_fu_4021_p2                                   |     |        | add_ln188_12                             | add    | fabric   | 0       |
|      add_ln188_13_fu_4054_p2                                   |     |        | add_ln188_13                             | add    | fabric   | 0       |
|      add_ln188_14_fu_4087_p2                                   |     |        | add_ln188_14                             | add    | fabric   | 0       |
|      add_ln188_15_fu_4120_p2                                   |     |        | add_ln188_15                             | add    | fabric   | 0       |
|      add_ln188_16_fu_4153_p2                                   |     |        | add_ln188_16                             | add    | fabric   | 0       |
|      add_ln188_17_fu_4186_p2                                   |     |        | add_ln188_17                             | add    | fabric   | 0       |
|      add_ln188_18_fu_4219_p2                                   |     |        | add_ln188_18                             | add    | fabric   | 0       |
|      add_ln188_19_fu_4252_p2                                   |     |        | add_ln188_19                             | add    | fabric   | 0       |
|      add_ln188_20_fu_4285_p2                                   |     |        | add_ln188_20                             | add    | fabric   | 0       |
|      add_ln188_21_fu_4318_p2                                   |     |        | add_ln188_21                             | add    | fabric   | 0       |
|      add_ln188_22_fu_4351_p2                                   |     |        | add_ln188_22                             | add    | fabric   | 0       |
|      add_ln188_23_fu_4384_p2                                   |     |        | add_ln188_23                             | add    | fabric   | 0       |
|      add_ln188_24_fu_4417_p2                                   |     |        | add_ln188_24                             | add    | fabric   | 0       |
|      add_ln188_25_fu_4450_p2                                   |     |        | add_ln188_25                             | add    | fabric   | 0       |
|      add_ln188_26_fu_4459_p2                                   |     |        | add_ln188_26                             | add    | fabric   | 0       |
|      add_ln188_27_fu_4468_p2                                   |     |        | add_ln188_27                             | add    | fabric   | 0       |
|      add_ln188_28_fu_4477_p2                                   |     |        | add_ln188_28                             | add    | fabric   | 0       |
|      add_ln188_29_fu_4486_p2                                   |     |        | add_ln188_29                             | add    | fabric   | 0       |
|      add_ln188_30_fu_4495_p2                                   |     |        | add_ln188_30                             | add    | fabric   | 0       |
|      add_ln188_31_fu_4504_p2                                   |     |        | add_ln188_31                             | add    | fabric   | 0       |
|      addr_fu_3649_p2                                           |     |        | addr                                     | add    | fabric   | 0       |
|      req_write_data_fu_3653_p3                                 |     |        | req_write_data                           | select | auto_sel | 0       |
|      addr_32_fu_3682_p2                                        |     |        | addr_32                                  | add    | fabric   | 0       |
|      req_write_data_1_fu_3686_p3                               |     |        | req_write_data_1                         | select | auto_sel | 0       |
|      addr_33_fu_3715_p2                                        |     |        | addr_33                                  | add    | fabric   | 0       |
|      req_write_data_2_fu_3719_p3                               |     |        | req_write_data_2                         | select | auto_sel | 0       |
|      addr_34_fu_3748_p2                                        |     |        | addr_34                                  | add    | fabric   | 0       |
|      req_write_data_3_fu_3752_p3                               |     |        | req_write_data_3                         | select | auto_sel | 0       |
|      addr_35_fu_3781_p2                                        |     |        | addr_35                                  | add    | fabric   | 0       |
|      req_write_data_4_fu_3785_p3                               |     |        | req_write_data_4                         | select | auto_sel | 0       |
|      addr_36_fu_3814_p2                                        |     |        | addr_36                                  | add    | fabric   | 0       |
|      req_write_data_5_fu_3818_p3                               |     |        | req_write_data_5                         | select | auto_sel | 0       |
|      addr_37_fu_3865_p2                                        |     |        | addr_37                                  | add    | fabric   | 0       |
|      req_write_data_6_fu_3869_p3                               |     |        | req_write_data_6                         | select | auto_sel | 0       |
|      addr_38_fu_3898_p2                                        |     |        | addr_38                                  | add    | fabric   | 0       |
|      req_write_data_7_fu_3902_p3                               |     |        | req_write_data_7                         | select | auto_sel | 0       |
|      addr_39_fu_3931_p2                                        |     |        | addr_39                                  | add    | fabric   | 0       |
|      req_write_data_8_fu_3935_p3                               |     |        | req_write_data_8                         | select | auto_sel | 0       |
|      addr_40_fu_3964_p2                                        |     |        | addr_40                                  | add    | fabric   | 0       |
|      req_write_data_9_fu_3968_p3                               |     |        | req_write_data_9                         | select | auto_sel | 0       |
|      addr_41_fu_3997_p2                                        |     |        | addr_41                                  | add    | fabric   | 0       |
|      req_write_data_10_fu_4001_p3                              |     |        | req_write_data_10                        | select | auto_sel | 0       |
|      addr_42_fu_4030_p2                                        |     |        | addr_42                                  | add    | fabric   | 0       |
|      req_write_data_11_fu_4034_p3                              |     |        | req_write_data_11                        | select | auto_sel | 0       |
|      addr_43_fu_4063_p2                                        |     |        | addr_43                                  | add    | fabric   | 0       |
|      req_write_data_12_fu_4067_p3                              |     |        | req_write_data_12                        | select | auto_sel | 0       |
|      addr_44_fu_4096_p2                                        |     |        | addr_44                                  | add    | fabric   | 0       |
|      req_write_data_13_fu_4100_p3                              |     |        | req_write_data_13                        | select | auto_sel | 0       |
|      addr_45_fu_4129_p2                                        |     |        | addr_45                                  | add    | fabric   | 0       |
|      req_write_data_14_fu_4133_p3                              |     |        | req_write_data_14                        | select | auto_sel | 0       |
|      addr_46_fu_4162_p2                                        |     |        | addr_46                                  | add    | fabric   | 0       |
|      req_write_data_15_fu_4166_p3                              |     |        | req_write_data_15                        | select | auto_sel | 0       |
|      addr_47_fu_4195_p2                                        |     |        | addr_47                                  | add    | fabric   | 0       |
|      req_write_data_16_fu_4199_p3                              |     |        | req_write_data_16                        | select | auto_sel | 0       |
|      addr_48_fu_4228_p2                                        |     |        | addr_48                                  | add    | fabric   | 0       |
|      req_write_data_17_fu_4232_p3                              |     |        | req_write_data_17                        | select | auto_sel | 0       |
|      addr_49_fu_4261_p2                                        |     |        | addr_49                                  | add    | fabric   | 0       |
|      req_write_data_18_fu_4265_p3                              |     |        | req_write_data_18                        | select | auto_sel | 0       |
|      addr_50_fu_4294_p2                                        |     |        | addr_50                                  | add    | fabric   | 0       |
|      req_write_data_19_fu_4298_p3                              |     |        | req_write_data_19                        | select | auto_sel | 0       |
|      addr_51_fu_4327_p2                                        |     |        | addr_51                                  | add    | fabric   | 0       |
|      req_write_data_20_fu_4331_p3                              |     |        | req_write_data_20                        | select | auto_sel | 0       |
|      addr_52_fu_4360_p2                                        |     |        | addr_52                                  | add    | fabric   | 0       |
|      req_write_data_21_fu_4364_p3                              |     |        | req_write_data_21                        | select | auto_sel | 0       |
|      addr_53_fu_4393_p2                                        |     |        | addr_53                                  | add    | fabric   | 0       |
|      req_write_data_22_fu_4397_p3                              |     |        | req_write_data_22                        | select | auto_sel | 0       |
|      addr_54_fu_4426_p2                                        |     |        | addr_54                                  | add    | fabric   | 0       |
|      req_write_data_23_fu_4430_p3                              |     |        | req_write_data_23                        | select | auto_sel | 0       |
|      addr_55_fu_4513_p2                                        |     |        | addr_55                                  | add    | fabric   | 0       |
|      req_write_data_24_fu_4517_p3                              |     |        | req_write_data_24                        | select | auto_sel | 0       |
|      addr_56_fu_4537_p2                                        |     |        | addr_56                                  | add    | fabric   | 0       |
|      req_write_data_25_fu_4541_p3                              |     |        | req_write_data_25                        | select | auto_sel | 0       |
|      addr_57_fu_4561_p2                                        |     |        | addr_57                                  | add    | fabric   | 0       |
|      req_write_data_26_fu_4565_p3                              |     |        | req_write_data_26                        | select | auto_sel | 0       |
|      addr_58_fu_4585_p2                                        |     |        | addr_58                                  | add    | fabric   | 0       |
|      req_write_data_27_fu_4589_p3                              |     |        | req_write_data_27                        | select | auto_sel | 0       |
|      addr_59_fu_4609_p2                                        |     |        | addr_59                                  | add    | fabric   | 0       |
|      req_write_data_28_fu_4613_p3                              |     |        | req_write_data_28                        | select | auto_sel | 0       |
|      addr_60_fu_4633_p2                                        |     |        | addr_60                                  | add    | fabric   | 0       |
|      req_write_data_29_fu_4637_p3                              |     |        | req_write_data_29                        | select | auto_sel | 0       |
|      addr_61_fu_4657_p2                                        |     |        | addr_61                                  | add    | fabric   | 0       |
|      req_write_data_30_fu_4661_p3                              |     |        | req_write_data_30                        | select | auto_sel | 0       |
|      addr_62_fu_4681_p2                                        |     |        | addr_62                                  | add    | fabric   | 0       |
|      req_write_data_31_fu_4685_p3                              |     |        | req_write_data_31                        | select | auto_sel | 0       |
|      cond12_i_fu_3624_p2                                       |     |        | cond12_i                                 | seteq  | auto     | 0       |
|      add_ln238_fu_3630_p2                                      |     |        | add_ln238                                | add    | fabric   | 0       |
|      cond1_i_fu_4704_p2                                        |     |        | cond1_i                                  | seteq  | auto     | 0       |
|      ult810_fu_4710_p2                                         |     |        | ult810                                   | setlt  | auto     | 0       |
|      rev_fu_4714_p2                                            |     |        | rev                                      | xor    | auto     | 0       |
|      cond_i_fu_4720_p2                                         |     |        | cond_i                                   | or     | auto     | 0       |
|      p_write_flag_2_i_fu_4766_p2                               |     |        | p_write_flag_2_i                         | or     | auto     | 0       |
|      p_agg_result_code_2_i_fu_4726_p3                          |     |        | p_agg_result_code_2_i                    | select | auto_sel | 0       |
|      p_write_flag3_2_i_fu_4771_p2                              |     |        | p_write_flag3_2_i                        | or     | auto     | 0       |
|      p_agg_result_barrier_id_2_i_fu_4734_p3                    |     |        | p_agg_result_barrier_id_2_i              | select | auto_sel | 0       |
|      p_write_flag6_2_i_fu_4776_p2                              |     |        | p_write_flag6_2_i                        | or     | auto     | 0       |
|      p_agg_result_slot_id_2_i_fu_4742_p3                       |     |        | p_agg_result_slot_id_2_i                 | select | auto_sel | 0       |
|      p_write_flag9_2_i_fu_4781_p2                              |     |        | p_write_flag9_2_i                        | or     | auto     | 0       |
|      p_agg_result_resume_pc_2_i_fu_4750_p3                     |     |        | p_agg_result_resume_pc_2_i               | select | auto_sel | 0       |
|      p_write_flag12_2_i_fu_4786_p2                             |     |        | p_write_flag12_2_i                       | or     | auto     | 0       |
|      instr_count_3_agg_result_instr_count_2_i_fu_4758_p3       |     |        | instr_count_3_agg_result_instr_count_2_i | select | auto_sel | 0       |
|      select_ln282_fu_4791_p3                                   |     |        | select_ln282                             | select | auto_sel | 0       |
|      select_ln282_5_fu_4797_p3                                 |     |        | select_ln282_5                           | select | auto_sel | 0       |
|      select_ln282_6_fu_4803_p3                                 |     |        | select_ln282_6                           | select | auto_sel | 0       |
|      select_ln282_7_fu_4809_p3                                 |     |        | select_ln282_7                           | select | auto_sel | 0       |
|      select_ln282_8_fu_4815_p3                                 |     |        | select_ln282_8                           | select | auto_sel | 0       |
|     + decodeInstruction (call_ret_i_decodeInstruction_fu_1932) | 0   |        |                                          |        |          |         |
|       grp_fu_522_p2                                            |     |        | icmp_ln274                               | seteq  | auto     | 0       |
|       grp_fu_527_p2                                            |     |        | icmp_ln286                               | seteq  | auto     | 0       |
|       select_ln286_cast_cast_fu_818_p3                         |     |        | select_ln286_cast_cast                   | select | auto_sel | 0       |
|       icmp_ln267_fu_850_p2                                     |     |        | icmp_ln267                               | seteq  | auto     | 0       |
|       grp_fu_522_p2                                            |     |        | icmp_ln267_1                             | seteq  | auto     | 0       |
|       select_ln267_fu_856_p3                                   |     |        | select_ln267                             | select | auto_sel | 0       |
|       or_ln267_fu_864_p2                                       |     |        | or_ln267                                 | or     | auto     | 0       |
|       instr_opcode_fu_870_p3                                   |     |        | instr_opcode                             | select | auto_sel | 0       |
|       grp_fu_527_p2                                            |     |        | icmp_ln250                               | seteq  | auto     | 0       |
|       select_ln251_fu_883_p3                                   |     |        | select_ln251                             | select | auto_sel | 0       |
|       icmp_ln222_fu_909_p2                                     |     |        | icmp_ln222                               | seteq  | auto     | 0       |
|       icmp_ln70_fu_946_p2                                      |     |        | icmp_ln70                                | setne  | auto     | 0       |
|       icmp_ln70_1_fu_952_p2                                    |     |        | icmp_ln70_1                              | setlt  | auto     | 0       |
|       instr_is_memory_fu_958_p2                                |     |        | instr_is_memory                          | and    | auto     | 0       |
|     + executeBranch (grp_executeBranch_fu_1937)                | 0   |        |                                          |        |          |         |
|       add_ln208_fu_1154_p2                                     |     |        | add_ln208                                | add    | fabric   | 0       |
|       add_ln208_1_fu_1165_p2                                   |     |        | add_ln208_1                              | add    | fabric   | 0       |
|       add_ln208_2_fu_1176_p2                                   |     |        | add_ln208_2                              | add    | fabric   | 0       |
|       add_ln208_3_fu_1187_p2                                   |     |        | add_ln208_3                              | add    | fabric   | 0       |
|       add_ln208_4_fu_1198_p2                                   |     |        | add_ln208_4                              | add    | fabric   | 0       |
|       add_ln208_5_fu_1209_p2                                   |     |        | add_ln208_5                              | add    | fabric   | 0       |
|       add_ln208_6_fu_1220_p2                                   |     |        | add_ln208_6                              | add    | fabric   | 0       |
|       add_ln208_7_fu_1231_p2                                   |     |        | add_ln208_7                              | add    | fabric   | 0       |
|       add_ln208_8_fu_1242_p2                                   |     |        | add_ln208_8                              | add    | fabric   | 0       |
|       add_ln208_9_fu_1253_p2                                   |     |        | add_ln208_9                              | add    | fabric   | 0       |
|       add_ln208_10_fu_1264_p2                                  |     |        | add_ln208_10                             | add    | fabric   | 0       |
|       add_ln208_11_fu_1275_p2                                  |     |        | add_ln208_11                             | add    | fabric   | 0       |
|       add_ln208_12_fu_1286_p2                                  |     |        | add_ln208_12                             | add    | fabric   | 0       |
|       add_ln208_13_fu_1297_p2                                  |     |        | add_ln208_13                             | add    | fabric   | 0       |
|       add_ln208_14_fu_1308_p2                                  |     |        | add_ln208_14                             | add    | fabric   | 0       |
|       add_ln208_15_fu_1319_p2                                  |     |        | add_ln208_15                             | add    | fabric   | 0       |
|       add_ln208_16_fu_1330_p2                                  |     |        | add_ln208_16                             | add    | fabric   | 0       |
|       add_ln208_17_fu_1341_p2                                  |     |        | add_ln208_17                             | add    | fabric   | 0       |
|       add_ln208_18_fu_1352_p2                                  |     |        | add_ln208_18                             | add    | fabric   | 0       |
|       add_ln208_19_fu_1363_p2                                  |     |        | add_ln208_19                             | add    | fabric   | 0       |
|       add_ln208_20_fu_1374_p2                                  |     |        | add_ln208_20                             | add    | fabric   | 0       |
|       add_ln208_21_fu_1385_p2                                  |     |        | add_ln208_21                             | add    | fabric   | 0       |
|       add_ln208_22_fu_1396_p2                                  |     |        | add_ln208_22                             | add    | fabric   | 0       |
|       add_ln208_23_fu_1407_p2                                  |     |        | add_ln208_23                             | add    | fabric   | 0       |
|       add_ln208_24_fu_1418_p2                                  |     |        | add_ln208_24                             | add    | fabric   | 0       |
|       add_ln208_25_fu_1429_p2                                  |     |        | add_ln208_25                             | add    | fabric   | 0       |
|       add_ln208_26_fu_1440_p2                                  |     |        | add_ln208_26                             | add    | fabric   | 0       |
|       add_ln208_27_fu_1451_p2                                  |     |        | add_ln208_27                             | add    | fabric   | 0       |
|       add_ln208_28_fu_1462_p2                                  |     |        | add_ln208_28                             | add    | fabric   | 0       |
|       add_ln208_29_fu_1473_p2                                  |     |        | add_ln208_29                             | add    | fabric   | 0       |
|       add_ln208_30_fu_1484_p2                                  |     |        | add_ln208_30                             | add    | fabric   | 0       |
|       add_ln208_31_fu_1495_p2                                  |     |        | add_ln208_31                             | add    | fabric   | 0       |
|       icmp_ln208_fu_1758_p2                                    |     |        | icmp_ln208                               | seteq  | auto     | 0       |
|       conditions_fu_1764_p2                                    |     |        | conditions                               | and    | auto     | 0       |
|       icmp_ln208_1_fu_1769_p2                                  |     |        | icmp_ln208_1                             | seteq  | auto     | 0       |
|       conditions_1_fu_1775_p2                                  |     |        | conditions_1                             | and    | auto     | 0       |
|       icmp_ln208_2_fu_1780_p2                                  |     |        | icmp_ln208_2                             | seteq  | auto     | 0       |
|       conditions_2_fu_1786_p2                                  |     |        | conditions_2                             | and    | auto     | 0       |
|       icmp_ln208_3_fu_1791_p2                                  |     |        | icmp_ln208_3                             | seteq  | auto     | 0       |
|       conditions_3_fu_1797_p2                                  |     |        | conditions_3                             | and    | auto     | 0       |
|       icmp_ln208_4_fu_1802_p2                                  |     |        | icmp_ln208_4                             | seteq  | auto     | 0       |
|       conditions_4_fu_1808_p2                                  |     |        | conditions_4                             | and    | auto     | 0       |
|       icmp_ln208_5_fu_1813_p2                                  |     |        | icmp_ln208_5                             | seteq  | auto     | 0       |
|       conditions_5_fu_1819_p2                                  |     |        | conditions_5                             | and    | auto     | 0       |
|       icmp_ln208_6_fu_1824_p2                                  |     |        | icmp_ln208_6                             | seteq  | auto     | 0       |
|       conditions_6_fu_1830_p2                                  |     |        | conditions_6                             | and    | auto     | 0       |
|       icmp_ln208_7_fu_1835_p2                                  |     |        | icmp_ln208_7                             | seteq  | auto     | 0       |
|       conditions_7_fu_1841_p2                                  |     |        | conditions_7                             | and    | auto     | 0       |
|       icmp_ln208_8_fu_1846_p2                                  |     |        | icmp_ln208_8                             | seteq  | auto     | 0       |
|       conditions_8_fu_1852_p2                                  |     |        | conditions_8                             | and    | auto     | 0       |
|       icmp_ln208_9_fu_1857_p2                                  |     |        | icmp_ln208_9                             | seteq  | auto     | 0       |
|       conditions_9_fu_1863_p2                                  |     |        | conditions_9                             | and    | auto     | 0       |
|       icmp_ln208_10_fu_1868_p2                                 |     |        | icmp_ln208_10                            | seteq  | auto     | 0       |
|       conditions_10_fu_1874_p2                                 |     |        | conditions_10                            | and    | auto     | 0       |
|       icmp_ln208_11_fu_1879_p2                                 |     |        | icmp_ln208_11                            | seteq  | auto     | 0       |
|       conditions_11_fu_1885_p2                                 |     |        | conditions_11                            | and    | auto     | 0       |
|       icmp_ln208_12_fu_1890_p2                                 |     |        | icmp_ln208_12                            | seteq  | auto     | 0       |
|       conditions_12_fu_1896_p2                                 |     |        | conditions_12                            | and    | auto     | 0       |
|       icmp_ln208_13_fu_1901_p2                                 |     |        | icmp_ln208_13                            | seteq  | auto     | 0       |
|       conditions_13_fu_1907_p2                                 |     |        | conditions_13                            | and    | auto     | 0       |
|       icmp_ln208_14_fu_1912_p2                                 |     |        | icmp_ln208_14                            | seteq  | auto     | 0       |
|       conditions_14_fu_1918_p2                                 |     |        | conditions_14                            | and    | auto     | 0       |
|       icmp_ln208_15_fu_1923_p2                                 |     |        | icmp_ln208_15                            | seteq  | auto     | 0       |
|       conditions_15_fu_1929_p2                                 |     |        | conditions_15                            | and    | auto     | 0       |
|       icmp_ln208_16_fu_1934_p2                                 |     |        | icmp_ln208_16                            | seteq  | auto     | 0       |
|       conditions_16_fu_1940_p2                                 |     |        | conditions_16                            | and    | auto     | 0       |
|       icmp_ln208_17_fu_1945_p2                                 |     |        | icmp_ln208_17                            | seteq  | auto     | 0       |
|       conditions_17_fu_1951_p2                                 |     |        | conditions_17                            | and    | auto     | 0       |
|       icmp_ln208_18_fu_1956_p2                                 |     |        | icmp_ln208_18                            | seteq  | auto     | 0       |
|       conditions_18_fu_1962_p2                                 |     |        | conditions_18                            | and    | auto     | 0       |
|       icmp_ln208_19_fu_1967_p2                                 |     |        | icmp_ln208_19                            | seteq  | auto     | 0       |
|       conditions_19_fu_1973_p2                                 |     |        | conditions_19                            | and    | auto     | 0       |
|       icmp_ln208_20_fu_1978_p2                                 |     |        | icmp_ln208_20                            | seteq  | auto     | 0       |
|       conditions_20_fu_1984_p2                                 |     |        | conditions_20                            | and    | auto     | 0       |
|       icmp_ln208_21_fu_1989_p2                                 |     |        | icmp_ln208_21                            | seteq  | auto     | 0       |
|       conditions_21_fu_1995_p2                                 |     |        | conditions_21                            | and    | auto     | 0       |
|       icmp_ln208_22_fu_2000_p2                                 |     |        | icmp_ln208_22                            | seteq  | auto     | 0       |
|       conditions_22_fu_2006_p2                                 |     |        | conditions_22                            | and    | auto     | 0       |
|       icmp_ln208_23_fu_2011_p2                                 |     |        | icmp_ln208_23                            | seteq  | auto     | 0       |
|       conditions_23_fu_2017_p2                                 |     |        | conditions_23                            | and    | auto     | 0       |
|       icmp_ln208_24_fu_2022_p2                                 |     |        | icmp_ln208_24                            | seteq  | auto     | 0       |
|       conditions_24_fu_2028_p2                                 |     |        | conditions_24                            | and    | auto     | 0       |
|       icmp_ln208_25_fu_2033_p2                                 |     |        | icmp_ln208_25                            | seteq  | auto     | 0       |
|       conditions_25_fu_2039_p2                                 |     |        | conditions_25                            | and    | auto     | 0       |
|       icmp_ln208_26_fu_2044_p2                                 |     |        | icmp_ln208_26                            | seteq  | auto     | 0       |
|       conditions_26_fu_2050_p2                                 |     |        | conditions_26                            | and    | auto     | 0       |
|       icmp_ln208_27_fu_2055_p2                                 |     |        | icmp_ln208_27                            | seteq  | auto     | 0       |
|       conditions_27_fu_2061_p2                                 |     |        | conditions_27                            | and    | auto     | 0       |
|       icmp_ln208_28_fu_2066_p2                                 |     |        | icmp_ln208_28                            | seteq  | auto     | 0       |
|       conditions_28_fu_2072_p2                                 |     |        | conditions_28                            | and    | auto     | 0       |
|       icmp_ln208_29_fu_2077_p2                                 |     |        | icmp_ln208_29                            | seteq  | auto     | 0       |
|       conditions_29_fu_2083_p2                                 |     |        | conditions_29                            | and    | auto     | 0       |
|       icmp_ln208_30_fu_2088_p2                                 |     |        | icmp_ln208_30                            | seteq  | auto     | 0       |
|       conditions_30_fu_2094_p2                                 |     |        | conditions_30                            | and    | auto     | 0       |
|       icmp_ln208_31_fu_2099_p2                                 |     |        | icmp_ln208_31                            | seteq  | auto     | 0       |
|       conditions_31_fu_2105_p2                                 |     |        | conditions_31                            | and    | auto     | 0       |
|      + handleBranch (grp_handleBranch_fu_854)                  | 0   |        |                                          |        |          |         |
|        xor_ln126_fu_499_p2                                     |     |        | xor_ln126                                | xor    | auto     | 0       |
|        and_ln125_fu_505_p2                                     |     |        | and_ln125                                | and    | auto     | 0       |
|        and_ln125_1_fu_511_p2                                   |     |        | and_ln125_1                              | and    | auto     | 0       |
|        and_ln126_fu_549_p2                                     |     |        | and_ln126                                | and    | auto     | 0       |
|        select_ln126_fu_555_p3                                  |     |        | select_ln126                             | select | auto_sel | 0       |
|        xor_ln126_1_fu_567_p2                                   |     |        | xor_ln126_1                              | xor    | auto     | 0       |
|        and_ln126_1_fu_573_p2                                   |     |        | and_ln126_1                              | and    | auto     | 0       |
|        select_ln125_fu_579_p3                                  |     |        | select_ln125                             | select | auto_sel | 0       |
|        and_ln126_2_fu_615_p2                                   |     |        | and_ln126_2                              | and    | auto     | 0       |
|        empty_fu_621_p3                                         |     |        | empty                                    | select | auto_sel | 0       |
|        xor_ln126_2_fu_633_p2                                   |     |        | xor_ln126_2                              | xor    | auto     | 0       |
|        and_ln126_3_fu_639_p2                                   |     |        | and_ln126_3                              | and    | auto     | 0       |
|        empty_90_fu_645_p3                                      |     |        | empty_90                                 | select | auto_sel | 0       |
|        and_ln126_4_fu_685_p2                                   |     |        | and_ln126_4                              | and    | auto     | 0       |
|        empty_91_fu_691_p3                                      |     |        | empty_91                                 | select | auto_sel | 0       |
|        xor_ln126_3_fu_699_p2                                   |     |        | xor_ln126_3                              | xor    | auto     | 0       |
|        and_ln126_5_fu_705_p2                                   |     |        | and_ln126_5                              | and    | auto     | 0       |
|        empty_92_fu_711_p3                                      |     |        | empty_92                                 | select | auto_sel | 0       |
|        and_ln126_6_fu_747_p2                                   |     |        | and_ln126_6                              | and    | auto     | 0       |
|        empty_93_fu_753_p3                                      |     |        | empty_93                                 | select | auto_sel | 0       |
|        xor_ln126_4_fu_761_p2                                   |     |        | xor_ln126_4                              | xor    | auto     | 0       |
|        and_ln126_7_fu_767_p2                                   |     |        | and_ln126_7                              | and    | auto     | 0       |
|        empty_94_fu_773_p3                                      |     |        | empty_94                                 | select | auto_sel | 0       |
|        and_ln126_8_fu_809_p2                                   |     |        | and_ln126_8                              | and    | auto     | 0       |
|        empty_95_fu_815_p3                                      |     |        | empty_95                                 | select | auto_sel | 0       |
|        xor_ln126_5_fu_823_p2                                   |     |        | xor_ln126_5                              | xor    | auto     | 0       |
|        and_ln126_9_fu_829_p2                                   |     |        | and_ln126_9                              | and    | auto     | 0       |
|        empty_96_fu_835_p3                                      |     |        | empty_96                                 | select | auto_sel | 0       |
|        and_ln126_10_fu_871_p2                                  |     |        | and_ln126_10                             | and    | auto     | 0       |
|        empty_97_fu_877_p3                                      |     |        | empty_97                                 | select | auto_sel | 0       |
|        xor_ln126_6_fu_885_p2                                   |     |        | xor_ln126_6                              | xor    | auto     | 0       |
|        and_ln126_11_fu_891_p2                                  |     |        | and_ln126_11                             | and    | auto     | 0       |
|        empty_98_fu_897_p3                                      |     |        | empty_98                                 | select | auto_sel | 0       |
|        and_ln126_12_fu_933_p2                                  |     |        | and_ln126_12                             | and    | auto     | 0       |
|        empty_99_fu_939_p3                                      |     |        | empty_99                                 | select | auto_sel | 0       |
|        xor_ln126_7_fu_947_p2                                   |     |        | xor_ln126_7                              | xor    | auto     | 0       |
|        and_ln126_13_fu_953_p2                                  |     |        | and_ln126_13                             | and    | auto     | 0       |
|        empty_100_fu_959_p3                                     |     |        | empty_100                                | select | auto_sel | 0       |
|        and_ln126_14_fu_995_p2                                  |     |        | and_ln126_14                             | and    | auto     | 0       |
|        empty_101_fu_1001_p3                                    |     |        | empty_101                                | select | auto_sel | 0       |
|        xor_ln126_8_fu_1009_p2                                  |     |        | xor_ln126_8                              | xor    | auto     | 0       |
|        and_ln126_15_fu_1015_p2                                 |     |        | and_ln126_15                             | and    | auto     | 0       |
|        empty_102_fu_1021_p3                                    |     |        | empty_102                                | select | auto_sel | 0       |
|        and_ln126_16_fu_1231_p2                                 |     |        | and_ln126_16                             | and    | auto     | 0       |
|        empty_103_fu_1235_p3                                    |     |        | empty_103                                | select | auto_sel | 0       |
|        xor_ln126_9_fu_1242_p2                                  |     |        | xor_ln126_9                              | xor    | auto     | 0       |
|        and_ln126_17_fu_1247_p2                                 |     |        | and_ln126_17                             | and    | auto     | 0       |
|        empty_104_fu_1252_p3                                    |     |        | empty_104                                | select | auto_sel | 0       |
|        and_ln126_18_fu_1279_p2                                 |     |        | and_ln126_18                             | and    | auto     | 0       |
|        empty_105_fu_1283_p3                                    |     |        | empty_105                                | select | auto_sel | 0       |
|        xor_ln126_10_fu_1291_p2                                 |     |        | xor_ln126_10                             | xor    | auto     | 0       |
|        and_ln126_19_fu_1296_p2                                 |     |        | and_ln126_19                             | and    | auto     | 0       |
|        empty_106_fu_1301_p3                                    |     |        | empty_106                                | select | auto_sel | 0       |
|        and_ln126_20_fu_1329_p2                                 |     |        | and_ln126_20                             | and    | auto     | 0       |
|        empty_107_fu_1333_p3                                    |     |        | empty_107                                | select | auto_sel | 0       |
|        xor_ln126_11_fu_1341_p2                                 |     |        | xor_ln126_11                             | xor    | auto     | 0       |
|        and_ln126_21_fu_1346_p2                                 |     |        | and_ln126_21                             | and    | auto     | 0       |
|        empty_108_fu_1351_p3                                    |     |        | empty_108                                | select | auto_sel | 0       |
|        and_ln126_22_fu_1379_p2                                 |     |        | and_ln126_22                             | and    | auto     | 0       |
|        empty_109_fu_1383_p3                                    |     |        | empty_109                                | select | auto_sel | 0       |
|        xor_ln126_12_fu_1391_p2                                 |     |        | xor_ln126_12                             | xor    | auto     | 0       |
|        and_ln126_23_fu_1396_p2                                 |     |        | and_ln126_23                             | and    | auto     | 0       |
|        empty_110_fu_1401_p3                                    |     |        | empty_110                                | select | auto_sel | 0       |
|        and_ln126_24_fu_1429_p2                                 |     |        | and_ln126_24                             | and    | auto     | 0       |
|        empty_111_fu_1433_p3                                    |     |        | empty_111                                | select | auto_sel | 0       |
|        xor_ln126_13_fu_1441_p2                                 |     |        | xor_ln126_13                             | xor    | auto     | 0       |
|        and_ln126_25_fu_1446_p2                                 |     |        | and_ln126_25                             | and    | auto     | 0       |
|        empty_112_fu_1451_p3                                    |     |        | empty_112                                | select | auto_sel | 0       |
|        and_ln126_26_fu_1479_p2                                 |     |        | and_ln126_26                             | and    | auto     | 0       |
|        empty_113_fu_1483_p3                                    |     |        | empty_113                                | select | auto_sel | 0       |
|        xor_ln126_14_fu_1491_p2                                 |     |        | xor_ln126_14                             | xor    | auto     | 0       |
|        and_ln126_27_fu_1496_p2                                 |     |        | and_ln126_27                             | and    | auto     | 0       |
|        empty_114_fu_1501_p3                                    |     |        | empty_114                                | select | auto_sel | 0       |
|        and_ln126_28_fu_1529_p2                                 |     |        | and_ln126_28                             | and    | auto     | 0       |
|        empty_115_fu_1533_p3                                    |     |        | empty_115                                | select | auto_sel | 0       |
|        xor_ln126_15_fu_1541_p2                                 |     |        | xor_ln126_15                             | xor    | auto     | 0       |
|        and_ln126_29_fu_1546_p2                                 |     |        | and_ln126_29                             | and    | auto     | 0       |
|        empty_116_fu_1551_p3                                    |     |        | empty_116                                | select | auto_sel | 0       |
|        and_ln126_30_fu_1579_p2                                 |     |        | and_ln126_30                             | and    | auto     | 0       |
|        empty_117_fu_1583_p3                                    |     |        | empty_117                                | select | auto_sel | 0       |
|        xor_ln126_16_fu_1591_p2                                 |     |        | xor_ln126_16                             | xor    | auto     | 0       |
|        and_ln126_31_fu_1596_p2                                 |     |        | and_ln126_31                             | and    | auto     | 0       |
|        empty_118_fu_1601_p3                                    |     |        | empty_118                                | select | auto_sel | 0       |
|        and_ln126_32_fu_1627_p2                                 |     |        | and_ln126_32                             | and    | auto     | 0       |
|        empty_119_fu_1631_p3                                    |     |        | empty_119                                | select | auto_sel | 0       |
|        xor_ln126_17_fu_1638_p2                                 |     |        | xor_ln126_17                             | xor    | auto     | 0       |
|        and_ln126_33_fu_1643_p2                                 |     |        | and_ln126_33                             | and    | auto     | 0       |
|        empty_120_fu_1648_p3                                    |     |        | empty_120                                | select | auto_sel | 0       |
|        and_ln126_34_fu_1675_p2                                 |     |        | and_ln126_34                             | and    | auto     | 0       |
|        empty_121_fu_1679_p3                                    |     |        | empty_121                                | select | auto_sel | 0       |
|        xor_ln126_18_fu_1687_p2                                 |     |        | xor_ln126_18                             | xor    | auto     | 0       |
|        and_ln126_35_fu_1692_p2                                 |     |        | and_ln126_35                             | and    | auto     | 0       |
|        empty_122_fu_1697_p3                                    |     |        | empty_122                                | select | auto_sel | 0       |
|        and_ln126_36_fu_1725_p2                                 |     |        | and_ln126_36                             | and    | auto     | 0       |
|        empty_123_fu_1729_p3                                    |     |        | empty_123                                | select | auto_sel | 0       |
|        xor_ln126_19_fu_1737_p2                                 |     |        | xor_ln126_19                             | xor    | auto     | 0       |
|        and_ln126_37_fu_1742_p2                                 |     |        | and_ln126_37                             | and    | auto     | 0       |
|        empty_124_fu_1747_p3                                    |     |        | empty_124                                | select | auto_sel | 0       |
|        and_ln126_38_fu_1775_p2                                 |     |        | and_ln126_38                             | and    | auto     | 0       |
|        empty_125_fu_1779_p3                                    |     |        | empty_125                                | select | auto_sel | 0       |
|        xor_ln126_20_fu_1787_p2                                 |     |        | xor_ln126_20                             | xor    | auto     | 0       |
|        and_ln126_39_fu_1792_p2                                 |     |        | and_ln126_39                             | and    | auto     | 0       |
|        empty_126_fu_1797_p3                                    |     |        | empty_126                                | select | auto_sel | 0       |
|        and_ln126_40_fu_1825_p2                                 |     |        | and_ln126_40                             | and    | auto     | 0       |
|        empty_127_fu_1829_p3                                    |     |        | empty_127                                | select | auto_sel | 0       |
|        xor_ln126_21_fu_1837_p2                                 |     |        | xor_ln126_21                             | xor    | auto     | 0       |
|        and_ln126_41_fu_1842_p2                                 |     |        | and_ln126_41                             | and    | auto     | 0       |
|        empty_128_fu_1847_p3                                    |     |        | empty_128                                | select | auto_sel | 0       |
|        and_ln126_42_fu_1875_p2                                 |     |        | and_ln126_42                             | and    | auto     | 0       |
|        empty_129_fu_1879_p3                                    |     |        | empty_129                                | select | auto_sel | 0       |
|        xor_ln126_22_fu_1887_p2                                 |     |        | xor_ln126_22                             | xor    | auto     | 0       |
|        and_ln126_43_fu_1892_p2                                 |     |        | and_ln126_43                             | and    | auto     | 0       |
|        empty_130_fu_1897_p3                                    |     |        | empty_130                                | select | auto_sel | 0       |
|        and_ln126_44_fu_1925_p2                                 |     |        | and_ln126_44                             | and    | auto     | 0       |
|        empty_131_fu_1929_p3                                    |     |        | empty_131                                | select | auto_sel | 0       |
|        xor_ln126_23_fu_1937_p2                                 |     |        | xor_ln126_23                             | xor    | auto     | 0       |
|        and_ln126_45_fu_1942_p2                                 |     |        | and_ln126_45                             | and    | auto     | 0       |
|        empty_132_fu_1947_p3                                    |     |        | empty_132                                | select | auto_sel | 0       |
|        and_ln126_46_fu_1975_p2                                 |     |        | and_ln126_46                             | and    | auto     | 0       |
|        empty_133_fu_1979_p3                                    |     |        | empty_133                                | select | auto_sel | 0       |
|        xor_ln126_24_fu_1987_p2                                 |     |        | xor_ln126_24                             | xor    | auto     | 0       |
|        and_ln126_47_fu_1992_p2                                 |     |        | and_ln126_47                             | and    | auto     | 0       |
|        empty_134_fu_1997_p3                                    |     |        | empty_134                                | select | auto_sel | 0       |
|        and_ln126_48_fu_2023_p2                                 |     |        | and_ln126_48                             | and    | auto     | 0       |
|        empty_135_fu_2027_p3                                    |     |        | empty_135                                | select | auto_sel | 0       |
|        xor_ln126_25_fu_2034_p2                                 |     |        | xor_ln126_25                             | xor    | auto     | 0       |
|        and_ln126_49_fu_2039_p2                                 |     |        | and_ln126_49                             | and    | auto     | 0       |
|        empty_136_fu_2044_p3                                    |     |        | empty_136                                | select | auto_sel | 0       |
|        and_ln126_50_fu_2071_p2                                 |     |        | and_ln126_50                             | and    | auto     | 0       |
|        empty_137_fu_2075_p3                                    |     |        | empty_137                                | select | auto_sel | 0       |
|        xor_ln126_26_fu_2083_p2                                 |     |        | xor_ln126_26                             | xor    | auto     | 0       |
|        and_ln126_51_fu_2088_p2                                 |     |        | and_ln126_51                             | and    | auto     | 0       |
|        empty_138_fu_2093_p3                                    |     |        | empty_138                                | select | auto_sel | 0       |
|        and_ln126_52_fu_2121_p2                                 |     |        | and_ln126_52                             | and    | auto     | 0       |
|        empty_139_fu_2125_p3                                    |     |        | empty_139                                | select | auto_sel | 0       |
|        xor_ln126_27_fu_2133_p2                                 |     |        | xor_ln126_27                             | xor    | auto     | 0       |
|        and_ln126_53_fu_2138_p2                                 |     |        | and_ln126_53                             | and    | auto     | 0       |
|        empty_140_fu_2143_p3                                    |     |        | empty_140                                | select | auto_sel | 0       |
|        and_ln126_54_fu_2171_p2                                 |     |        | and_ln126_54                             | and    | auto     | 0       |
|        empty_141_fu_2175_p3                                    |     |        | empty_141                                | select | auto_sel | 0       |
|        xor_ln126_28_fu_2183_p2                                 |     |        | xor_ln126_28                             | xor    | auto     | 0       |
|        and_ln126_55_fu_2188_p2                                 |     |        | and_ln126_55                             | and    | auto     | 0       |
|        empty_142_fu_2193_p3                                    |     |        | empty_142                                | select | auto_sel | 0       |
|        and_ln126_56_fu_2221_p2                                 |     |        | and_ln126_56                             | and    | auto     | 0       |
|        empty_143_fu_2225_p3                                    |     |        | empty_143                                | select | auto_sel | 0       |
|        xor_ln126_29_fu_2233_p2                                 |     |        | xor_ln126_29                             | xor    | auto     | 0       |
|        and_ln126_57_fu_2238_p2                                 |     |        | and_ln126_57                             | and    | auto     | 0       |
|        empty_144_fu_2243_p3                                    |     |        | empty_144                                | select | auto_sel | 0       |
|        and_ln126_58_fu_2271_p2                                 |     |        | and_ln126_58                             | and    | auto     | 0       |
|        empty_145_fu_2275_p3                                    |     |        | empty_145                                | select | auto_sel | 0       |
|        xor_ln126_30_fu_2283_p2                                 |     |        | xor_ln126_30                             | xor    | auto     | 0       |
|        and_ln126_59_fu_2288_p2                                 |     |        | and_ln126_59                             | and    | auto     | 0       |
|        empty_146_fu_2293_p3                                    |     |        | empty_146                                | select | auto_sel | 0       |
|        and_ln126_60_fu_2321_p2                                 |     |        | and_ln126_60                             | and    | auto     | 0       |
|        taken_fu_2325_p3                                        |     |        | taken                                    | select | auto_sel | 0       |
|        xor_ln126_31_fu_2333_p2                                 |     |        | xor_ln126_31                             | xor    | auto     | 0       |
|        and_ln126_61_fu_2338_p2                                 |     |        | and_ln126_61                             | and    | auto     | 0       |
|        not_taken_fu_2343_p3                                    |     |        | not_taken                                | select | auto_sel | 0       |
|        icmp_ln131_fu_2351_p2                                   |     |        | icmp_ln131                               | setne  | auto     | 0       |
|        icmp_ln131_1_fu_2356_p2                                 |     |        | icmp_ln131_1                             | setne  | auto     | 0       |
|        and_ln131_fu_2361_p2                                    |     |        | and_ln131                                | and    | auto     | 0       |
|        icmp_ln137_fu_2367_p2                                   |     |        | icmp_ln137                               | seteq  | auto     | 0       |
|        and_ln137_fu_2372_p2                                    |     |        | and_ln137                                | and    | auto     | 0       |
|        select_ln145_fu_2987_p3                                 |     |        | select_ln145                             | select | auto_sel | 0       |
|        grp_fu_478_p2                                           |     |        | icmp_ln159_1                             | seteq  | auto     | 0       |
|        grp_fu_484_p2                                           |     |        | add_ln161_1                              | add    | fabric   | 0       |
|        grp_fu_478_p2                                           |     |        | icmp_ln159                               | seteq  | auto     | 0       |
|        grp_fu_484_p2                                           |     |        | add_ln161                                | add    | fabric   | 0       |
|        add_ln135_fu_2382_p2                                    |     |        | add_ln135                                | add    | fabric   | 0       |
|        add_ln136_6_fu_2779_p2                                  |     |        | add_ln136_6                              | add    | fabric   | 0       |
|        add_ln136_7_fu_2785_p2                                  |     |        | add_ln136_7                              | add    | fabric   | 0       |
|        add_ln136_9_fu_2801_p2                                  |     |        | add_ln136_9                              | add    | fabric   | 0       |
|        add_ln136_12_fu_2827_p2                                 |     |        | add_ln136_12                             | add    | fabric   | 0       |
|        add_ln136_15_fu_2853_p2                                 |     |        | add_ln136_15                             | add    | fabric   | 0       |
|        add_ln136_17_fu_2869_p2                                 |     |        | add_ln136_17                             | add    | fabric   | 0       |
|        add_ln136_18_fu_2879_p2                                 |     |        | add_ln136_18                             | add    | fabric   | 0       |
|        add_ln136_19_fu_2889_p2                                 |     |        | add_ln136_19                             | add    | fabric   | 0       |
|        add_ln136_21_fu_2905_p2                                 |     |        | add_ln136_21                             | add    | fabric   | 0       |
|        add_ln136_22_fu_2915_p2                                 |     |        | add_ln136_22                             | add    | fabric   | 0       |
|        add_ln136_23_fu_2925_p2                                 |     |        | add_ln136_23                             | add    | fabric   | 0       |
|        add_ln136_24_fu_2935_p2                                 |     |        | add_ln136_24                             | add    | fabric   | 0       |
|        add_ln136_27_fu_2961_p2                                 |     |        | add_ln136_27                             | add    | fabric   | 0       |
|        add_ln136_28_fu_2971_p2                                 |     |        | add_ln136_28                             | add    | fabric   | 0       |
|        add_ln136_30_fu_3019_p2                                 |     |        | add_ln136_30                             | add    | fabric   | 0       |
|        add_ln136_31_fu_3029_p2                                 |     |        | add_ln136_31                             | add    | fabric   | 0       |
|        select_ln147_fu_3045_p3                                 |     |        | select_ln147                             | select | auto_sel | 0       |
|     + executeALU (grp_executeALU_fu_2046)                      | 31  |        |                                          |        |          |         |
|       grp_fu_1415_p2                                           |     |        | add_ln86                                 | add    | fabric   | 0       |
|       grp_fu_1412_p2                                           |     |        | add_ln86_1                               | add    | fabric   | 0       |
|       grp_fu_1414_p2                                           |     |        | add_ln86_2                               | add    | fabric   | 0       |
|       grp_fu_1408_p2                                           |     |        | add_ln86_3                               | add    | fabric   | 0       |
|       grp_fu_1413_p2                                           |     |        | add_ln86_4                               | add    | fabric   | 0       |
|       grp_fu_1410_p2                                           |     |        | add_ln86_5                               | add    | fabric   | 0       |
|       grp_fu_1411_p2                                           |     |        | add_ln86_6                               | add    | fabric   | 0       |
|       grp_fu_1409_p2                                           |     |        | add_ln86_7                               | add    | fabric   | 0       |
|       grp_fu_1415_p2                                           |     |        | add_ln86_8                               | add    | fabric   | 0       |
|       grp_fu_1412_p2                                           |     |        | add_ln86_9                               | add    | fabric   | 0       |
|       grp_fu_1414_p2                                           |     |        | add_ln86_10                              | add    | fabric   | 0       |
|       grp_fu_1408_p2                                           |     |        | add_ln86_11                              | add    | fabric   | 0       |
|       grp_fu_1413_p2                                           |     |        | add_ln86_12                              | add    | fabric   | 0       |
|       grp_fu_1410_p2                                           |     |        | add_ln86_13                              | add    | fabric   | 0       |
|       grp_fu_1411_p2                                           |     |        | add_ln86_14                              | add    | fabric   | 0       |
|       grp_fu_1409_p2                                           |     |        | add_ln86_15                              | add    | fabric   | 0       |
|       grp_fu_1415_p2                                           |     |        | add_ln86_16                              | add    | fabric   | 0       |
|       grp_fu_1412_p2                                           |     |        | add_ln86_17                              | add    | fabric   | 0       |
|       grp_fu_1414_p2                                           |     |        | add_ln86_18                              | add    | fabric   | 0       |
|       grp_fu_1408_p2                                           |     |        | add_ln86_19                              | add    | fabric   | 0       |
|       grp_fu_1413_p2                                           |     |        | add_ln86_20                              | add    | fabric   | 0       |
|       grp_fu_1410_p2                                           |     |        | add_ln86_21                              | add    | fabric   | 0       |
|       grp_fu_1411_p2                                           |     |        | add_ln86_22                              | add    | fabric   | 0       |
|       grp_fu_1409_p2                                           |     |        | add_ln86_23                              | add    | fabric   | 0       |
|       grp_fu_1415_p2                                           |     |        | add_ln86_24                              | add    | fabric   | 0       |
|       grp_fu_1412_p2                                           |     |        | add_ln86_25                              | add    | fabric   | 0       |
|       grp_fu_1414_p2                                           |     |        | add_ln86_26                              | add    | fabric   | 0       |
|       grp_fu_1408_p2                                           |     |        | add_ln86_27                              | add    | fabric   | 0       |
|       grp_fu_1413_p2                                           |     |        | add_ln86_28                              | add    | fabric   | 0       |
|       grp_fu_1410_p2                                           |     |        | add_ln86_29                              | add    | fabric   | 0       |
|       grp_fu_1411_p2                                           |     |        | add_ln86_30                              | add    | fabric   | 0       |
|       grp_fu_1409_p2                                           |     |        | add_ln86_31                              | add    | fabric   | 0       |
|       grp_fu_1415_p2                                           |     |        | add_ln92_32                              | add    | fabric   | 0       |
|       grp_fu_1412_p2                                           |     |        | add_ln100                                | add    | fabric   | 0       |
|       grp_fu_1414_p2                                           |     |        | add_ln100_1                              | add    | fabric   | 0       |
|       grp_fu_1408_p2                                           |     |        | add_ln100_2                              | add    | fabric   | 0       |
|       grp_fu_1413_p2                                           |     |        | add_ln100_3                              | add    | fabric   | 0       |
|       grp_fu_1410_p2                                           |     |        | add_ln100_4                              | add    | fabric   | 0       |
|       grp_fu_1411_p2                                           |     |        | add_ln100_5                              | add    | fabric   | 0       |
|       grp_fu_1409_p2                                           |     |        | add_ln100_6                              | add    | fabric   | 0       |
|       grp_fu_1415_p2                                           |     |        | add_ln100_7                              | add    | fabric   | 0       |
|       grp_fu_1412_p2                                           |     |        | add_ln100_8                              | add    | fabric   | 0       |
|       grp_fu_1414_p2                                           |     |        | add_ln100_9                              | add    | fabric   | 0       |
|       grp_fu_1408_p2                                           |     |        | add_ln100_10                             | add    | fabric   | 0       |
|       grp_fu_1413_p2                                           |     |        | add_ln100_11                             | add    | fabric   | 0       |
|       grp_fu_1410_p2                                           |     |        | add_ln100_12                             | add    | fabric   | 0       |
|       grp_fu_1411_p2                                           |     |        | add_ln100_13                             | add    | fabric   | 0       |
|       grp_fu_1409_p2                                           |     |        | add_ln100_14                             | add    | fabric   | 0       |
|       grp_fu_1415_p2                                           |     |        | add_ln100_15                             | add    | fabric   | 0       |
|       grp_fu_1412_p2                                           |     |        | add_ln100_16                             | add    | fabric   | 0       |
|       grp_fu_1414_p2                                           |     |        | add_ln100_17                             | add    | fabric   | 0       |
|       grp_fu_1408_p2                                           |     |        | add_ln100_18                             | add    | fabric   | 0       |
|       grp_fu_1413_p2                                           |     |        | add_ln100_19                             | add    | fabric   | 0       |
|       grp_fu_1410_p2                                           |     |        | add_ln100_20                             | add    | fabric   | 0       |
|       grp_fu_1411_p2                                           |     |        | add_ln100_21                             | add    | fabric   | 0       |
|       grp_fu_1409_p2                                           |     |        | add_ln100_22                             | add    | fabric   | 0       |
|       grp_fu_1415_p2                                           |     |        | add_ln100_23                             | add    | fabric   | 0       |
|       grp_fu_1412_p2                                           |     |        | add_ln100_24                             | add    | fabric   | 0       |
|       grp_fu_1414_p2                                           |     |        | add_ln100_25                             | add    | fabric   | 0       |
|       grp_fu_1408_p2                                           |     |        | add_ln100_26                             | add    | fabric   | 0       |
|       grp_fu_1413_p2                                           |     |        | add_ln100_27                             | add    | fabric   | 0       |
|       grp_fu_1410_p2                                           |     |        | add_ln100_28                             | add    | fabric   | 0       |
|       grp_fu_1411_p2                                           |     |        | add_ln100_29                             | add    | fabric   | 0       |
|       grp_fu_1409_p2                                           |     |        | add_ln100_30                             | add    | fabric   | 0       |
|       grp_fu_1415_p2                                           |     |        | add_ln89                                 | add    | fabric   | 0       |
|       grp_fu_1412_p2                                           |     |        | add_ln89_1                               | add    | fabric   | 0       |
|       grp_fu_1414_p2                                           |     |        | add_ln89_2                               | add    | fabric   | 0       |
|       grp_fu_1408_p2                                           |     |        | add_ln89_3                               | add    | fabric   | 0       |
|       grp_fu_1413_p2                                           |     |        | add_ln89_4                               | add    | fabric   | 0       |
|       grp_fu_1410_p2                                           |     |        | add_ln89_5                               | add    | fabric   | 0       |
|       grp_fu_1411_p2                                           |     |        | add_ln89_6                               | add    | fabric   | 0       |
|       grp_fu_1409_p2                                           |     |        | add_ln89_7                               | add    | fabric   | 0       |
|       grp_fu_1415_p2                                           |     |        | add_ln89_8                               | add    | fabric   | 0       |
|       grp_fu_1412_p2                                           |     |        | add_ln89_9                               | add    | fabric   | 0       |
|       grp_fu_1414_p2                                           |     |        | add_ln89_10                              | add    | fabric   | 0       |
|       grp_fu_1408_p2                                           |     |        | add_ln89_11                              | add    | fabric   | 0       |
|       grp_fu_1413_p2                                           |     |        | add_ln89_12                              | add    | fabric   | 0       |
|       grp_fu_1410_p2                                           |     |        | add_ln89_13                              | add    | fabric   | 0       |
|       grp_fu_1411_p2                                           |     |        | add_ln89_14                              | add    | fabric   | 0       |
|       grp_fu_1409_p2                                           |     |        | add_ln89_15                              | add    | fabric   | 0       |
|       grp_fu_1415_p2                                           |     |        | add_ln89_16                              | add    | fabric   | 0       |
|       grp_fu_1412_p2                                           |     |        | add_ln89_17                              | add    | fabric   | 0       |
|       grp_fu_1414_p2                                           |     |        | add_ln89_18                              | add    | fabric   | 0       |
|       grp_fu_1408_p2                                           |     |        | add_ln89_19                              | add    | fabric   | 0       |
|       grp_fu_1413_p2                                           |     |        | add_ln89_20                              | add    | fabric   | 0       |
|       grp_fu_1410_p2                                           |     |        | add_ln89_21                              | add    | fabric   | 0       |
|       grp_fu_1411_p2                                           |     |        | add_ln89_22                              | add    | fabric   | 0       |
|       grp_fu_1409_p2                                           |     |        | add_ln89_23                              | add    | fabric   | 0       |
|       grp_fu_1415_p2                                           |     |        | add_ln89_24                              | add    | fabric   | 0       |
|       grp_fu_1412_p2                                           |     |        | add_ln89_25                              | add    | fabric   | 0       |
|       grp_fu_1414_p2                                           |     |        | add_ln89_26                              | add    | fabric   | 0       |
|       grp_fu_1408_p2                                           |     |        | add_ln89_27                              | add    | fabric   | 0       |
|       grp_fu_1413_p2                                           |     |        | add_ln89_28                              | add    | fabric   | 0       |
|       grp_fu_1410_p2                                           |     |        | add_ln89_29                              | add    | fabric   | 0       |
|       grp_fu_1411_p2                                           |     |        | add_ln89_30                              | add    | fabric   | 0       |
|       grp_fu_1409_p2                                           |     |        | add_ln89_31                              | add    | fabric   | 0       |
|       grp_fu_1415_p2                                           |     |        | add_ln87                                 | add    | fabric   | 0       |
|       grp_fu_12583_p2                                          |     |        | icmp_ln87                                | seteq  | auto     | 0       |
|       b_64_fu_13773_p3                                         |     |        | b_64                                     | select | auto_sel | 0       |
|       fmul_32ns_32ns_32_5_max_dsp_1_U233                       | 3   |        | f_1                                      | fmul   | maxdsp   | 4       |
|       fadd_32ns_32ns_32_8_full_dsp_1_U225                      | 2   |        | f                                        | fadd   | fulldsp  | 7       |
|       icmp_ln97_fu_14555_p2                                    |     |        | icmp_ln97                                | setlt  | auto     | 0       |
|       xor_ln96_fu_14564_p2                                     |     |        | xor_ln96                                 | xor    | auto     | 0       |
|       or_ln95_fu_14569_p2                                      |     |        | or_ln95                                  | or     | auto     | 0       |
|       and_ln94_fu_14574_p2                                     |     |        | and_ln94                                 | and    | auto     | 0       |
|       grp_fu_2767_p2                                           |     |        | sub_ln93                                 | sub    | fabric   | 0       |
|       grp_fu_1415_p2                                           |     |        | add_ln92                                 | add    | fabric   | 0       |
|       grp_fu_1412_p2                                           |     |        | add_ln87_1                               | add    | fabric   | 0       |
|       grp_fu_12599_p2                                          |     |        | icmp_ln87_1                              | seteq  | auto     | 0       |
|       b_65_fu_13805_p3                                         |     |        | b_65                                     | select | auto_sel | 0       |
|       fmul_32ns_32ns_32_5_max_dsp_1_U234                       | 3   |        | f_2                                      | fmul   | maxdsp   | 4       |
|       fadd_32ns_32ns_32_8_full_dsp_1_U226                      | 2   |        | f_3                                      | fadd   | fulldsp  | 7       |
|       icmp_ln97_1_fu_14585_p2                                  |     |        | icmp_ln97_1                              | setlt  | auto     | 0       |
|       xor_ln96_1_fu_14594_p2                                   |     |        | xor_ln96_1                               | xor    | auto     | 0       |
|       or_ln95_1_fu_14599_p2                                    |     |        | or_ln95_1                                | or     | auto     | 0       |
|       and_ln94_1_fu_14604_p2                                   |     |        | and_ln94_1                               | and    | auto     | 0       |
|       grp_fu_2764_p2                                           |     |        | sub_ln93_1                               | sub    | fabric   | 0       |
|       grp_fu_1412_p2                                           |     |        | add_ln92_1                               | add    | fabric   | 0       |
|       grp_fu_1414_p2                                           |     |        | add_ln87_2                               | add    | fabric   | 0       |
|       grp_fu_12615_p2                                          |     |        | icmp_ln87_2                              | seteq  | auto     | 0       |
|       b_66_fu_13837_p3                                         |     |        | b_66                                     | select | auto_sel | 0       |
|       fmul_32ns_32ns_32_5_max_dsp_1_U235                       | 3   |        | f_4                                      | fmul   | maxdsp   | 4       |
|       fadd_32ns_32ns_32_8_full_dsp_1_U227                      | 2   |        | f_5                                      | fadd   | fulldsp  | 7       |
|       icmp_ln97_2_fu_14615_p2                                  |     |        | icmp_ln97_2                              | setlt  | auto     | 0       |
|       xor_ln96_2_fu_14624_p2                                   |     |        | xor_ln96_2                               | xor    | auto     | 0       |
|       or_ln95_2_fu_14629_p2                                    |     |        | or_ln95_2                                | or     | auto     | 0       |
|       and_ln94_2_fu_14634_p2                                   |     |        | and_ln94_2                               | and    | auto     | 0       |
|       grp_fu_2766_p2                                           |     |        | sub_ln93_2                               | sub    | fabric   | 0       |
|       grp_fu_1414_p2                                           |     |        | add_ln92_2                               | add    | fabric   | 0       |
|       grp_fu_1408_p2                                           |     |        | add_ln87_3                               | add    | fabric   | 0       |
|       grp_fu_12631_p2                                          |     |        | icmp_ln87_3                              | seteq  | auto     | 0       |
|       b_67_fu_13869_p3                                         |     |        | b_67                                     | select | auto_sel | 0       |
|       fmul_32ns_32ns_32_5_max_dsp_1_U236                       | 3   |        | f_6                                      | fmul   | maxdsp   | 4       |
|       fadd_32ns_32ns_32_8_full_dsp_1_U228                      | 2   |        | f_7                                      | fadd   | fulldsp  | 7       |
|       icmp_ln97_3_fu_14645_p2                                  |     |        | icmp_ln97_3                              | setlt  | auto     | 0       |
|       xor_ln96_3_fu_14654_p2                                   |     |        | xor_ln96_3                               | xor    | auto     | 0       |
|       or_ln95_3_fu_14659_p2                                    |     |        | or_ln95_3                                | or     | auto     | 0       |
|       and_ln94_3_fu_14664_p2                                   |     |        | and_ln94_3                               | and    | auto     | 0       |
|       grp_fu_2760_p2                                           |     |        | sub_ln93_3                               | sub    | fabric   | 0       |
|       grp_fu_1408_p2                                           |     |        | add_ln92_3                               | add    | fabric   | 0       |
|       grp_fu_1413_p2                                           |     |        | add_ln87_4                               | add    | fabric   | 0       |
|       grp_fu_12647_p2                                          |     |        | icmp_ln87_4                              | seteq  | auto     | 0       |
|       b_68_fu_13901_p3                                         |     |        | b_68                                     | select | auto_sel | 0       |
|       fmul_32ns_32ns_32_5_max_dsp_1_U237                       | 3   |        | f_8                                      | fmul   | maxdsp   | 4       |
|       fadd_32ns_32ns_32_8_full_dsp_1_U229                      | 2   |        | f_9                                      | fadd   | fulldsp  | 7       |
|       icmp_ln97_4_fu_14675_p2                                  |     |        | icmp_ln97_4                              | setlt  | auto     | 0       |
|       xor_ln96_4_fu_14684_p2                                   |     |        | xor_ln96_4                               | xor    | auto     | 0       |
|       or_ln95_4_fu_14689_p2                                    |     |        | or_ln95_4                                | or     | auto     | 0       |
|       and_ln94_4_fu_14694_p2                                   |     |        | and_ln94_4                               | and    | auto     | 0       |
|       grp_fu_2765_p2                                           |     |        | sub_ln93_4                               | sub    | fabric   | 0       |
|       grp_fu_1413_p2                                           |     |        | add_ln92_4                               | add    | fabric   | 0       |
|       grp_fu_1410_p2                                           |     |        | add_ln87_5                               | add    | fabric   | 0       |
|       grp_fu_12663_p2                                          |     |        | icmp_ln87_5                              | seteq  | auto     | 0       |
|       b_69_fu_13933_p3                                         |     |        | b_69                                     | select | auto_sel | 0       |
|       fmul_32ns_32ns_32_5_max_dsp_1_U233                       | 3   |        | f_10                                     | fmul   | maxdsp   | 4       |
|       fadd_32ns_32ns_32_8_full_dsp_1_U230                      | 2   |        | f_11                                     | fadd   | fulldsp  | 7       |
|       icmp_ln97_5_fu_14705_p2                                  |     |        | icmp_ln97_5                              | setlt  | auto     | 0       |
|       xor_ln96_5_fu_14714_p2                                   |     |        | xor_ln96_5                               | xor    | auto     | 0       |
|       or_ln95_5_fu_14719_p2                                    |     |        | or_ln95_5                                | or     | auto     | 0       |
|       and_ln94_5_fu_14724_p2                                   |     |        | and_ln94_5                               | and    | auto     | 0       |
|       grp_fu_2762_p2                                           |     |        | sub_ln93_5                               | sub    | fabric   | 0       |
|       grp_fu_1410_p2                                           |     |        | add_ln92_5                               | add    | fabric   | 0       |
|       grp_fu_1411_p2                                           |     |        | add_ln87_6                               | add    | fabric   | 0       |
|       grp_fu_12679_p2                                          |     |        | icmp_ln87_6                              | seteq  | auto     | 0       |
|       b_70_fu_13965_p3                                         |     |        | b_70                                     | select | auto_sel | 0       |
|       fmul_32ns_32ns_32_5_max_dsp_1_U234                       | 3   |        | f_12                                     | fmul   | maxdsp   | 4       |
|       fadd_32ns_32ns_32_8_full_dsp_1_U231                      | 2   |        | f_13                                     | fadd   | fulldsp  | 7       |
|       icmp_ln97_6_fu_14735_p2                                  |     |        | icmp_ln97_6                              | setlt  | auto     | 0       |
|       xor_ln96_6_fu_14744_p2                                   |     |        | xor_ln96_6                               | xor    | auto     | 0       |
|       or_ln95_6_fu_14749_p2                                    |     |        | or_ln95_6                                | or     | auto     | 0       |
|       and_ln94_6_fu_14754_p2                                   |     |        | and_ln94_6                               | and    | auto     | 0       |
|       grp_fu_2763_p2                                           |     |        | sub_ln93_6                               | sub    | fabric   | 0       |
|       grp_fu_1411_p2                                           |     |        | add_ln92_6                               | add    | fabric   | 0       |
|       grp_fu_1409_p2                                           |     |        | add_ln87_7                               | add    | fabric   | 0       |
|       grp_fu_12695_p2                                          |     |        | icmp_ln87_7                              | seteq  | auto     | 0       |
|       b_71_fu_13997_p3                                         |     |        | b_71                                     | select | auto_sel | 0       |
|       fmul_32ns_32ns_32_5_max_dsp_1_U235                       | 3   |        | f_14                                     | fmul   | maxdsp   | 4       |
|       fadd_32ns_32ns_32_8_full_dsp_1_U232                      | 2   |        | f_15                                     | fadd   | fulldsp  | 7       |
|       icmp_ln97_7_fu_14765_p2                                  |     |        | icmp_ln97_7                              | setlt  | auto     | 0       |
|       xor_ln96_7_fu_14774_p2                                   |     |        | xor_ln96_7                               | xor    | auto     | 0       |
|       or_ln95_7_fu_14779_p2                                    |     |        | or_ln95_7                                | or     | auto     | 0       |
|       and_ln94_7_fu_14784_p2                                   |     |        | and_ln94_7                               | and    | auto     | 0       |
|       grp_fu_2761_p2                                           |     |        | sub_ln93_7                               | sub    | fabric   | 0       |
|       grp_fu_1409_p2                                           |     |        | add_ln92_7                               | add    | fabric   | 0       |
|       grp_fu_1415_p2                                           |     |        | add_ln87_8                               | add    | fabric   | 0       |
|       grp_fu_12583_p2                                          |     |        | icmp_ln87_8                              | seteq  | auto     | 0       |
|       b_72_fu_14133_p3                                         |     |        | b_72                                     | select | auto_sel | 0       |
|       fmul_32ns_32ns_32_5_max_dsp_1_U236                       | 3   |        | f_16                                     | fmul   | maxdsp   | 4       |
|       fadd_32ns_32ns_32_8_full_dsp_1_U225                      | 2   |        | f_17                                     | fadd   | fulldsp  | 7       |
|       icmp_ln97_8_fu_14939_p2                                  |     |        | icmp_ln97_8                              | setlt  | auto     | 0       |
|       xor_ln96_8_fu_14948_p2                                   |     |        | xor_ln96_8                               | xor    | auto     | 0       |
|       or_ln95_8_fu_14953_p2                                    |     |        | or_ln95_8                                | or     | auto     | 0       |
|       and_ln94_8_fu_14958_p2                                   |     |        | and_ln94_8                               | and    | auto     | 0       |
|       grp_fu_2767_p2                                           |     |        | sub_ln93_8                               | sub    | fabric   | 0       |
|       grp_fu_1415_p2                                           |     |        | add_ln92_8                               | add    | fabric   | 0       |
|       grp_fu_1412_p2                                           |     |        | add_ln87_9                               | add    | fabric   | 0       |
|       grp_fu_12599_p2                                          |     |        | icmp_ln87_9                              | seteq  | auto     | 0       |
|       b_73_fu_14140_p3                                         |     |        | b_73                                     | select | auto_sel | 0       |
|       fmul_32ns_32ns_32_5_max_dsp_1_U237                       | 3   |        | f_18                                     | fmul   | maxdsp   | 4       |
|       fadd_32ns_32ns_32_8_full_dsp_1_U226                      | 2   |        | f_19                                     | fadd   | fulldsp  | 7       |
|       icmp_ln97_9_fu_14969_p2                                  |     |        | icmp_ln97_9                              | setlt  | auto     | 0       |
|       xor_ln96_9_fu_14978_p2                                   |     |        | xor_ln96_9                               | xor    | auto     | 0       |
|       or_ln95_9_fu_14983_p2                                    |     |        | or_ln95_9                                | or     | auto     | 0       |
|       and_ln94_9_fu_14988_p2                                   |     |        | and_ln94_9                               | and    | auto     | 0       |
|       grp_fu_2764_p2                                           |     |        | sub_ln93_9                               | sub    | fabric   | 0       |
|       grp_fu_1412_p2                                           |     |        | add_ln92_9                               | add    | fabric   | 0       |
|       grp_fu_1414_p2                                           |     |        | add_ln87_10                              | add    | fabric   | 0       |
|       grp_fu_12615_p2                                          |     |        | icmp_ln87_10                             | seteq  | auto     | 0       |
|       b_74_fu_14147_p3                                         |     |        | b_74                                     | select | auto_sel | 0       |
|       fmul_32ns_32ns_32_5_max_dsp_1_U233                       | 3   |        | f_20                                     | fmul   | maxdsp   | 4       |
|       fadd_32ns_32ns_32_8_full_dsp_1_U227                      | 2   |        | f_21                                     | fadd   | fulldsp  | 7       |
|       icmp_ln97_10_fu_14999_p2                                 |     |        | icmp_ln97_10                             | setlt  | auto     | 0       |
|       xor_ln96_10_fu_15008_p2                                  |     |        | xor_ln96_10                              | xor    | auto     | 0       |
|       or_ln95_10_fu_15013_p2                                   |     |        | or_ln95_10                               | or     | auto     | 0       |
|       and_ln94_10_fu_15018_p2                                  |     |        | and_ln94_10                              | and    | auto     | 0       |
|       grp_fu_2766_p2                                           |     |        | sub_ln93_10                              | sub    | fabric   | 0       |
|       grp_fu_1414_p2                                           |     |        | add_ln92_10                              | add    | fabric   | 0       |
|       grp_fu_1408_p2                                           |     |        | add_ln87_11                              | add    | fabric   | 0       |
|       grp_fu_12631_p2                                          |     |        | icmp_ln87_11                             | seteq  | auto     | 0       |
|       b_75_fu_14154_p3                                         |     |        | b_75                                     | select | auto_sel | 0       |
|       fmul_32ns_32ns_32_5_max_dsp_1_U234                       | 3   |        | f_22                                     | fmul   | maxdsp   | 4       |
|       fadd_32ns_32ns_32_8_full_dsp_1_U228                      | 2   |        | f_23                                     | fadd   | fulldsp  | 7       |
|       icmp_ln97_11_fu_15029_p2                                 |     |        | icmp_ln97_11                             | setlt  | auto     | 0       |
|       xor_ln96_11_fu_15038_p2                                  |     |        | xor_ln96_11                              | xor    | auto     | 0       |
|       or_ln95_11_fu_15043_p2                                   |     |        | or_ln95_11                               | or     | auto     | 0       |
|       and_ln94_11_fu_15048_p2                                  |     |        | and_ln94_11                              | and    | auto     | 0       |
|       grp_fu_2760_p2                                           |     |        | sub_ln93_11                              | sub    | fabric   | 0       |
|       grp_fu_1408_p2                                           |     |        | add_ln92_11                              | add    | fabric   | 0       |
|       grp_fu_1413_p2                                           |     |        | add_ln87_12                              | add    | fabric   | 0       |
|       grp_fu_12647_p2                                          |     |        | icmp_ln87_12                             | seteq  | auto     | 0       |
|       b_76_fu_14161_p3                                         |     |        | b_76                                     | select | auto_sel | 0       |
|       fmul_32ns_32ns_32_5_max_dsp_1_U235                       | 3   |        | f_24                                     | fmul   | maxdsp   | 4       |
|       fadd_32ns_32ns_32_8_full_dsp_1_U229                      | 2   |        | f_25                                     | fadd   | fulldsp  | 7       |
|       icmp_ln97_12_fu_15059_p2                                 |     |        | icmp_ln97_12                             | setlt  | auto     | 0       |
|       xor_ln96_12_fu_15068_p2                                  |     |        | xor_ln96_12                              | xor    | auto     | 0       |
|       or_ln95_12_fu_15073_p2                                   |     |        | or_ln95_12                               | or     | auto     | 0       |
|       and_ln94_12_fu_15078_p2                                  |     |        | and_ln94_12                              | and    | auto     | 0       |
|       grp_fu_2765_p2                                           |     |        | sub_ln93_12                              | sub    | fabric   | 0       |
|       grp_fu_1413_p2                                           |     |        | add_ln92_12                              | add    | fabric   | 0       |
|       grp_fu_1410_p2                                           |     |        | add_ln87_13                              | add    | fabric   | 0       |
|       grp_fu_12663_p2                                          |     |        | icmp_ln87_13                             | seteq  | auto     | 0       |
|       b_77_fu_14168_p3                                         |     |        | b_77                                     | select | auto_sel | 0       |
|       fmul_32ns_32ns_32_5_max_dsp_1_U236                       | 3   |        | f_26                                     | fmul   | maxdsp   | 4       |
|       fadd_32ns_32ns_32_8_full_dsp_1_U230                      | 2   |        | f_27                                     | fadd   | fulldsp  | 7       |
|       icmp_ln97_13_fu_15089_p2                                 |     |        | icmp_ln97_13                             | setlt  | auto     | 0       |
|       xor_ln96_13_fu_15098_p2                                  |     |        | xor_ln96_13                              | xor    | auto     | 0       |
|       or_ln95_13_fu_15103_p2                                   |     |        | or_ln95_13                               | or     | auto     | 0       |
|       and_ln94_13_fu_15108_p2                                  |     |        | and_ln94_13                              | and    | auto     | 0       |
|       grp_fu_2762_p2                                           |     |        | sub_ln93_13                              | sub    | fabric   | 0       |
|       grp_fu_1410_p2                                           |     |        | add_ln92_13                              | add    | fabric   | 0       |
|       grp_fu_1411_p2                                           |     |        | add_ln87_14                              | add    | fabric   | 0       |
|       grp_fu_12679_p2                                          |     |        | icmp_ln87_14                             | seteq  | auto     | 0       |
|       b_78_fu_14175_p3                                         |     |        | b_78                                     | select | auto_sel | 0       |
|       fmul_32ns_32ns_32_5_max_dsp_1_U237                       | 3   |        | f_28                                     | fmul   | maxdsp   | 4       |
|       fadd_32ns_32ns_32_8_full_dsp_1_U231                      | 2   |        | f_29                                     | fadd   | fulldsp  | 7       |
|       icmp_ln97_14_fu_15119_p2                                 |     |        | icmp_ln97_14                             | setlt  | auto     | 0       |
|       xor_ln96_14_fu_15128_p2                                  |     |        | xor_ln96_14                              | xor    | auto     | 0       |
|       or_ln95_14_fu_15133_p2                                   |     |        | or_ln95_14                               | or     | auto     | 0       |
|       and_ln94_14_fu_15138_p2                                  |     |        | and_ln94_14                              | and    | auto     | 0       |
|       grp_fu_2763_p2                                           |     |        | sub_ln93_14                              | sub    | fabric   | 0       |
|       grp_fu_1411_p2                                           |     |        | add_ln92_14                              | add    | fabric   | 0       |
|       grp_fu_1409_p2                                           |     |        | add_ln87_15                              | add    | fabric   | 0       |
|       grp_fu_12695_p2                                          |     |        | icmp_ln87_15                             | seteq  | auto     | 0       |
|       b_79_fu_14182_p3                                         |     |        | b_79                                     | select | auto_sel | 0       |
|       fmul_32ns_32ns_32_5_max_dsp_1_U233                       | 3   |        | f_30                                     | fmul   | maxdsp   | 4       |
|       fadd_32ns_32ns_32_8_full_dsp_1_U232                      | 2   |        | f_31                                     | fadd   | fulldsp  | 7       |
|       icmp_ln97_15_fu_15149_p2                                 |     |        | icmp_ln97_15                             | setlt  | auto     | 0       |
|       xor_ln96_15_fu_15158_p2                                  |     |        | xor_ln96_15                              | xor    | auto     | 0       |
|       or_ln95_15_fu_15163_p2                                   |     |        | or_ln95_15                               | or     | auto     | 0       |
|       and_ln94_15_fu_15168_p2                                  |     |        | and_ln94_15                              | and    | auto     | 0       |
|       grp_fu_2761_p2                                           |     |        | sub_ln93_15                              | sub    | fabric   | 0       |
|       grp_fu_1409_p2                                           |     |        | add_ln92_15                              | add    | fabric   | 0       |
|       grp_fu_1415_p2                                           |     |        | add_ln87_16                              | add    | fabric   | 0       |
|       grp_fu_12583_p2                                          |     |        | icmp_ln87_16                             | seteq  | auto     | 0       |
|       b_80_fu_14293_p3                                         |     |        | b_80                                     | select | auto_sel | 0       |
|       fmul_32ns_32ns_32_5_max_dsp_1_U234                       | 3   |        | f_32                                     | fmul   | maxdsp   | 4       |
|       fadd_32ns_32ns_32_8_full_dsp_1_U225                      | 2   |        | f_33                                     | fadd   | fulldsp  | 7       |
|       icmp_ln97_16_fu_15284_p2                                 |     |        | icmp_ln97_16                             | setlt  | auto     | 0       |
|       xor_ln96_16_fu_15293_p2                                  |     |        | xor_ln96_16                              | xor    | auto     | 0       |
|       or_ln95_16_fu_15298_p2                                   |     |        | or_ln95_16                               | or     | auto     | 0       |
|       and_ln94_16_fu_15303_p2                                  |     |        | and_ln94_16                              | and    | auto     | 0       |
|       grp_fu_2767_p2                                           |     |        | sub_ln93_16                              | sub    | fabric   | 0       |
|       grp_fu_1415_p2                                           |     |        | add_ln92_16                              | add    | fabric   | 0       |
|       grp_fu_1412_p2                                           |     |        | add_ln87_17                              | add    | fabric   | 0       |
|       grp_fu_12599_p2                                          |     |        | icmp_ln87_17                             | seteq  | auto     | 0       |
|       b_81_fu_14300_p3                                         |     |        | b_81                                     | select | auto_sel | 0       |
|       fmul_32ns_32ns_32_5_max_dsp_1_U235                       | 3   |        | f_34                                     | fmul   | maxdsp   | 4       |
|       fadd_32ns_32ns_32_8_full_dsp_1_U226                      | 2   |        | f_35                                     | fadd   | fulldsp  | 7       |
|       icmp_ln97_17_fu_15314_p2                                 |     |        | icmp_ln97_17                             | setlt  | auto     | 0       |
|       xor_ln96_17_fu_15323_p2                                  |     |        | xor_ln96_17                              | xor    | auto     | 0       |
|       or_ln95_17_fu_15328_p2                                   |     |        | or_ln95_17                               | or     | auto     | 0       |
|       and_ln94_17_fu_15333_p2                                  |     |        | and_ln94_17                              | and    | auto     | 0       |
|       grp_fu_2764_p2                                           |     |        | sub_ln93_17                              | sub    | fabric   | 0       |
|       grp_fu_1412_p2                                           |     |        | add_ln92_17                              | add    | fabric   | 0       |
|       grp_fu_1414_p2                                           |     |        | add_ln87_18                              | add    | fabric   | 0       |
|       grp_fu_12615_p2                                          |     |        | icmp_ln87_18                             | seteq  | auto     | 0       |
|       b_82_fu_14307_p3                                         |     |        | b_82                                     | select | auto_sel | 0       |
|       fmul_32ns_32ns_32_5_max_dsp_1_U236                       | 3   |        | f_36                                     | fmul   | maxdsp   | 4       |
|       fadd_32ns_32ns_32_8_full_dsp_1_U227                      | 2   |        | f_37                                     | fadd   | fulldsp  | 7       |
|       icmp_ln97_18_fu_15344_p2                                 |     |        | icmp_ln97_18                             | setlt  | auto     | 0       |
|       xor_ln96_18_fu_15353_p2                                  |     |        | xor_ln96_18                              | xor    | auto     | 0       |
|       or_ln95_18_fu_15358_p2                                   |     |        | or_ln95_18                               | or     | auto     | 0       |
|       and_ln94_18_fu_15363_p2                                  |     |        | and_ln94_18                              | and    | auto     | 0       |
|       grp_fu_2766_p2                                           |     |        | sub_ln93_18                              | sub    | fabric   | 0       |
|       grp_fu_1414_p2                                           |     |        | add_ln92_18                              | add    | fabric   | 0       |
|       grp_fu_1408_p2                                           |     |        | add_ln87_19                              | add    | fabric   | 0       |
|       grp_fu_12631_p2                                          |     |        | icmp_ln87_19                             | seteq  | auto     | 0       |
|       b_83_fu_14314_p3                                         |     |        | b_83                                     | select | auto_sel | 0       |
|       fmul_32ns_32ns_32_5_max_dsp_1_U237                       | 3   |        | f_38                                     | fmul   | maxdsp   | 4       |
|       fadd_32ns_32ns_32_8_full_dsp_1_U228                      | 2   |        | f_39                                     | fadd   | fulldsp  | 7       |
|       icmp_ln97_19_fu_15374_p2                                 |     |        | icmp_ln97_19                             | setlt  | auto     | 0       |
|       xor_ln96_19_fu_15383_p2                                  |     |        | xor_ln96_19                              | xor    | auto     | 0       |
|       or_ln95_19_fu_15388_p2                                   |     |        | or_ln95_19                               | or     | auto     | 0       |
|       and_ln94_19_fu_15393_p2                                  |     |        | and_ln94_19                              | and    | auto     | 0       |
|       grp_fu_2760_p2                                           |     |        | sub_ln93_19                              | sub    | fabric   | 0       |
|       grp_fu_1408_p2                                           |     |        | add_ln92_19                              | add    | fabric   | 0       |
|       grp_fu_1413_p2                                           |     |        | add_ln87_20                              | add    | fabric   | 0       |
|       grp_fu_12647_p2                                          |     |        | icmp_ln87_20                             | seteq  | auto     | 0       |
|       b_84_fu_14321_p3                                         |     |        | b_84                                     | select | auto_sel | 0       |
|       fmul_32ns_32ns_32_5_max_dsp_1_U233                       | 3   |        | f_40                                     | fmul   | maxdsp   | 4       |
|       fadd_32ns_32ns_32_8_full_dsp_1_U229                      | 2   |        | f_41                                     | fadd   | fulldsp  | 7       |
|       icmp_ln97_20_fu_15404_p2                                 |     |        | icmp_ln97_20                             | setlt  | auto     | 0       |
|       xor_ln96_20_fu_15413_p2                                  |     |        | xor_ln96_20                              | xor    | auto     | 0       |
|       or_ln95_20_fu_15418_p2                                   |     |        | or_ln95_20                               | or     | auto     | 0       |
|       and_ln94_20_fu_15423_p2                                  |     |        | and_ln94_20                              | and    | auto     | 0       |
|       grp_fu_2765_p2                                           |     |        | sub_ln93_20                              | sub    | fabric   | 0       |
|       grp_fu_1413_p2                                           |     |        | add_ln92_20                              | add    | fabric   | 0       |
|       grp_fu_1410_p2                                           |     |        | add_ln87_21                              | add    | fabric   | 0       |
|       grp_fu_12663_p2                                          |     |        | icmp_ln87_21                             | seteq  | auto     | 0       |
|       b_85_fu_14328_p3                                         |     |        | b_85                                     | select | auto_sel | 0       |
|       fmul_32ns_32ns_32_5_max_dsp_1_U234                       | 3   |        | f_42                                     | fmul   | maxdsp   | 4       |
|       fadd_32ns_32ns_32_8_full_dsp_1_U230                      | 2   |        | f_43                                     | fadd   | fulldsp  | 7       |
|       icmp_ln97_21_fu_15434_p2                                 |     |        | icmp_ln97_21                             | setlt  | auto     | 0       |
|       xor_ln96_21_fu_15443_p2                                  |     |        | xor_ln96_21                              | xor    | auto     | 0       |
|       or_ln95_21_fu_15448_p2                                   |     |        | or_ln95_21                               | or     | auto     | 0       |
|       and_ln94_21_fu_15453_p2                                  |     |        | and_ln94_21                              | and    | auto     | 0       |
|       grp_fu_2762_p2                                           |     |        | sub_ln93_21                              | sub    | fabric   | 0       |
|       grp_fu_1410_p2                                           |     |        | add_ln92_21                              | add    | fabric   | 0       |
|       grp_fu_1411_p2                                           |     |        | add_ln87_22                              | add    | fabric   | 0       |
|       grp_fu_12679_p2                                          |     |        | icmp_ln87_22                             | seteq  | auto     | 0       |
|       b_86_fu_14335_p3                                         |     |        | b_86                                     | select | auto_sel | 0       |
|       fmul_32ns_32ns_32_5_max_dsp_1_U235                       | 3   |        | f_44                                     | fmul   | maxdsp   | 4       |
|       fadd_32ns_32ns_32_8_full_dsp_1_U231                      | 2   |        | f_45                                     | fadd   | fulldsp  | 7       |
|       icmp_ln97_22_fu_15464_p2                                 |     |        | icmp_ln97_22                             | setlt  | auto     | 0       |
|       xor_ln96_22_fu_15473_p2                                  |     |        | xor_ln96_22                              | xor    | auto     | 0       |
|       or_ln95_22_fu_15478_p2                                   |     |        | or_ln95_22                               | or     | auto     | 0       |
|       and_ln94_22_fu_15483_p2                                  |     |        | and_ln94_22                              | and    | auto     | 0       |
|       grp_fu_2763_p2                                           |     |        | sub_ln93_22                              | sub    | fabric   | 0       |
|       grp_fu_1411_p2                                           |     |        | add_ln92_22                              | add    | fabric   | 0       |
|       grp_fu_1409_p2                                           |     |        | add_ln87_23                              | add    | fabric   | 0       |
|       grp_fu_12695_p2                                          |     |        | icmp_ln87_23                             | seteq  | auto     | 0       |
|       b_87_fu_14342_p3                                         |     |        | b_87                                     | select | auto_sel | 0       |
|       fmul_32ns_32ns_32_5_max_dsp_1_U236                       | 3   |        | f_46                                     | fmul   | maxdsp   | 4       |
|       fadd_32ns_32ns_32_8_full_dsp_1_U232                      | 2   |        | f_47                                     | fadd   | fulldsp  | 7       |
|       icmp_ln97_23_fu_15494_p2                                 |     |        | icmp_ln97_23                             | setlt  | auto     | 0       |
|       xor_ln96_23_fu_15503_p2                                  |     |        | xor_ln96_23                              | xor    | auto     | 0       |
|       or_ln95_23_fu_15508_p2                                   |     |        | or_ln95_23                               | or     | auto     | 0       |
|       and_ln94_23_fu_15513_p2                                  |     |        | and_ln94_23                              | and    | auto     | 0       |
|       grp_fu_2761_p2                                           |     |        | sub_ln93_23                              | sub    | fabric   | 0       |
|       grp_fu_1409_p2                                           |     |        | add_ln92_23                              | add    | fabric   | 0       |
|       grp_fu_1415_p2                                           |     |        | add_ln87_24                              | add    | fabric   | 0       |
|       grp_fu_12583_p2                                          |     |        | icmp_ln87_24                             | seteq  | auto     | 0       |
|       b_88_fu_14453_p3                                         |     |        | b_88                                     | select | auto_sel | 0       |
|       fmul_32ns_32ns_32_5_max_dsp_1_U237                       | 3   |        | f_48                                     | fmul   | maxdsp   | 4       |
|       fadd_32ns_32ns_32_8_full_dsp_1_U225                      | 2   |        | f_49                                     | fadd   | fulldsp  | 7       |
|       icmp_ln97_24_fu_15629_p2                                 |     |        | icmp_ln97_24                             | setlt  | auto     | 0       |
|       xor_ln96_24_fu_15638_p2                                  |     |        | xor_ln96_24                              | xor    | auto     | 0       |
|       or_ln95_24_fu_15643_p2                                   |     |        | or_ln95_24                               | or     | auto     | 0       |
|       and_ln94_24_fu_15648_p2                                  |     |        | and_ln94_24                              | and    | auto     | 0       |
|       grp_fu_2767_p2                                           |     |        | sub_ln93_24                              | sub    | fabric   | 0       |
|       grp_fu_1415_p2                                           |     |        | add_ln92_24                              | add    | fabric   | 0       |
|       grp_fu_1412_p2                                           |     |        | add_ln87_25                              | add    | fabric   | 0       |
|       grp_fu_12599_p2                                          |     |        | icmp_ln87_25                             | seteq  | auto     | 0       |
|       b_89_fu_14460_p3                                         |     |        | b_89                                     | select | auto_sel | 0       |
|       fmul_32ns_32ns_32_5_max_dsp_1_U233                       | 3   |        | f_50                                     | fmul   | maxdsp   | 4       |
|       fadd_32ns_32ns_32_8_full_dsp_1_U226                      | 2   |        | f_51                                     | fadd   | fulldsp  | 7       |
|       icmp_ln97_25_fu_15659_p2                                 |     |        | icmp_ln97_25                             | setlt  | auto     | 0       |
|       xor_ln96_25_fu_15668_p2                                  |     |        | xor_ln96_25                              | xor    | auto     | 0       |
|       or_ln95_25_fu_15673_p2                                   |     |        | or_ln95_25                               | or     | auto     | 0       |
|       and_ln94_25_fu_15678_p2                                  |     |        | and_ln94_25                              | and    | auto     | 0       |
|       grp_fu_2764_p2                                           |     |        | sub_ln93_25                              | sub    | fabric   | 0       |
|       grp_fu_1412_p2                                           |     |        | add_ln92_25                              | add    | fabric   | 0       |
|       grp_fu_1414_p2                                           |     |        | add_ln87_26                              | add    | fabric   | 0       |
|       grp_fu_12615_p2                                          |     |        | icmp_ln87_26                             | seteq  | auto     | 0       |
|       b_90_fu_14467_p3                                         |     |        | b_90                                     | select | auto_sel | 0       |
|       fmul_32ns_32ns_32_5_max_dsp_1_U234                       | 3   |        | f_52                                     | fmul   | maxdsp   | 4       |
|       fadd_32ns_32ns_32_8_full_dsp_1_U227                      | 2   |        | f_53                                     | fadd   | fulldsp  | 7       |
|       icmp_ln97_26_fu_15689_p2                                 |     |        | icmp_ln97_26                             | setlt  | auto     | 0       |
|       xor_ln96_26_fu_15698_p2                                  |     |        | xor_ln96_26                              | xor    | auto     | 0       |
|       or_ln95_26_fu_15703_p2                                   |     |        | or_ln95_26                               | or     | auto     | 0       |
|       and_ln94_26_fu_15708_p2                                  |     |        | and_ln94_26                              | and    | auto     | 0       |
|       grp_fu_2766_p2                                           |     |        | sub_ln93_26                              | sub    | fabric   | 0       |
|       grp_fu_1414_p2                                           |     |        | add_ln92_26                              | add    | fabric   | 0       |
|       grp_fu_1408_p2                                           |     |        | add_ln87_27                              | add    | fabric   | 0       |
|       grp_fu_12631_p2                                          |     |        | icmp_ln87_27                             | seteq  | auto     | 0       |
|       b_91_fu_14474_p3                                         |     |        | b_91                                     | select | auto_sel | 0       |
|       fmul_32ns_32ns_32_5_max_dsp_1_U235                       | 3   |        | f_54                                     | fmul   | maxdsp   | 4       |
|       fadd_32ns_32ns_32_8_full_dsp_1_U228                      | 2   |        | f_55                                     | fadd   | fulldsp  | 7       |
|       icmp_ln97_27_fu_15719_p2                                 |     |        | icmp_ln97_27                             | setlt  | auto     | 0       |
|       xor_ln96_27_fu_15728_p2                                  |     |        | xor_ln96_27                              | xor    | auto     | 0       |
|       or_ln95_27_fu_15733_p2                                   |     |        | or_ln95_27                               | or     | auto     | 0       |
|       and_ln94_27_fu_15738_p2                                  |     |        | and_ln94_27                              | and    | auto     | 0       |
|       grp_fu_2760_p2                                           |     |        | sub_ln93_27                              | sub    | fabric   | 0       |
|       grp_fu_1408_p2                                           |     |        | add_ln92_27                              | add    | fabric   | 0       |
|       grp_fu_1413_p2                                           |     |        | add_ln87_28                              | add    | fabric   | 0       |
|       grp_fu_12647_p2                                          |     |        | icmp_ln87_28                             | seteq  | auto     | 0       |
|       b_92_fu_14481_p3                                         |     |        | b_92                                     | select | auto_sel | 0       |
|       fmul_32ns_32ns_32_5_max_dsp_1_U236                       | 3   |        | f_56                                     | fmul   | maxdsp   | 4       |
|       fadd_32ns_32ns_32_8_full_dsp_1_U229                      | 2   |        | f_57                                     | fadd   | fulldsp  | 7       |
|       icmp_ln97_28_fu_15749_p2                                 |     |        | icmp_ln97_28                             | setlt  | auto     | 0       |
|       xor_ln96_28_fu_15758_p2                                  |     |        | xor_ln96_28                              | xor    | auto     | 0       |
|       or_ln95_28_fu_15763_p2                                   |     |        | or_ln95_28                               | or     | auto     | 0       |
|       and_ln94_28_fu_15768_p2                                  |     |        | and_ln94_28                              | and    | auto     | 0       |
|       grp_fu_2765_p2                                           |     |        | sub_ln93_28                              | sub    | fabric   | 0       |
|       grp_fu_1413_p2                                           |     |        | add_ln92_28                              | add    | fabric   | 0       |
|       grp_fu_1410_p2                                           |     |        | add_ln87_29                              | add    | fabric   | 0       |
|       grp_fu_12663_p2                                          |     |        | icmp_ln87_29                             | seteq  | auto     | 0       |
|       b_93_fu_14488_p3                                         |     |        | b_93                                     | select | auto_sel | 0       |
|       fmul_32ns_32ns_32_5_max_dsp_1_U237                       | 3   |        | f_58                                     | fmul   | maxdsp   | 4       |
|       fadd_32ns_32ns_32_8_full_dsp_1_U230                      | 2   |        | f_59                                     | fadd   | fulldsp  | 7       |
|       icmp_ln97_29_fu_15779_p2                                 |     |        | icmp_ln97_29                             | setlt  | auto     | 0       |
|       xor_ln96_29_fu_15788_p2                                  |     |        | xor_ln96_29                              | xor    | auto     | 0       |
|       or_ln95_29_fu_15793_p2                                   |     |        | or_ln95_29                               | or     | auto     | 0       |
|       and_ln94_29_fu_15798_p2                                  |     |        | and_ln94_29                              | and    | auto     | 0       |
|       grp_fu_2762_p2                                           |     |        | sub_ln93_29                              | sub    | fabric   | 0       |
|       grp_fu_1410_p2                                           |     |        | add_ln92_29                              | add    | fabric   | 0       |
|       grp_fu_1411_p2                                           |     |        | add_ln87_30                              | add    | fabric   | 0       |
|       grp_fu_12679_p2                                          |     |        | icmp_ln87_30                             | seteq  | auto     | 0       |
|       b_94_fu_14495_p3                                         |     |        | b_94                                     | select | auto_sel | 0       |
|       fmul_32ns_32ns_32_5_max_dsp_1_U233                       | 3   |        | f_60                                     | fmul   | maxdsp   | 4       |
|       fadd_32ns_32ns_32_8_full_dsp_1_U231                      | 2   |        | f_61                                     | fadd   | fulldsp  | 7       |
|       icmp_ln97_30_fu_15817_p2                                 |     |        | icmp_ln97_30                             | setlt  | auto     | 0       |
|       xor_ln96_30_fu_15826_p2                                  |     |        | xor_ln96_30                              | xor    | auto     | 0       |
|       or_ln95_30_fu_15831_p2                                   |     |        | or_ln95_30                               | or     | auto     | 0       |
|       and_ln94_30_fu_15836_p2                                  |     |        | and_ln94_30                              | and    | auto     | 0       |
|       grp_fu_2763_p2                                           |     |        | sub_ln93_30                              | sub    | fabric   | 0       |
|       grp_fu_1411_p2                                           |     |        | add_ln92_30                              | add    | fabric   | 0       |
|       grp_fu_1409_p2                                           |     |        | add_ln87_31                              | add    | fabric   | 0       |
|       grp_fu_12695_p2                                          |     |        | icmp_ln87_31                             | seteq  | auto     | 0       |
|       b_95_fu_14502_p3                                         |     |        | b_95                                     | select | auto_sel | 0       |
|       fmul_32ns_32ns_32_5_max_dsp_1_U234                       | 3   |        | f_62                                     | fmul   | maxdsp   | 4       |
|       fadd_32ns_32ns_32_8_full_dsp_1_U232                      | 2   |        | f_63                                     | fadd   | fulldsp  | 7       |
|       icmp_ln97_31_fu_15855_p2                                 |     |        | icmp_ln97_31                             | setlt  | auto     | 0       |
|       xor_ln96_31_fu_15864_p2                                  |     |        | xor_ln96_31                              | xor    | auto     | 0       |
|       or_ln95_31_fu_15869_p2                                   |     |        | or_ln95_31                               | or     | auto     | 0       |
|       and_ln94_31_fu_15874_p2                                  |     |        | and_ln94_31                              | and    | auto     | 0       |
|       grp_fu_2761_p2                                           |     |        | sub_ln93_31                              | sub    | fabric   | 0       |
|       grp_fu_1409_p2                                           |     |        | add_ln92_31                              | add    | fabric   | 0       |
|  + mem_arbiter                                                 | 0   |        |                                          |        |          |         |
|   + arbitrateOnce                                              | 0   |        |                                          |        |          |         |
|     sub_ln46_fu_482_p2                                         |     |        | sub_ln46                                 | sub    | fabric   | 0       |
|     sub_ln46_1_fu_492_p2                                       |     |        | sub_ln46_1                               | sub    | fabric   | 0       |
|     idx_fu_498_p3                                              |     |        | idx                                      | select | auto_sel | 0       |
|     add_ln46_fu_522_p2                                         |     |        | add_ln46                                 | add    | fabric   | 0       |
|     xor_ln46_fu_544_p2                                         |     |        | xor_ln46                                 | xor    | auto     | 0       |
|     sub_ln46_2_fu_554_p2                                       |     |        | sub_ln46_2                               | sub    | fabric   | 0       |
|     idx_1_fu_560_p3                                            |     |        | idx_1                                    | select | auto_sel | 0       |
|     add_ln46_1_fu_584_p2                                       |     |        | add_ln46_1                               | add    | fabric   | 0       |
|     sub_ln46_3_fu_606_p2                                       |     |        | sub_ln46_3                               | sub    | fabric   | 0       |
|     sub_ln46_4_fu_616_p2                                       |     |        | sub_ln46_4                               | sub    | fabric   | 0       |
|     idx_2_fu_622_p3                                            |     |        | idx_2                                    | select | auto_sel | 0       |
|     add_ln49_2_fu_720_p2                                       |     |        | add_ln49_2                               | add    | fabric   | 0       |
|     xor_ln49_2_fu_742_p2                                       |     |        | xor_ln49_2                               | xor    | auto     | 0       |
|     sub_ln49_2_fu_752_p2                                       |     |        | sub_ln49_2                               | sub    | fabric   | 0       |
|     select_ln49_2_fu_762_p3                                    |     |        | select_ln49_2                            | select | auto_sel | 0       |
|     add_ln49_1_fu_808_p2                                       |     |        | add_ln49_1                               | add    | fabric   | 0       |
|     xor_ln49_1_fu_830_p2                                       |     |        | xor_ln49_1                               | xor    | auto     | 0       |
|     sub_ln49_1_fu_840_p2                                       |     |        | sub_ln49_1                               | sub    | fabric   | 0       |
|     select_ln49_1_fu_850_p3                                    |     |        | select_ln49_1                            | select | auto_sel | 0       |
|     add_ln49_fu_896_p2                                         |     |        | add_ln49                                 | add    | fabric   | 0       |
|     xor_ln49_fu_918_p2                                         |     |        | xor_ln49                                 | xor    | auto     | 0       |
|     sub_ln49_fu_928_p2                                         |     |        | sub_ln49                                 | sub    | fabric   | 0       |
|     select_ln49_fu_938_p3                                      |     |        | select_ln49                              | select | auto_sel | 0       |
+----------------------------------------------------------------+-----+--------+------------------------------------------+--------+----------+---------+


================================================================
== Storage Report
================================================================
+---------------------------------------------------------+-----------------+-----------+------+------+--------+--------+------------------------+------+---------+------------------+
| Name                                                    | Usage           | Type      | BRAM | URAM | CE_REG | Pragma | Variable               | Impl | Latency | Bitwidth, Depth, |
|                                                         |                 |           |      |      |        |        |                        |      |         | Banks            |
+---------------------------------------------------------+-----------------+-----------+------+------+--------+--------+------------------------+------+---------+------------------+
| + riscv_gpgpu_hls_gpgpu_scheduler                       |                 |           | 266  | 0    |        |        |                        |      |         |                  |
|   control_s_axi_U                                       | interface       | s_axilite |      |      |        |        |                        |      |         |                  |
|   control_r_s_axi_U                                     | interface       | s_axilite |      |      |        |        |                        |      |         |                  |
|   gmem0_m_axi_U                                         | interface       | m_axi     | 2    |      |        |        |                        |      |         |                  |
|   gmem1_m_axi_U                                         | interface       | m_axi     | 2    |      |        |        |                        |      |         |                  |
|   gmem2_m_axi_U                                         | interface       | m_axi     | 2    |      |        |        |                        |      |         |                  |
|   barrier_events_U                                      | fifo channel    | stream    |      |      | N      |        | barrier_events         | srl  | 0       | 8, 8, 1          |
|   barrier_events_1_U                                    | fifo channel    | stream    |      |      | N      |        | barrier_events_1       | srl  | 0       | 8, 8, 1          |
|   barrier_events_2_U                                    | fifo channel    | stream    |      |      | N      |        | barrier_events_2       | srl  | 0       | 8, 8, 1          |
|   barrier_events_3_U                                    | fifo channel    | stream    |      |      | N      |        | barrier_events_3       | srl  | 0       | 8, 8, 1          |
|   barrier_signal_U                                      | fifo channel    | stream    |      |      | N      |        | barrier_signal         | srl  | 0       | 2, 2, 1          |
|   barrier_signal_1_U                                    | fifo channel    | stream    |      |      | N      |        | barrier_signal_1       | srl  | 0       | 2, 2, 1          |
|   barrier_signal_2_U                                    | fifo channel    | stream    |      |      | N      |        | barrier_signal_2       | srl  | 0       | 2, 2, 1          |
|   barrier_signal_3_U                                    | fifo channel    | stream    |      |      | N      |        | barrier_signal_3       | srl  | 0       | 2, 2, 1          |
|   cu_program_s_U                                        | ram_t2p channel | pipo      | 4    |      | N      |        | cu_program_s           | auto | 1       | 32, 1024, 2      |
|   reg_seed_U                                            | fifo channel    | stream    |      |      | N      |        | reg_seed               | srl  | 0       | 46, 4, 1         |
|   reg_seed_1_U                                          | fifo channel    | stream    |      |      | N      |        | reg_seed_1             | srl  | 0       | 46, 4, 1         |
|   reg_seed_2_U                                          | fifo channel    | stream    |      |      | N      |        | reg_seed_2             | srl  | 0       | 46, 4, 1         |
|   reg_seed_3_U                                          | fifo channel    | stream    |      |      | N      |        | reg_seed_3             | srl  | 0       | 46, 4, 1         |
|   loaded_sig_U                                          | fifo channel    | stream    |      |      | N      |        | loaded_sig             | srl  | 0       | 1, 1, 1          |
|   loaded_sig_1_U                                        | fifo channel    | stream    |      |      | N      |        | loaded_sig_1           | srl  | 0       | 1, 1, 1          |
|   loaded_sig_2_U                                        | fifo channel    | stream    |      |      | N      |        | loaded_sig_2           | srl  | 0       | 1, 1, 1          |
|   loaded_sig_3_U                                        | fifo channel    | stream    |      |      | N      |        | loaded_sig_3           | srl  | 0       | 1, 1, 1          |
|   dispatch_out_U                                        | fifo channel    | stream    |      |      | N      |        | dispatch_out           | srl  | 0       | 85, 2, 1         |
|   status_in_U                                           | fifo channel    | stream    |      |      | N      |        | status_in              | srl  | 0       | 92, 2, 1         |
|   dispatch_out_1_U                                      | fifo channel    | stream    |      |      | N      |        | dispatch_out_1         | srl  | 0       | 85, 2, 1         |
|   status_in_1_U                                         | fifo channel    | stream    |      |      | N      |        | status_in_1            | srl  | 0       | 92, 2, 1         |
|   dispatch_out_2_U                                      | fifo channel    | stream    |      |      | N      |        | dispatch_out_2         | srl  | 0       | 85, 2, 1         |
|   status_in_2_U                                         | fifo channel    | stream    |      |      | N      |        | status_in_2            | srl  | 0       | 92, 2, 1         |
|   dispatch_out_3_U                                      | fifo channel    | stream    |      |      | N      |        | dispatch_out_3         | srl  | 0       | 85, 2, 1         |
|   status_in_3_U                                         | fifo channel    | stream    |      |      | N      |        | status_in_3            | srl  | 0       | 92, 2, 1         |
|   cu_mem_req_U                                          | fifo channel    | stream    |      |      | N      |        | cu_mem_req             | srl  | 0       | 106, 2, 1        |
|   cu_mem_resp_U                                         | fifo channel    | stream    |      |      | N      |        | cu_mem_resp            | srl  | 0       | 73, 2, 1         |
|   cu_mem_req_1_U                                        | fifo channel    | stream    |      |      | N      |        | cu_mem_req_1           | srl  | 0       | 106, 2, 1        |
|   cu_mem_resp_1_U                                       | fifo channel    | stream    |      |      | N      |        | cu_mem_resp_1          | srl  | 0       | 73, 2, 1         |
|   cu_mem_req_2_U                                        | fifo channel    | stream    |      |      | N      |        | cu_mem_req_2           | srl  | 0       | 106, 2, 1        |
|   cu_mem_resp_2_U                                       | fifo channel    | stream    |      |      | N      |        | cu_mem_resp_2          | srl  | 0       | 73, 2, 1         |
|   cu_mem_req_3_U                                        | fifo channel    | stream    |      |      | N      |        | cu_mem_req_3           | srl  | 0       | 106, 2, 1        |
|   cu_mem_resp_3_U                                       | fifo channel    | stream    |      |      | N      |        | cu_mem_resp_3          | srl  | 0       | 73, 2, 1         |
|  + schedulerCore_1                                      |                 |           | 0    | 0    |        |        |                        |      |         |                  |
|    slots_warp_id_U                                      | ram_1p array    |           |      |      | N      |        | slots_warp_id          | auto | 1       | 32, 8, 1         |
|    slots_resume_pc_U                                    | ram_1p array    |           |      |      | N      |        | slots_resume_pc        | auto | 1       | 16, 8, 1         |
|    slots_barrier_id_U                                   | ram_1p array    |           |      |      | N      |        | slots_barrier_id       | auto | 1       | 32, 8, 1         |
|    slots_state_U                                        | ram_t2p array   |           |      |      | N      |        | slots_state            | auto | 1       | 2, 8, 1          |
|    slots_fresh_U                                        | ram_1p array    |           |      |      | N      |        | slots_fresh            | auto | 1       | 1, 8, 1          |
|  + schedulerCore_2                                      |                 |           | 0    | 0    |        |        |                        |      |         |                  |
|    slots_warp_id_U                                      | ram_1p array    |           |      |      | N      |        | slots_warp_id          | auto | 1       | 32, 8, 1         |
|    slots_resume_pc_U                                    | ram_1p array    |           |      |      | N      |        | slots_resume_pc        | auto | 1       | 16, 8, 1         |
|    slots_barrier_id_U                                   | ram_1p array    |           |      |      | N      |        | slots_barrier_id       | auto | 1       | 32, 8, 1         |
|    slots_state_U                                        | ram_t2p array   |           |      |      | N      |        | slots_state            | auto | 1       | 2, 8, 1          |
|    slots_fresh_U                                        | ram_1p array    |           |      |      | N      |        | slots_fresh            | auto | 1       | 1, 8, 1          |
|  + schedulerCore_3                                      |                 |           | 0    | 0    |        |        |                        |      |         |                  |
|    slots_warp_id_U                                      | ram_1p array    |           |      |      | N      |        | slots_warp_id          | auto | 1       | 32, 8, 1         |
|    slots_resume_pc_U                                    | ram_1p array    |           |      |      | N      |        | slots_resume_pc        | auto | 1       | 16, 8, 1         |
|    slots_barrier_id_U                                   | ram_1p array    |           |      |      | N      |        | slots_barrier_id       | auto | 1       | 32, 8, 1         |
|    slots_state_U                                        | ram_t2p array   |           |      |      | N      |        | slots_state            | auto | 1       | 2, 8, 1          |
|    slots_fresh_U                                        | ram_1p array    |           |      |      | N      |        | slots_fresh            | auto | 1       | 1, 8, 1          |
|  + schedulerCore                                        |                 |           | 0    | 0    |        |        |                        |      |         |                  |
|    slots_warp_id_U                                      | ram_1p array    |           |      |      | N      |        | slots_warp_id          | auto | 1       | 32, 8, 1         |
|    slots_resume_pc_U                                    | ram_1p array    |           |      |      | N      |        | slots_resume_pc        | auto | 1       | 16, 8, 1         |
|    slots_barrier_id_U                                   | ram_1p array    |           |      |      | N      |        | slots_barrier_id       | auto | 1       | 32, 8, 1         |
|    slots_state_U                                        | ram_t2p array   |           |      |      | N      |        | slots_state            | auto | 1       | 2, 8, 1          |
|    slots_fresh_U                                        | ram_1p array    |           |      |      | N      |        | slots_fresh            | auto | 1       | 1, 8, 1          |
|  + Block_entry_cu_program_s_rd_proc                     |                 |           | 256  | 0    |        |        |                        |      |         |                  |
|   + compute_pipeline                                    |                 |           | 64   | 0    |        |        |                        |      |         |                  |
|     regs_124_U                                          | ram_2p array    |           | 2    |      | N      |        | regs_124               | auto | 1       | 32, 256, 1       |
|     regs_123_U                                          | ram_2p array    |           | 2    |      | N      |        | regs_123               | auto | 1       | 32, 256, 1       |
|     regs_122_U                                          | ram_2p array    |           | 2    |      | N      |        | regs_122               | auto | 1       | 32, 256, 1       |
|     regs_121_U                                          | ram_2p array    |           | 2    |      | N      |        | regs_121               | auto | 1       | 32, 256, 1       |
|     regs_120_U                                          | ram_2p array    |           | 2    |      | N      |        | regs_120               | auto | 1       | 32, 256, 1       |
|     regs_119_U                                          | ram_2p array    |           | 2    |      | N      |        | regs_119               | auto | 1       | 32, 256, 1       |
|     regs_118_U                                          | ram_2p array    |           | 2    |      | N      |        | regs_118               | auto | 1       | 32, 256, 1       |
|     regs_117_U                                          | ram_2p array    |           | 2    |      | N      |        | regs_117               | auto | 1       | 32, 256, 1       |
|     regs_116_U                                          | ram_2p array    |           | 2    |      | N      |        | regs_116               | auto | 1       | 32, 256, 1       |
|     regs_115_U                                          | ram_2p array    |           | 2    |      | N      |        | regs_115               | auto | 1       | 32, 256, 1       |
|     regs_114_U                                          | ram_2p array    |           | 2    |      | N      |        | regs_114               | auto | 1       | 32, 256, 1       |
|     regs_113_U                                          | ram_2p array    |           | 2    |      | N      |        | regs_113               | auto | 1       | 32, 256, 1       |
|     regs_112_U                                          | ram_2p array    |           | 2    |      | N      |        | regs_112               | auto | 1       | 32, 256, 1       |
|     regs_111_U                                          | ram_2p array    |           | 2    |      | N      |        | regs_111               | auto | 1       | 32, 256, 1       |
|     regs_110_U                                          | ram_2p array    |           | 2    |      | N      |        | regs_110               | auto | 1       | 32, 256, 1       |
|     regs_109_U                                          | ram_2p array    |           | 2    |      | N      |        | regs_109               | auto | 1       | 32, 256, 1       |
|     regs_108_U                                          | ram_2p array    |           | 2    |      | N      |        | regs_108               | auto | 1       | 32, 256, 1       |
|     regs_107_U                                          | ram_2p array    |           | 2    |      | N      |        | regs_107               | auto | 1       | 32, 256, 1       |
|     regs_106_U                                          | ram_2p array    |           | 2    |      | N      |        | regs_106               | auto | 1       | 32, 256, 1       |
|     regs_105_U                                          | ram_2p array    |           | 2    |      | N      |        | regs_105               | auto | 1       | 32, 256, 1       |
|     regs_104_U                                          | ram_2p array    |           | 2    |      | N      |        | regs_104               | auto | 1       | 32, 256, 1       |
|     regs_103_U                                          | ram_2p array    |           | 2    |      | N      |        | regs_103               | auto | 1       | 32, 256, 1       |
|     regs_102_U                                          | ram_2p array    |           | 2    |      | N      |        | regs_102               | auto | 1       | 32, 256, 1       |
|     regs_101_U                                          | ram_2p array    |           | 2    |      | N      |        | regs_101               | auto | 1       | 32, 256, 1       |
|     regs_100_U                                          | ram_2p array    |           | 2    |      | N      |        | regs_100               | auto | 1       | 32, 256, 1       |
|     regs_99_U                                           | ram_2p array    |           | 2    |      | N      |        | regs_99                | auto | 1       | 32, 256, 1       |
|     regs_98_U                                           | ram_2p array    |           | 2    |      | N      |        | regs_98                | auto | 1       | 32, 256, 1       |
|     regs_97_U                                           | ram_2p array    |           | 2    |      | N      |        | regs_97                | auto | 1       | 32, 256, 1       |
|     regs_96_U                                           | ram_2p array    |           | 2    |      | N      |        | regs_96                | auto | 1       | 32, 256, 1       |
|     regs_95_U                                           | ram_2p array    |           | 2    |      | N      |        | regs_95                | auto | 1       | 32, 256, 1       |
|     regs_94_U                                           | ram_2p array    |           | 2    |      | N      |        | regs_94                | auto | 1       | 32, 256, 1       |
|     regs_U                                              | ram_2p array    |           | 2    |      | N      |        | regs                   | auto | 1       | 32, 256, 1       |
|    + executeOneWarp7                                    |                 |           | 0    | 0    |        |        |                        |      |         |                  |
|      simt_not_taken_stack_s_U                           | ram_1p array    |           |      |      | N      |        | simt_not_taken_stack_s | auto | 1       | 32, 8, 1         |
|   + compute_pipeline_4                                  |                 |           | 64   | 0    |        |        |                        |      |         |                  |
|     regs_93_U                                           | ram_2p array    |           | 2    |      | N      |        | regs_93                | auto | 1       | 32, 256, 1       |
|     regs_92_U                                           | ram_2p array    |           | 2    |      | N      |        | regs_92                | auto | 1       | 32, 256, 1       |
|     regs_91_U                                           | ram_2p array    |           | 2    |      | N      |        | regs_91                | auto | 1       | 32, 256, 1       |
|     regs_90_U                                           | ram_2p array    |           | 2    |      | N      |        | regs_90                | auto | 1       | 32, 256, 1       |
|     regs_89_U                                           | ram_2p array    |           | 2    |      | N      |        | regs_89                | auto | 1       | 32, 256, 1       |
|     regs_88_U                                           | ram_2p array    |           | 2    |      | N      |        | regs_88                | auto | 1       | 32, 256, 1       |
|     regs_87_U                                           | ram_2p array    |           | 2    |      | N      |        | regs_87                | auto | 1       | 32, 256, 1       |
|     regs_86_U                                           | ram_2p array    |           | 2    |      | N      |        | regs_86                | auto | 1       | 32, 256, 1       |
|     regs_85_U                                           | ram_2p array    |           | 2    |      | N      |        | regs_85                | auto | 1       | 32, 256, 1       |
|     regs_84_U                                           | ram_2p array    |           | 2    |      | N      |        | regs_84                | auto | 1       | 32, 256, 1       |
|     regs_83_U                                           | ram_2p array    |           | 2    |      | N      |        | regs_83                | auto | 1       | 32, 256, 1       |
|     regs_82_U                                           | ram_2p array    |           | 2    |      | N      |        | regs_82                | auto | 1       | 32, 256, 1       |
|     regs_81_U                                           | ram_2p array    |           | 2    |      | N      |        | regs_81                | auto | 1       | 32, 256, 1       |
|     regs_80_U                                           | ram_2p array    |           | 2    |      | N      |        | regs_80                | auto | 1       | 32, 256, 1       |
|     regs_79_U                                           | ram_2p array    |           | 2    |      | N      |        | regs_79                | auto | 1       | 32, 256, 1       |
|     regs_78_U                                           | ram_2p array    |           | 2    |      | N      |        | regs_78                | auto | 1       | 32, 256, 1       |
|     regs_77_U                                           | ram_2p array    |           | 2    |      | N      |        | regs_77                | auto | 1       | 32, 256, 1       |
|     regs_76_U                                           | ram_2p array    |           | 2    |      | N      |        | regs_76                | auto | 1       | 32, 256, 1       |
|     regs_75_U                                           | ram_2p array    |           | 2    |      | N      |        | regs_75                | auto | 1       | 32, 256, 1       |
|     regs_74_U                                           | ram_2p array    |           | 2    |      | N      |        | regs_74                | auto | 1       | 32, 256, 1       |
|     regs_73_U                                           | ram_2p array    |           | 2    |      | N      |        | regs_73                | auto | 1       | 32, 256, 1       |
|     regs_72_U                                           | ram_2p array    |           | 2    |      | N      |        | regs_72                | auto | 1       | 32, 256, 1       |
|     regs_71_U                                           | ram_2p array    |           | 2    |      | N      |        | regs_71                | auto | 1       | 32, 256, 1       |
|     regs_70_U                                           | ram_2p array    |           | 2    |      | N      |        | regs_70                | auto | 1       | 32, 256, 1       |
|     regs_69_U                                           | ram_2p array    |           | 2    |      | N      |        | regs_69                | auto | 1       | 32, 256, 1       |
|     regs_68_U                                           | ram_2p array    |           | 2    |      | N      |        | regs_68                | auto | 1       | 32, 256, 1       |
|     regs_67_U                                           | ram_2p array    |           | 2    |      | N      |        | regs_67                | auto | 1       | 32, 256, 1       |
|     regs_66_U                                           | ram_2p array    |           | 2    |      | N      |        | regs_66                | auto | 1       | 32, 256, 1       |
|     regs_65_U                                           | ram_2p array    |           | 2    |      | N      |        | regs_65                | auto | 1       | 32, 256, 1       |
|     regs_64_U                                           | ram_2p array    |           | 2    |      | N      |        | regs_64                | auto | 1       | 32, 256, 1       |
|     regs_63_U                                           | ram_2p array    |           | 2    |      | N      |        | regs_63                | auto | 1       | 32, 256, 1       |
|     regs_U                                              | ram_2p array    |           | 2    |      | N      |        | regs                   | auto | 1       | 32, 256, 1       |
|    + executeOneWarp_110 (grp_executeOneWarp_110_fu_725) |                 |           | 0    | 0    |        |        |                        |      |         |                  |
|      simt_not_taken_stack_s_U                           | ram_1p array    |           |      |      | N      |        | simt_not_taken_stack_s | auto | 1       | 32, 8, 1         |
|   + compute_pipeline_5                                  |                 |           | 64   | 0    |        |        |                        |      |         |                  |
|     regs_62_U                                           | ram_2p array    |           | 2    |      | N      |        | regs_62                | auto | 1       | 32, 256, 1       |
|     regs_61_U                                           | ram_2p array    |           | 2    |      | N      |        | regs_61                | auto | 1       | 32, 256, 1       |
|     regs_60_U                                           | ram_2p array    |           | 2    |      | N      |        | regs_60                | auto | 1       | 32, 256, 1       |
|     regs_59_U                                           | ram_2p array    |           | 2    |      | N      |        | regs_59                | auto | 1       | 32, 256, 1       |
|     regs_58_U                                           | ram_2p array    |           | 2    |      | N      |        | regs_58                | auto | 1       | 32, 256, 1       |
|     regs_57_U                                           | ram_2p array    |           | 2    |      | N      |        | regs_57                | auto | 1       | 32, 256, 1       |
|     regs_56_U                                           | ram_2p array    |           | 2    |      | N      |        | regs_56                | auto | 1       | 32, 256, 1       |
|     regs_55_U                                           | ram_2p array    |           | 2    |      | N      |        | regs_55                | auto | 1       | 32, 256, 1       |
|     regs_54_U                                           | ram_2p array    |           | 2    |      | N      |        | regs_54                | auto | 1       | 32, 256, 1       |
|     regs_53_U                                           | ram_2p array    |           | 2    |      | N      |        | regs_53                | auto | 1       | 32, 256, 1       |
|     regs_52_U                                           | ram_2p array    |           | 2    |      | N      |        | regs_52                | auto | 1       | 32, 256, 1       |
|     regs_51_U                                           | ram_2p array    |           | 2    |      | N      |        | regs_51                | auto | 1       | 32, 256, 1       |
|     regs_50_U                                           | ram_2p array    |           | 2    |      | N      |        | regs_50                | auto | 1       | 32, 256, 1       |
|     regs_49_U                                           | ram_2p array    |           | 2    |      | N      |        | regs_49                | auto | 1       | 32, 256, 1       |
|     regs_48_U                                           | ram_2p array    |           | 2    |      | N      |        | regs_48                | auto | 1       | 32, 256, 1       |
|     regs_47_U                                           | ram_2p array    |           | 2    |      | N      |        | regs_47                | auto | 1       | 32, 256, 1       |
|     regs_46_U                                           | ram_2p array    |           | 2    |      | N      |        | regs_46                | auto | 1       | 32, 256, 1       |
|     regs_45_U                                           | ram_2p array    |           | 2    |      | N      |        | regs_45                | auto | 1       | 32, 256, 1       |
|     regs_44_U                                           | ram_2p array    |           | 2    |      | N      |        | regs_44                | auto | 1       | 32, 256, 1       |
|     regs_43_U                                           | ram_2p array    |           | 2    |      | N      |        | regs_43                | auto | 1       | 32, 256, 1       |
|     regs_42_U                                           | ram_2p array    |           | 2    |      | N      |        | regs_42                | auto | 1       | 32, 256, 1       |
|     regs_41_U                                           | ram_2p array    |           | 2    |      | N      |        | regs_41                | auto | 1       | 32, 256, 1       |
|     regs_40_U                                           | ram_2p array    |           | 2    |      | N      |        | regs_40                | auto | 1       | 32, 256, 1       |
|     regs_39_U                                           | ram_2p array    |           | 2    |      | N      |        | regs_39                | auto | 1       | 32, 256, 1       |
|     regs_38_U                                           | ram_2p array    |           | 2    |      | N      |        | regs_38                | auto | 1       | 32, 256, 1       |
|     regs_37_U                                           | ram_2p array    |           | 2    |      | N      |        | regs_37                | auto | 1       | 32, 256, 1       |
|     regs_36_U                                           | ram_2p array    |           | 2    |      | N      |        | regs_36                | auto | 1       | 32, 256, 1       |
|     regs_35_U                                           | ram_2p array    |           | 2    |      | N      |        | regs_35                | auto | 1       | 32, 256, 1       |
|     regs_34_U                                           | ram_2p array    |           | 2    |      | N      |        | regs_34                | auto | 1       | 32, 256, 1       |
|     regs_33_U                                           | ram_2p array    |           | 2    |      | N      |        | regs_33                | auto | 1       | 32, 256, 1       |
|     regs_32_U                                           | ram_2p array    |           | 2    |      | N      |        | regs_32                | auto | 1       | 32, 256, 1       |
|     regs_U                                              | ram_2p array    |           | 2    |      | N      |        | regs                   | auto | 1       | 32, 256, 1       |
|    + executeOneWarp_110 (grp_executeOneWarp_110_fu_725) |                 |           | 0    | 0    |        |        |                        |      |         |                  |
|      simt_not_taken_stack_s_U                           | ram_1p array    |           |      |      | N      |        | simt_not_taken_stack_s | auto | 1       | 32, 8, 1         |
|   + compute_pipeline_6                                  |                 |           | 64   | 0    |        |        |                        |      |         |                  |
|     regs_31_U                                           | ram_2p array    |           | 2    |      | N      |        | regs_31                | auto | 1       | 32, 256, 1       |
|     regs_30_U                                           | ram_2p array    |           | 2    |      | N      |        | regs_30                | auto | 1       | 32, 256, 1       |
|     regs_29_U                                           | ram_2p array    |           | 2    |      | N      |        | regs_29                | auto | 1       | 32, 256, 1       |
|     regs_28_U                                           | ram_2p array    |           | 2    |      | N      |        | regs_28                | auto | 1       | 32, 256, 1       |
|     regs_27_U                                           | ram_2p array    |           | 2    |      | N      |        | regs_27                | auto | 1       | 32, 256, 1       |
|     regs_26_U                                           | ram_2p array    |           | 2    |      | N      |        | regs_26                | auto | 1       | 32, 256, 1       |
|     regs_25_U                                           | ram_2p array    |           | 2    |      | N      |        | regs_25                | auto | 1       | 32, 256, 1       |
|     regs_24_U                                           | ram_2p array    |           | 2    |      | N      |        | regs_24                | auto | 1       | 32, 256, 1       |
|     regs_23_U                                           | ram_2p array    |           | 2    |      | N      |        | regs_23                | auto | 1       | 32, 256, 1       |
|     regs_22_U                                           | ram_2p array    |           | 2    |      | N      |        | regs_22                | auto | 1       | 32, 256, 1       |
|     regs_21_U                                           | ram_2p array    |           | 2    |      | N      |        | regs_21                | auto | 1       | 32, 256, 1       |
|     regs_20_U                                           | ram_2p array    |           | 2    |      | N      |        | regs_20                | auto | 1       | 32, 256, 1       |
|     regs_19_U                                           | ram_2p array    |           | 2    |      | N      |        | regs_19                | auto | 1       | 32, 256, 1       |
|     regs_18_U                                           | ram_2p array    |           | 2    |      | N      |        | regs_18                | auto | 1       | 32, 256, 1       |
|     regs_17_U                                           | ram_2p array    |           | 2    |      | N      |        | regs_17                | auto | 1       | 32, 256, 1       |
|     regs_16_U                                           | ram_2p array    |           | 2    |      | N      |        | regs_16                | auto | 1       | 32, 256, 1       |
|     regs_15_U                                           | ram_2p array    |           | 2    |      | N      |        | regs_15                | auto | 1       | 32, 256, 1       |
|     regs_14_U                                           | ram_2p array    |           | 2    |      | N      |        | regs_14                | auto | 1       | 32, 256, 1       |
|     regs_13_U                                           | ram_2p array    |           | 2    |      | N      |        | regs_13                | auto | 1       | 32, 256, 1       |
|     regs_12_U                                           | ram_2p array    |           | 2    |      | N      |        | regs_12                | auto | 1       | 32, 256, 1       |
|     regs_11_U                                           | ram_2p array    |           | 2    |      | N      |        | regs_11                | auto | 1       | 32, 256, 1       |
|     regs_10_U                                           | ram_2p array    |           | 2    |      | N      |        | regs_10                | auto | 1       | 32, 256, 1       |
|     regs_9_U                                            | ram_2p array    |           | 2    |      | N      |        | regs_9                 | auto | 1       | 32, 256, 1       |
|     regs_8_U                                            | ram_2p array    |           | 2    |      | N      |        | regs_8                 | auto | 1       | 32, 256, 1       |
|     regs_7_U                                            | ram_2p array    |           | 2    |      | N      |        | regs_7                 | auto | 1       | 32, 256, 1       |
|     regs_6_U                                            | ram_2p array    |           | 2    |      | N      |        | regs_6                 | auto | 1       | 32, 256, 1       |
|     regs_5_U                                            | ram_2p array    |           | 2    |      | N      |        | regs_5                 | auto | 1       | 32, 256, 1       |
|     regs_4_U                                            | ram_2p array    |           | 2    |      | N      |        | regs_4                 | auto | 1       | 32, 256, 1       |
|     regs_3_U                                            | ram_2p array    |           | 2    |      | N      |        | regs_3                 | auto | 1       | 32, 256, 1       |
|     regs_2_U                                            | ram_2p array    |           | 2    |      | N      |        | regs_2                 | auto | 1       | 32, 256, 1       |
|     regs_1_U                                            | ram_2p array    |           | 2    |      | N      |        | regs_1                 | auto | 1       | 32, 256, 1       |
|     regs_U                                              | ram_2p array    |           | 2    |      | N      |        | regs                   | auto | 1       | 32, 256, 1       |
|    + executeOneWarp_110 (grp_executeOneWarp_110_fu_725) |                 |           | 0    | 0    |        |        |                        |      |         |                  |
|      simt_not_taken_stack_s_U                           | ram_1p array    |           |      |      | N      |        | simt_not_taken_stack_s | auto | 1       | 32, 8, 1         |
+---------------------------------------------------------+-----------------+-----------+------+------+--------+--------+------------------------+------+---------+------------------+


================================================================
== Pragma Report
================================================================
* Ignored Pragmas
+-----------------+------------------------------------------------------+------------------------------------------------------------------------------+-------------------------------------------------------------------------------------------------------------------------------------------------------------------------------------------------------------------------------------------------------------------------------------+
| Type            | Options                                              | Location                                                                     | Messages                                                                                                                                                                                                                                                                            |
+-----------------+------------------------------------------------------+------------------------------------------------------------------------------+-------------------------------------------------------------------------------------------------------------------------------------------------------------------------------------------------------------------------------------------------------------------------------------+
| UNROLL          |                                                      | in executealu (../../../hls/src/compute_unit/compute_pipeline.cpp:84)        | Not implemented                                                                                                                                                                                                                                                                     |
| UNROLL          |                                                      | in executebranch (../../../hls/src/compute_unit/compute_pipeline.cpp:203)    | Not implemented                                                                                                                                                                                                                                                                     |
| LOOP_TRIPCOUNT  | max=MAX_PROGRAM_LEN                                  | in executeonewarp (../../../hls/src/compute_unit/compute_pipeline.cpp:239)   | Not implemented                                                                                                                                                                                                                                                                     |
| ARRAY_PARTITION | variable=regs dim=2 complete                         | in compute_pipeline (../../../hls/src/compute_unit/compute_pipeline.cpp:316) | Not implemented                                                                                                                                                                                                                                                                     |
| UNROLL          |                                                      | in barriercoren (../../../hls/src/scheduler/barrier_arbiter.h:170)           | Not implemented                                                                                                                                                                                                                                                                     |
| UNROLL          |                                                      | in barriercoren (../../../hls/src/scheduler/barrier_arbiter.h:181)           | Not implemented                                                                                                                                                                                                                                                                     |
| UNROLL          |                                                      | in barriercoren (../../../hls/src/scheduler/barrier_arbiter.h:194)           | Not implemented                                                                                                                                                                                                                                                                     |
| UNROLL          |                                                      | in launchslots (../../../hls/src/scheduler/cu_dispatch_unit.h:88)            | Not implemented                                                                                                                                                                                                                                                                     |
| UNROLL          |                                                      | in nextreadyslot (../../../hls/src/scheduler/cu_dispatch_unit.h:101)         | Not implemented                                                                                                                                                                                                                                                                     |
| UNROLL          |                                                      | in releasebarrierslots (../../../hls/src/scheduler/cu_dispatch_unit.h:147)   | Not implemented                                                                                                                                                                                                                                                                     |
| UNROLL          |                                                      | in allslotsdone (../../../hls/src/scheduler/cu_dispatch_unit.h:158)          | Not implemented                                                                                                                                                                                                                                                                     |
| LOOP_TRIPCOUNT  | max=MAX_PROGRAM_LEN                                  | in loadprogram (../../../hls/src/scheduler/cu_dispatch_unit.h:182)           | Not implemented                                                                                                                                                                                                                                                                     |
| DATAFLOW        |                                                      | in gpgpu_scheduler (../../../hls/src/scheduler/gpgpu_top.cpp:73)             | Since the only kind of statements allowed in a canonical dataflow region are variable declarations and function calls, the compiler may not be able to correctly handle the region                                                                                                  |
|                 |                                                      |                                                                              | Since the only kind of statements allowed in a canonical dataflow region are variable declarations and function calls, the compiler may not be able to correctly handle the region (/mnt/alto_nivel/Diseno_de_alto_nivel/Proyecto/riscv_gpgpu/hls/src/scheduler/gpgpu_top.cpp:73:9) |
|                 |                                                      |                                                                              | Not implemented                                                                                                                                                                                                                                                                     |
| STREAM          | variable=dispatch_out depth=2 dim=1                  | in gpgpu_scheduler (../../../hls/src/scheduler/gpgpu_top.cpp:158)            | the 'dim' option to 'Stream' pragma is not supported and will be ignored                                                                                                                                                                                                            |
|                 |                                                      |                                                                              | Not implemented                                                                                                                                                                                                                                                                     |
| STREAM          | variable=status_in depth=2 dim=1                     | in gpgpu_scheduler (../../../hls/src/scheduler/gpgpu_top.cpp:159)            | the 'dim' option to 'Stream' pragma is not supported and will be ignored                                                                                                                                                                                                            |
|                 |                                                      |                                                                              | Not implemented                                                                                                                                                                                                                                                                     |
| STREAM          | variable=cu_mem_req depth=2 dim=1                    | in gpgpu_scheduler (../../../hls/src/scheduler/gpgpu_top.cpp:160)            | the 'dim' option to 'Stream' pragma is not supported and will be ignored                                                                                                                                                                                                            |
|                 |                                                      |                                                                              | Not implemented                                                                                                                                                                                                                                                                     |
| STREAM          | variable=cu_mem_resp depth=2 dim=1                   | in gpgpu_scheduler (../../../hls/src/scheduler/gpgpu_top.cpp:161)            | the 'dim' option to 'Stream' pragma is not supported and will be ignored                                                                                                                                                                                                            |
|                 |                                                      |                                                                              | Not implemented                                                                                                                                                                                                                                                                     |
| STREAM          | variable=barrier_events depth=MAX_WARPS_PER_CU dim=1 | in gpgpu_scheduler (../../../hls/src/scheduler/gpgpu_top.cpp:162)            | the 'dim' option to 'Stream' pragma is not supported and will be ignored                                                                                                                                                                                                            |
|                 |                                                      |                                                                              | Not implemented                                                                                                                                                                                                                                                                     |
| STREAM          | variable=barrier_signal depth=2 dim=1                | in gpgpu_scheduler (../../../hls/src/scheduler/gpgpu_top.cpp:163)            | the 'dim' option to 'Stream' pragma is not supported and will be ignored                                                                                                                                                                                                            |
|                 |                                                      |                                                                              | Not implemented                                                                                                                                                                                                                                                                     |
| STREAM          | variable=reg_seed depth=4 dim=1                      | in gpgpu_scheduler (../../../hls/src/scheduler/gpgpu_top.cpp:164)            | the 'dim' option to 'Stream' pragma is not supported and will be ignored                                                                                                                                                                                                            |
|                 |                                                      |                                                                              | Not implemented                                                                                                                                                                                                                                                                     |
| STREAM          | variable=loaded_sig depth=1 dim=1                    | in gpgpu_scheduler (../../../hls/src/scheduler/gpgpu_top.cpp:165)            | the 'dim' option to 'Stream' pragma is not supported and will be ignored                                                                                                                                                                                                            |
|                 |                                                      |                                                                              | Not implemented                                                                                                                                                                                                                                                                     |
| UNROLL          |                                                      | in gpgpu_scheduler (../../../hls/src/scheduler/gpgpu_top.cpp:206)            | Not implemented                                                                                                                                                                                                                                                                     |
| ARRAY_PARTITION | variable=cu_regs_0 dim=2 complete                    | in gpgpu_scheduler (../../../hls/src/scheduler/gpgpu_top.cpp:235)            | Not implemented                                                                                                                                                                                                                                                                     |
| ARRAY_PARTITION | variable=cu_regs_1 dim=2 complete                    | in gpgpu_scheduler (../../../hls/src/scheduler/gpgpu_top.cpp:240)            | Not implemented                                                                                                                                                                                                                                                                     |
| ARRAY_PARTITION | variable=cu_regs_2 dim=2 complete                    | in gpgpu_scheduler (../../../hls/src/scheduler/gpgpu_top.cpp:246)            | Not implemented                                                                                                                                                                                                                                                                     |
| ARRAY_PARTITION | variable=cu_regs_3 dim=2 complete                    | in gpgpu_scheduler (../../../hls/src/scheduler/gpgpu_top.cpp:252)            | Not implemented                                                                                                                                                                                                                                                                     |
| UNROLL          |                                                      | in programloader (../../../hls/src/scheduler/gpgpu_top.h:126)                | Not implemented                                                                                                                                                                                                                                                                     |
| UNROLL          |                                                      | in handlebranch (../../../hls/src/simt_controller/divergence_stack.h:124)    | Not implemented                                                                                                                                                                                                                                                                     |
| UNROLL          |                                                      | in popcount (../../../hls/src/simt_controller/divergence_stack.h:168)        | Not implemented                                                                                                                                                                                                                                                                     |
+-----------------+------------------------------------------------------+------------------------------------------------------------------------------+-------------------------------------------------------------------------------------------------------------------------------------------------------------------------------------------------------------------------------------------------------------------------------------+

* Inferred Pragmas
+----------+---------+------------------------------------------------------------------------------------------------------------------------------------------------------------------------+-------------------------------+
| Type     | Options | Location                                                                                                                                                               | Inferred From                 |
+----------+---------+------------------------------------------------------------------------------------------------------------------------------------------------------------------------+-------------------------------+
| PIPELINE |         | loop EXECUTE_ONE_WARP_DECODE_LOOP (hls/src/compute_unit/compute_pipeline.cpp:238:5) in riscv_gpgpu_hls::executeonewarp (hls/src/compute_unit/compute_pipeline.cpp:238) | syn.compile.pipeline_loops=64 |
| PIPELINE |         | loop anonymous (hls/src/scheduler/gpgpu_top.h:226:14) in riscv_gpgpu_hls::schedulercore (hls/src/scheduler/gpgpu_top.h:226)                                            | syn.compile.pipeline_loops=64 |
| PIPELINE |         | loop anonymous (hls/src/scheduler/barrier_arbiter.h:171:35) in riscv_gpgpu_hls::barriercoren<4> (hls/src/scheduler/barrier_arbiter.h:171)                              | syn.compile.pipeline_loops=64 |
+----------+---------+------------------------------------------------------------------------------------------------------------------------------------------------------------------------+-------------------------------+

* Implemented Pragmas
+-----------------+----------------------------------------+----------------------------------------------------------------------------------------------------+
| Type            | Options                                | Location                                                                                           |
+-----------------+----------------------------------------+----------------------------------------------------------------------------------------------------+
| UNROLL          |                                        | in riscv_gpgpu_hls::executealu (hls/src/compute_unit/compute_pipeline.cpp:84)                      |
| UNROLL          |                                        | in riscv_gpgpu_hls::executebranch (hls/src/compute_unit/compute_pipeline.cpp:203)                  |
| LOOP_TRIPCOUNT  | max=256 min=0 avg=128                  | in executeonewarp.110 (hls/src/compute_unit/compute_pipeline.cpp:239)                              |
| UNROLL          |                                        | in riscv_gpgpu_hls::barriercoren<4> (hls/src/scheduler/barrier_arbiter.h:170)                      |
| UNROLL          |                                        | in riscv_gpgpu_hls::barriercoren<4> (hls/src/scheduler/barrier_arbiter.h:181)                      |
| UNROLL          |                                        | in riscv_gpgpu_hls::barriercoren<4> (hls/src/scheduler/barrier_arbiter.h:194)                      |
| UNROLL          |                                        | in riscv_gpgpu_hls::launchslots (hls/src/scheduler/cu_dispatch_unit.h:88)                          |
| UNROLL          |                                        | in riscv_gpgpu_hls::nextreadyslot (hls/src/scheduler/cu_dispatch_unit.h:101)                       |
| UNROLL          |                                        | in riscv_gpgpu_hls::releasebarrierslots (hls/src/scheduler/cu_dispatch_unit.h:147)                 |
| DATAFLOW        |                                        | in riscv_gpgpu_hls_gpgpu_scheduler (hls/src/scheduler/gpgpu_top.cpp:73)                            |
| UNROLL          |                                        | in riscv_gpgpu_hls::gpgpu_scheduler (hls/src/scheduler/gpgpu_top.cpp:206)                          |
| ARRAY_PARTITION | dim=2 type=complete variable=cu_regs_0 | in riscv_gpgpu_hls::gpgpu_scheduler (hls/src/scheduler/gpgpu_top.cpp:235)                          |
| ARRAY_PARTITION | dim=2 type=complete variable=cu_regs_1 | in riscv_gpgpu_hls::gpgpu_scheduler (hls/src/scheduler/gpgpu_top.cpp:240)                          |
| ARRAY_PARTITION | dim=2 type=complete variable=cu_regs_2 | in riscv_gpgpu_hls::gpgpu_scheduler (hls/src/scheduler/gpgpu_top.cpp:246)                          |
| ARRAY_PARTITION | dim=2 type=complete variable=cu_regs_3 | in riscv_gpgpu_hls::gpgpu_scheduler (hls/src/scheduler/gpgpu_top.cpp:252)                          |
| UNROLL          |                                        | in riscv_gpgpu_hls::programloader (hls/src/scheduler/gpgpu_top.h:126)                              |
| UNROLL          |                                        | in riscv_gpgpu_hls::divergencestack::handlebranch (hls/src/simt_controller/divergence_stack.h:124) |
| UNROLL          |                                        | in riscv_gpgpu_hls::divergencestack::popcount (hls/src/simt_controller/divergence_stack.h:168)     |
+-----------------+----------------------------------------+----------------------------------------------------------------------------------------------------+

* Valid Pragma Syntax
+------------+-------------------------------------------------------------------------------+------------------------------------------------------------------------------+
| Type       | Options                                                                       | Location                                                                     |
+------------+-------------------------------------------------------------------------------+------------------------------------------------------------------------------+
| ALLOCATION | operation instances=add limit=8                                               | in executealu (../../../hls/src/compute_unit/compute_pipeline.cpp:80)        |
| ALLOCATION | operation instances=sub limit=8                                               | in executealu (../../../hls/src/compute_unit/compute_pipeline.cpp:81)        |
| INTERFACE  | s_axilite port=cu_id bundle=control                                           | in compute_pipeline (../../../hls/src/compute_unit/compute_pipeline.cpp:302) |
| INTERFACE  | s_axilite port=program_len bundle=control                                     | in compute_pipeline (../../../hls/src/compute_unit/compute_pipeline.cpp:303) |
| INTERFACE  | axis port=dispatch_in                                                         | in compute_pipeline (../../../hls/src/compute_unit/compute_pipeline.cpp:304) |
| INTERFACE  | ap_memory port=program                                                        | in compute_pipeline (../../../hls/src/compute_unit/compute_pipeline.cpp:305) |
| INTERFACE  | ap_memory port=regs                                                           | in compute_pipeline (../../../hls/src/compute_unit/compute_pipeline.cpp:306) |
| INTERFACE  | axis port=reg_seed_in                                                         | in compute_pipeline (../../../hls/src/compute_unit/compute_pipeline.cpp:307) |
| INTERFACE  | axis port=mem_req_out                                                         | in compute_pipeline (../../../hls/src/compute_unit/compute_pipeline.cpp:317) |
| INTERFACE  | axis port=mem_resp_in                                                         | in compute_pipeline (../../../hls/src/compute_unit/compute_pipeline.cpp:318) |
| INTERFACE  | axis port=status_out                                                          | in compute_pipeline (../../../hls/src/compute_unit/compute_pipeline.cpp:319) |
| PIPELINE   | off                                                                           | in compute_pipeline (../../../hls/src/compute_unit/compute_pipeline.cpp:326) |
| PIPELINE   | off                                                                           | in barriercoren (../../../hls/src/scheduler/barrier_arbiter.h:159)           |
| INTERFACE  | m_axi port=program_ptr offset=slave bundle=gmem0 max_widen_bitwidth=128       | in gpgpu_scheduler (../../../hls/src/scheduler/gpgpu_top.cpp:41)             |
| INTERFACE  | m_axi port=initial_regs_ptr0 offset=slave bundle=gmem1 max_widen_bitwidth=128 | in gpgpu_scheduler (../../../hls/src/scheduler/gpgpu_top.cpp:50)             |
| INTERFACE  | m_axi port=initial_regs_ptr1 offset=slave bundle=gmem2 max_widen_bitwidth=128 | in gpgpu_scheduler (../../../hls/src/scheduler/gpgpu_top.cpp:56)             |
| INTERFACE  | s_axilite port=program_len bundle=control                                     | in gpgpu_scheduler (../../../hls/src/scheduler/gpgpu_top.cpp:62)             |
| INTERFACE  | s_axilite port=total_warps bundle=control                                     | in gpgpu_scheduler (../../../hls/src/scheduler/gpgpu_top.cpp:63)             |
| INTERFACE  | s_axilite port=warp_id_offset bundle=control                                  | in gpgpu_scheduler (../../../hls/src/scheduler/gpgpu_top.cpp:64)             |
| INTERFACE  | s_axilite port=start bundle=control                                           | in gpgpu_scheduler (../../../hls/src/scheduler/gpgpu_top.cpp:65)             |
| INTERFACE  | s_axilite port=busy bundle=control                                            | in gpgpu_scheduler (../../../hls/src/scheduler/gpgpu_top.cpp:66)             |
| INTERFACE  | s_axilite port=done bundle=control                                            | in gpgpu_scheduler (../../../hls/src/scheduler/gpgpu_top.cpp:67)             |
| INTERFACE  | s_axilite port=fault bundle=control                                           | in gpgpu_scheduler (../../../hls/src/scheduler/gpgpu_top.cpp:68)             |
| INTERFACE  | axis port=mem_req_out                                                         | in gpgpu_scheduler (../../../hls/src/scheduler/gpgpu_top.cpp:70)             |
| INTERFACE  | axis port=mem_resp_in                                                         | in gpgpu_scheduler (../../../hls/src/scheduler/gpgpu_top.cpp:71)             |
| PIPELINE   | off                                                                           | in programloader (../../../hls/src/scheduler/gpgpu_top.h:107)                |
| PIPELINE   | off                                                                           | in schedulercore (../../../hls/src/scheduler/gpgpu_top.h:231)                |
| PIPELINE   | ii=1                                                                          | in mem_arbiter_n (../../../hls/src/scheduler/mem_arbiter.h:89)               |
+------------+-------------------------------------------------------------------------------+------------------------------------------------------------------------------+


