Copyright 1986-2022 Xilinx, Inc. All Rights Reserved. Copyright 2022-2026 Advanced Micro Devices, Inc. All Rights Reserved.
---------------------------------------------------------------------------------------------------------------------------------------------
| Tool Version : Vivado v.2026.1 (lin64) Build 6511674 Tue Jun 16 11:01:26 MDT 2026
| Date         : Thu Aug  6 15:17:22 2026
| Host         : david-medina-pc running 64-bit Ubuntu 26.04 LTS
| Command      : report_drc -file /mnt/alto_nivel/Diseno_de_alto_nivel/Proyecto/riscv_gpgpu/build/vivado_kv260/implementation_drc.rpt
| Design       : gpgpu_system_wrapper
| Device       : xck26-sfvc784-2LV-c
| Speed File   : -2LV
| Design State : Fully Routed
---------------------------------------------------------------------------------------------------------------------------------------------

Report DRC

Table of Contents
-----------------
1. REPORT SUMMARY
2. REPORT DETAILS

1. REPORT SUMMARY
-----------------
            Netlist: netlist
          Floorplan: impl_1
      Design limits: <entire design considered>
           Ruledeck: default
             Max checks: <unlimited>
             Checks found: 119
+----------+----------+---------------------------------------------------------------------+--------+
| Rule     | Severity | Description                                                         | Checks |
+----------+----------+---------------------------------------------------------------------+--------+
| DPIP-2   | Warning  | Input pipelining                                                    | 34     |
| DPOP-3   | Warning  | PREG Output pipelining                                              | 39     |
| DPOP-4   | Warning  | MREG Output pipelining                                              | 10     |
| DPREG-7  | Warning  | DSP48E2_PregDynOpmodeZmuxP:                                         | 8      |
| AVAL-155 | Advisory | enum_AMULTSEL_BMULTSEL_enum_DREG_ADREG_0_connects_CED_CEAD_RSTD_GND | 23     |
| AVAL-156 | Advisory | enum_USE_MULT_NONE__enum_DREG_ADREG_0_connects_CED_CEAD_RSTD_GND    | 5      |
+----------+----------+---------------------------------------------------------------------+--------+

2. REPORT DETAILS
-----------------
DPIP-2#1 Warning
Input pipelining  
DSP gpgpu_system_i/gpgpu_scheduler_0/inst/Block_entry_cu_regs_0_wr_proc_U0/grp_compute_pipeline6_fu_230/grp_executeOneWarp7_fu_284/grp_executeALU_fu_1840/fadd_32ns_32ns_32_8_full_dsp_1_U274/riscv_gpgpu_hls_gpgpu_scheduler_fadd_32ns_32ns_32_8_full_dsp_1_ip_u/U0/i_synth/ADDSUB_OP.ADDSUB/DSP.OP/DSP48E1_BODY.ALIGN_ADD/DSP2/i_no_versal_es1_workaround.DSP input gpgpu_system_i/gpgpu_scheduler_0/inst/Block_entry_cu_regs_0_wr_proc_U0/grp_compute_pipeline6_fu_230/grp_executeOneWarp7_fu_284/grp_executeALU_fu_1840/fadd_32ns_32ns_32_8_full_dsp_1_U274/riscv_gpgpu_hls_gpgpu_scheduler_fadd_32ns_32ns_32_8_full_dsp_1_ip_u/U0/i_synth/ADDSUB_OP.ADDSUB/DSP.OP/DSP48E1_BODY.ALIGN_ADD/DSP2/i_no_versal_es1_workaround.DSP/A[29:0] is not pipelined. Pipelining DSP48 input will improve performance.
Related violations: <none>

DPIP-2#2 Warning
Input pipelining  
DSP gpgpu_system_i/gpgpu_scheduler_0/inst/Block_entry_cu_regs_0_wr_proc_U0/grp_compute_pipeline6_fu_230/grp_executeOneWarp7_fu_284/grp_executeALU_fu_1840/fadd_32ns_32ns_32_8_full_dsp_1_U274/riscv_gpgpu_hls_gpgpu_scheduler_fadd_32ns_32ns_32_8_full_dsp_1_ip_u/U0/i_synth/ADDSUB_OP.ADDSUB/DSP.OP/DSP48E1_BODY.ALIGN_ADD/DSP2/i_no_versal_es1_workaround.DSP input gpgpu_system_i/gpgpu_scheduler_0/inst/Block_entry_cu_regs_0_wr_proc_U0/grp_compute_pipeline6_fu_230/grp_executeOneWarp7_fu_284/grp_executeALU_fu_1840/fadd_32ns_32ns_32_8_full_dsp_1_U274/riscv_gpgpu_hls_gpgpu_scheduler_fadd_32ns_32ns_32_8_full_dsp_1_ip_u/U0/i_synth/ADDSUB_OP.ADDSUB/DSP.OP/DSP48E1_BODY.ALIGN_ADD/DSP2/i_no_versal_es1_workaround.DSP/B[17:0] is not pipelined. Pipelining DSP48 input will improve performance.
Related violations: <none>

DPIP-2#3 Warning
Input pipelining  
DSP gpgpu_system_i/gpgpu_scheduler_0/inst/Block_entry_cu_regs_0_wr_proc_U0/grp_compute_pipeline6_fu_230/grp_executeOneWarp7_fu_284/grp_executeALU_fu_1840/fadd_32ns_32ns_32_8_full_dsp_1_U274/riscv_gpgpu_hls_gpgpu_scheduler_fadd_32ns_32ns_32_8_full_dsp_1_ip_u/U0/i_synth/ADDSUB_OP.ADDSUB/DSP.OP/DSP48E1_BODY.NORM_RND/FULL_USAGE_DSP.SHIFT_RND/i_no_versal_es1_workaround.DSP input gpgpu_system_i/gpgpu_scheduler_0/inst/Block_entry_cu_regs_0_wr_proc_U0/grp_compute_pipeline6_fu_230/grp_executeOneWarp7_fu_284/grp_executeALU_fu_1840/fadd_32ns_32ns_32_8_full_dsp_1_U274/riscv_gpgpu_hls_gpgpu_scheduler_fadd_32ns_32ns_32_8_full_dsp_1_ip_u/U0/i_synth/ADDSUB_OP.ADDSUB/DSP.OP/DSP48E1_BODY.NORM_RND/FULL_USAGE_DSP.SHIFT_RND/i_no_versal_es1_workaround.DSP/B[17:0] is not pipelined. Pipelining DSP48 input will improve performance.
Related violations: <none>

DPIP-2#4 Warning
Input pipelining  
DSP gpgpu_system_i/gpgpu_scheduler_0/inst/Block_entry_cu_regs_0_wr_proc_U0/grp_compute_pipeline6_fu_230/grp_executeOneWarp7_fu_284/grp_executeALU_fu_1840/fadd_32ns_32ns_32_8_full_dsp_1_U275/riscv_gpgpu_hls_gpgpu_scheduler_fadd_32ns_32ns_32_8_full_dsp_1_ip_u/U0/i_synth/ADDSUB_OP.ADDSUB/DSP.OP/DSP48E1_BODY.ALIGN_ADD/DSP2/i_no_versal_es1_workaround.DSP input gpgpu_system_i/gpgpu_scheduler_0/inst/Block_entry_cu_regs_0_wr_proc_U0/grp_compute_pipeline6_fu_230/grp_executeOneWarp7_fu_284/grp_executeALU_fu_1840/fadd_32ns_32ns_32_8_full_dsp_1_U275/riscv_gpgpu_hls_gpgpu_scheduler_fadd_32ns_32ns_32_8_full_dsp_1_ip_u/U0/i_synth/ADDSUB_OP.ADDSUB/DSP.OP/DSP48E1_BODY.ALIGN_ADD/DSP2/i_no_versal_es1_workaround.DSP/A[29:0] is not pipelined. Pipelining DSP48 input will improve performance.
Related violations: <none>

DPIP-2#5 Warning
Input pipelining  
DSP gpgpu_system_i/gpgpu_scheduler_0/inst/Block_entry_cu_regs_0_wr_proc_U0/grp_compute_pipeline6_fu_230/grp_executeOneWarp7_fu_284/grp_executeALU_fu_1840/fadd_32ns_32ns_32_8_full_dsp_1_U275/riscv_gpgpu_hls_gpgpu_scheduler_fadd_32ns_32ns_32_8_full_dsp_1_ip_u/U0/i_synth/ADDSUB_OP.ADDSUB/DSP.OP/DSP48E1_BODY.ALIGN_ADD/DSP2/i_no_versal_es1_workaround.DSP input gpgpu_system_i/gpgpu_scheduler_0/inst/Block_entry_cu_regs_0_wr_proc_U0/grp_compute_pipeline6_fu_230/grp_executeOneWarp7_fu_284/grp_executeALU_fu_1840/fadd_32ns_32ns_32_8_full_dsp_1_U275/riscv_gpgpu_hls_gpgpu_scheduler_fadd_32ns_32ns_32_8_full_dsp_1_ip_u/U0/i_synth/ADDSUB_OP.ADDSUB/DSP.OP/DSP48E1_BODY.ALIGN_ADD/DSP2/i_no_versal_es1_workaround.DSP/B[17:0] is not pipelined. Pipelining DSP48 input will improve performance.
Related violations: <none>

DPIP-2#6 Warning
Input pipelining  
DSP gpgpu_system_i/gpgpu_scheduler_0/inst/Block_entry_cu_regs_0_wr_proc_U0/grp_compute_pipeline6_fu_230/grp_executeOneWarp7_fu_284/grp_executeALU_fu_1840/fadd_32ns_32ns_32_8_full_dsp_1_U275/riscv_gpgpu_hls_gpgpu_scheduler_fadd_32ns_32ns_32_8_full_dsp_1_ip_u/U0/i_synth/ADDSUB_OP.ADDSUB/DSP.OP/DSP48E1_BODY.NORM_RND/FULL_USAGE_DSP.SHIFT_RND/i_no_versal_es1_workaround.DSP input gpgpu_system_i/gpgpu_scheduler_0/inst/Block_entry_cu_regs_0_wr_proc_U0/grp_compute_pipeline6_fu_230/grp_executeOneWarp7_fu_284/grp_executeALU_fu_1840/fadd_32ns_32ns_32_8_full_dsp_1_U275/riscv_gpgpu_hls_gpgpu_scheduler_fadd_32ns_32ns_32_8_full_dsp_1_ip_u/U0/i_synth/ADDSUB_OP.ADDSUB/DSP.OP/DSP48E1_BODY.NORM_RND/FULL_USAGE_DSP.SHIFT_RND/i_no_versal_es1_workaround.DSP/B[17:0] is not pipelined. Pipelining DSP48 input will improve performance.
Related violations: <none>

DPIP-2#7 Warning
Input pipelining  
DSP gpgpu_system_i/gpgpu_scheduler_0/inst/Block_entry_cu_regs_0_wr_proc_U0/grp_compute_pipeline6_fu_230/grp_executeOneWarp7_fu_284/grp_executeALU_fu_1840/fadd_32ns_32ns_32_8_full_dsp_1_U276/riscv_gpgpu_hls_gpgpu_scheduler_fadd_32ns_32ns_32_8_full_dsp_1_ip_u/U0/i_synth/ADDSUB_OP.ADDSUB/DSP.OP/DSP48E1_BODY.ALIGN_ADD/DSP2/i_no_versal_es1_workaround.DSP input gpgpu_system_i/gpgpu_scheduler_0/inst/Block_entry_cu_regs_0_wr_proc_U0/grp_compute_pipeline6_fu_230/grp_executeOneWarp7_fu_284/grp_executeALU_fu_1840/fadd_32ns_32ns_32_8_full_dsp_1_U276/riscv_gpgpu_hls_gpgpu_scheduler_fadd_32ns_32ns_32_8_full_dsp_1_ip_u/U0/i_synth/ADDSUB_OP.ADDSUB/DSP.OP/DSP48E1_BODY.ALIGN_ADD/DSP2/i_no_versal_es1_workaround.DSP/A[29:0] is not pipelined. Pipelining DSP48 input will improve performance.
Related violations: <none>

DPIP-2#8 Warning
Input pipelining  
DSP gpgpu_system_i/gpgpu_scheduler_0/inst/Block_entry_cu_regs_0_wr_proc_U0/grp_compute_pipeline6_fu_230/grp_executeOneWarp7_fu_284/grp_executeALU_fu_1840/fadd_32ns_32ns_32_8_full_dsp_1_U276/riscv_gpgpu_hls_gpgpu_scheduler_fadd_32ns_32ns_32_8_full_dsp_1_ip_u/U0/i_synth/ADDSUB_OP.ADDSUB/DSP.OP/DSP48E1_BODY.ALIGN_ADD/DSP2/i_no_versal_es1_workaround.DSP input gpgpu_system_i/gpgpu_scheduler_0/inst/Block_entry_cu_regs_0_wr_proc_U0/grp_compute_pipeline6_fu_230/grp_executeOneWarp7_fu_284/grp_executeALU_fu_1840/fadd_32ns_32ns_32_8_full_dsp_1_U276/riscv_gpgpu_hls_gpgpu_scheduler_fadd_32ns_32ns_32_8_full_dsp_1_ip_u/U0/i_synth/ADDSUB_OP.ADDSUB/DSP.OP/DSP48E1_BODY.ALIGN_ADD/DSP2/i_no_versal_es1_workaround.DSP/B[17:0] is not pipelined. Pipelining DSP48 input will improve performance.
Related violations: <none>

DPIP-2#9 Warning
Input pipelining  
DSP gpgpu_system_i/gpgpu_scheduler_0/inst/Block_entry_cu_regs_0_wr_proc_U0/grp_compute_pipeline6_fu_230/grp_executeOneWarp7_fu_284/grp_executeALU_fu_1840/fadd_32ns_32ns_32_8_full_dsp_1_U276/riscv_gpgpu_hls_gpgpu_scheduler_fadd_32ns_32ns_32_8_full_dsp_1_ip_u/U0/i_synth/ADDSUB_OP.ADDSUB/DSP.OP/DSP48E1_BODY.NORM_RND/FULL_USAGE_DSP.SHIFT_RND/i_no_versal_es1_workaround.DSP input gpgpu_system_i/gpgpu_scheduler_0/inst/Block_entry_cu_regs_0_wr_proc_U0/grp_compute_pipeline6_fu_230/grp_executeOneWarp7_fu_284/grp_executeALU_fu_1840/fadd_32ns_32ns_32_8_full_dsp_1_U276/riscv_gpgpu_hls_gpgpu_scheduler_fadd_32ns_32ns_32_8_full_dsp_1_ip_u/U0/i_synth/ADDSUB_OP.ADDSUB/DSP.OP/DSP48E1_BODY.NORM_RND/FULL_USAGE_DSP.SHIFT_RND/i_no_versal_es1_workaround.DSP/B[17:0] is not pipelined. Pipelining DSP48 input will improve performance.
Related violations: <none>

DPIP-2#10 Warning
Input pipelining  
DSP gpgpu_system_i/gpgpu_scheduler_0/inst/Block_entry_cu_regs_0_wr_proc_U0/grp_compute_pipeline6_fu_230/grp_executeOneWarp7_fu_284/grp_executeALU_fu_1840/fadd_32ns_32ns_32_8_full_dsp_1_U277/riscv_gpgpu_hls_gpgpu_scheduler_fadd_32ns_32ns_32_8_full_dsp_1_ip_u/U0/i_synth/ADDSUB_OP.ADDSUB/DSP.OP/DSP48E1_BODY.ALIGN_ADD/DSP2/i_no_versal_es1_workaround.DSP input gpgpu_system_i/gpgpu_scheduler_0/inst/Block_entry_cu_regs_0_wr_proc_U0/grp_compute_pipeline6_fu_230/grp_executeOneWarp7_fu_284/grp_executeALU_fu_1840/fadd_32ns_32ns_32_8_full_dsp_1_U277/riscv_gpgpu_hls_gpgpu_scheduler_fadd_32ns_32ns_32_8_full_dsp_1_ip_u/U0/i_synth/ADDSUB_OP.ADDSUB/DSP.OP/DSP48E1_BODY.ALIGN_ADD/DSP2/i_no_versal_es1_workaround.DSP/A[29:0] is not pipelined. Pipelining DSP48 input will improve performance.
Related violations: <none>

DPIP-2#11 Warning
Input pipelining  
DSP gpgpu_system_i/gpgpu_scheduler_0/inst/Block_entry_cu_regs_0_wr_proc_U0/grp_compute_pipeline6_fu_230/grp_executeOneWarp7_fu_284/grp_executeALU_fu_1840/fadd_32ns_32ns_32_8_full_dsp_1_U277/riscv_gpgpu_hls_gpgpu_scheduler_fadd_32ns_32ns_32_8_full_dsp_1_ip_u/U0/i_synth/ADDSUB_OP.ADDSUB/DSP.OP/DSP48E1_BODY.ALIGN_ADD/DSP2/i_no_versal_es1_workaround.DSP input gpgpu_system_i/gpgpu_scheduler_0/inst/Block_entry_cu_regs_0_wr_proc_U0/grp_compute_pipeline6_fu_230/grp_executeOneWarp7_fu_284/grp_executeALU_fu_1840/fadd_32ns_32ns_32_8_full_dsp_1_U277/riscv_gpgpu_hls_gpgpu_scheduler_fadd_32ns_32ns_32_8_full_dsp_1_ip_u/U0/i_synth/ADDSUB_OP.ADDSUB/DSP.OP/DSP48E1_BODY.ALIGN_ADD/DSP2/i_no_versal_es1_workaround.DSP/B[17:0] is not pipelined. Pipelining DSP48 input will improve performance.
Related violations: <none>

DPIP-2#12 Warning
Input pipelining  
DSP gpgpu_system_i/gpgpu_scheduler_0/inst/Block_entry_cu_regs_0_wr_proc_U0/grp_compute_pipeline6_fu_230/grp_executeOneWarp7_fu_284/grp_executeALU_fu_1840/fadd_32ns_32ns_32_8_full_dsp_1_U277/riscv_gpgpu_hls_gpgpu_scheduler_fadd_32ns_32ns_32_8_full_dsp_1_ip_u/U0/i_synth/ADDSUB_OP.ADDSUB/DSP.OP/DSP48E1_BODY.NORM_RND/FULL_USAGE_DSP.SHIFT_RND/i_no_versal_es1_workaround.DSP input gpgpu_system_i/gpgpu_scheduler_0/inst/Block_entry_cu_regs_0_wr_proc_U0/grp_compute_pipeline6_fu_230/grp_executeOneWarp7_fu_284/grp_executeALU_fu_1840/fadd_32ns_32ns_32_8_full_dsp_1_U277/riscv_gpgpu_hls_gpgpu_scheduler_fadd_32ns_32ns_32_8_full_dsp_1_ip_u/U0/i_synth/ADDSUB_OP.ADDSUB/DSP.OP/DSP48E1_BODY.NORM_RND/FULL_USAGE_DSP.SHIFT_RND/i_no_versal_es1_workaround.DSP/B[17:0] is not pipelined. Pipelining DSP48 input will improve performance.
Related violations: <none>

DPIP-2#13 Warning
Input pipelining  
DSP gpgpu_system_i/gpgpu_scheduler_0/inst/Block_entry_cu_regs_0_wr_proc_U0/grp_compute_pipeline6_fu_230/grp_executeOneWarp7_fu_284/grp_executeALU_fu_1840/fadd_32ns_32ns_32_8_full_dsp_1_U278/riscv_gpgpu_hls_gpgpu_scheduler_fadd_32ns_32ns_32_8_full_dsp_1_ip_u/U0/i_synth/ADDSUB_OP.ADDSUB/DSP.OP/DSP48E1_BODY.ALIGN_ADD/DSP2/i_no_versal_es1_workaround.DSP input gpgpu_system_i/gpgpu_scheduler_0/inst/Block_entry_cu_regs_0_wr_proc_U0/grp_compute_pipeline6_fu_230/grp_executeOneWarp7_fu_284/grp_executeALU_fu_1840/fadd_32ns_32ns_32_8_full_dsp_1_U278/riscv_gpgpu_hls_gpgpu_scheduler_fadd_32ns_32ns_32_8_full_dsp_1_ip_u/U0/i_synth/ADDSUB_OP.ADDSUB/DSP.OP/DSP48E1_BODY.ALIGN_ADD/DSP2/i_no_versal_es1_workaround.DSP/A[29:0] is not pipelined. Pipelining DSP48 input will improve performance.
Related violations: <none>

DPIP-2#14 Warning
Input pipelining  
DSP gpgpu_system_i/gpgpu_scheduler_0/inst/Block_entry_cu_regs_0_wr_proc_U0/grp_compute_pipeline6_fu_230/grp_executeOneWarp7_fu_284/grp_executeALU_fu_1840/fadd_32ns_32ns_32_8_full_dsp_1_U278/riscv_gpgpu_hls_gpgpu_scheduler_fadd_32ns_32ns_32_8_full_dsp_1_ip_u/U0/i_synth/ADDSUB_OP.ADDSUB/DSP.OP/DSP48E1_BODY.ALIGN_ADD/DSP2/i_no_versal_es1_workaround.DSP input gpgpu_system_i/gpgpu_scheduler_0/inst/Block_entry_cu_regs_0_wr_proc_U0/grp_compute_pipeline6_fu_230/grp_executeOneWarp7_fu_284/grp_executeALU_fu_1840/fadd_32ns_32ns_32_8_full_dsp_1_U278/riscv_gpgpu_hls_gpgpu_scheduler_fadd_32ns_32ns_32_8_full_dsp_1_ip_u/U0/i_synth/ADDSUB_OP.ADDSUB/DSP.OP/DSP48E1_BODY.ALIGN_ADD/DSP2/i_no_versal_es1_workaround.DSP/B[17:0] is not pipelined. Pipelining DSP48 input will improve performance.
Related violations: <none>

DPIP-2#15 Warning
Input pipelining  
DSP gpgpu_system_i/gpgpu_scheduler_0/inst/Block_entry_cu_regs_0_wr_proc_U0/grp_compute_pipeline6_fu_230/grp_executeOneWarp7_fu_284/grp_executeALU_fu_1840/fadd_32ns_32ns_32_8_full_dsp_1_U278/riscv_gpgpu_hls_gpgpu_scheduler_fadd_32ns_32ns_32_8_full_dsp_1_ip_u/U0/i_synth/ADDSUB_OP.ADDSUB/DSP.OP/DSP48E1_BODY.NORM_RND/FULL_USAGE_DSP.SHIFT_RND/i_no_versal_es1_workaround.DSP input gpgpu_system_i/gpgpu_scheduler_0/inst/Block_entry_cu_regs_0_wr_proc_U0/grp_compute_pipeline6_fu_230/grp_executeOneWarp7_fu_284/grp_executeALU_fu_1840/fadd_32ns_32ns_32_8_full_dsp_1_U278/riscv_gpgpu_hls_gpgpu_scheduler_fadd_32ns_32ns_32_8_full_dsp_1_ip_u/U0/i_synth/ADDSUB_OP.ADDSUB/DSP.OP/DSP48E1_BODY.NORM_RND/FULL_USAGE_DSP.SHIFT_RND/i_no_versal_es1_workaround.DSP/B[17:0] is not pipelined. Pipelining DSP48 input will improve performance.
Related violations: <none>

DPIP-2#16 Warning
Input pipelining  
DSP gpgpu_system_i/gpgpu_scheduler_0/inst/Block_entry_cu_regs_0_wr_proc_U0/grp_compute_pipeline6_fu_230/grp_executeOneWarp7_fu_284/grp_executeALU_fu_1840/fadd_32ns_32ns_32_8_full_dsp_1_U279/riscv_gpgpu_hls_gpgpu_scheduler_fadd_32ns_32ns_32_8_full_dsp_1_ip_u/U0/i_synth/ADDSUB_OP.ADDSUB/DSP.OP/DSP48E1_BODY.ALIGN_ADD/DSP2/i_no_versal_es1_workaround.DSP input gpgpu_system_i/gpgpu_scheduler_0/inst/Block_entry_cu_regs_0_wr_proc_U0/grp_compute_pipeline6_fu_230/grp_executeOneWarp7_fu_284/grp_executeALU_fu_1840/fadd_32ns_32ns_32_8_full_dsp_1_U279/riscv_gpgpu_hls_gpgpu_scheduler_fadd_32ns_32ns_32_8_full_dsp_1_ip_u/U0/i_synth/ADDSUB_OP.ADDSUB/DSP.OP/DSP48E1_BODY.ALIGN_ADD/DSP2/i_no_versal_es1_workaround.DSP/A[29:0] is not pipelined. Pipelining DSP48 input will improve performance.
Related violations: <none>

DPIP-2#17 Warning
Input pipelining  
DSP gpgpu_system_i/gpgpu_scheduler_0/inst/Block_entry_cu_regs_0_wr_proc_U0/grp_compute_pipeline6_fu_230/grp_executeOneWarp7_fu_284/grp_executeALU_fu_1840/fadd_32ns_32ns_32_8_full_dsp_1_U279/riscv_gpgpu_hls_gpgpu_scheduler_fadd_32ns_32ns_32_8_full_dsp_1_ip_u/U0/i_synth/ADDSUB_OP.ADDSUB/DSP.OP/DSP48E1_BODY.ALIGN_ADD/DSP2/i_no_versal_es1_workaround.DSP input gpgpu_system_i/gpgpu_scheduler_0/inst/Block_entry_cu_regs_0_wr_proc_U0/grp_compute_pipeline6_fu_230/grp_executeOneWarp7_fu_284/grp_executeALU_fu_1840/fadd_32ns_32ns_32_8_full_dsp_1_U279/riscv_gpgpu_hls_gpgpu_scheduler_fadd_32ns_32ns_32_8_full_dsp_1_ip_u/U0/i_synth/ADDSUB_OP.ADDSUB/DSP.OP/DSP48E1_BODY.ALIGN_ADD/DSP2/i_no_versal_es1_workaround.DSP/B[17:0] is not pipelined. Pipelining DSP48 input will improve performance.
Related violations: <none>

DPIP-2#18 Warning
Input pipelining  
DSP gpgpu_system_i/gpgpu_scheduler_0/inst/Block_entry_cu_regs_0_wr_proc_U0/grp_compute_pipeline6_fu_230/grp_executeOneWarp7_fu_284/grp_executeALU_fu_1840/fadd_32ns_32ns_32_8_full_dsp_1_U279/riscv_gpgpu_hls_gpgpu_scheduler_fadd_32ns_32ns_32_8_full_dsp_1_ip_u/U0/i_synth/ADDSUB_OP.ADDSUB/DSP.OP/DSP48E1_BODY.NORM_RND/FULL_USAGE_DSP.SHIFT_RND/i_no_versal_es1_workaround.DSP input gpgpu_system_i/gpgpu_scheduler_0/inst/Block_entry_cu_regs_0_wr_proc_U0/grp_compute_pipeline6_fu_230/grp_executeOneWarp7_fu_284/grp_executeALU_fu_1840/fadd_32ns_32ns_32_8_full_dsp_1_U279/riscv_gpgpu_hls_gpgpu_scheduler_fadd_32ns_32ns_32_8_full_dsp_1_ip_u/U0/i_synth/ADDSUB_OP.ADDSUB/DSP.OP/DSP48E1_BODY.NORM_RND/FULL_USAGE_DSP.SHIFT_RND/i_no_versal_es1_workaround.DSP/B[17:0] is not pipelined. Pipelining DSP48 input will improve performance.
Related violations: <none>

DPIP-2#19 Warning
Input pipelining  
DSP gpgpu_system_i/gpgpu_scheduler_0/inst/Block_entry_cu_regs_0_wr_proc_U0/grp_compute_pipeline6_fu_230/grp_executeOneWarp7_fu_284/grp_executeALU_fu_1840/fadd_32ns_32ns_32_8_full_dsp_1_U280/riscv_gpgpu_hls_gpgpu_scheduler_fadd_32ns_32ns_32_8_full_dsp_1_ip_u/U0/i_synth/ADDSUB_OP.ADDSUB/DSP.OP/DSP48E1_BODY.ALIGN_ADD/DSP2/i_no_versal_es1_workaround.DSP input gpgpu_system_i/gpgpu_scheduler_0/inst/Block_entry_cu_regs_0_wr_proc_U0/grp_compute_pipeline6_fu_230/grp_executeOneWarp7_fu_284/grp_executeALU_fu_1840/fadd_32ns_32ns_32_8_full_dsp_1_U280/riscv_gpgpu_hls_gpgpu_scheduler_fadd_32ns_32ns_32_8_full_dsp_1_ip_u/U0/i_synth/ADDSUB_OP.ADDSUB/DSP.OP/DSP48E1_BODY.ALIGN_ADD/DSP2/i_no_versal_es1_workaround.DSP/A[29:0] is not pipelined. Pipelining DSP48 input will improve performance.
Related violations: <none>

DPIP-2#20 Warning
Input pipelining  
DSP gpgpu_system_i/gpgpu_scheduler_0/inst/Block_entry_cu_regs_0_wr_proc_U0/grp_compute_pipeline6_fu_230/grp_executeOneWarp7_fu_284/grp_executeALU_fu_1840/fadd_32ns_32ns_32_8_full_dsp_1_U280/riscv_gpgpu_hls_gpgpu_scheduler_fadd_32ns_32ns_32_8_full_dsp_1_ip_u/U0/i_synth/ADDSUB_OP.ADDSUB/DSP.OP/DSP48E1_BODY.ALIGN_ADD/DSP2/i_no_versal_es1_workaround.DSP input gpgpu_system_i/gpgpu_scheduler_0/inst/Block_entry_cu_regs_0_wr_proc_U0/grp_compute_pipeline6_fu_230/grp_executeOneWarp7_fu_284/grp_executeALU_fu_1840/fadd_32ns_32ns_32_8_full_dsp_1_U280/riscv_gpgpu_hls_gpgpu_scheduler_fadd_32ns_32ns_32_8_full_dsp_1_ip_u/U0/i_synth/ADDSUB_OP.ADDSUB/DSP.OP/DSP48E1_BODY.ALIGN_ADD/DSP2/i_no_versal_es1_workaround.DSP/B[17:0] is not pipelined. Pipelining DSP48 input will improve performance.
Related violations: <none>

DPIP-2#21 Warning
Input pipelining  
DSP gpgpu_system_i/gpgpu_scheduler_0/inst/Block_entry_cu_regs_0_wr_proc_U0/grp_compute_pipeline6_fu_230/grp_executeOneWarp7_fu_284/grp_executeALU_fu_1840/fadd_32ns_32ns_32_8_full_dsp_1_U280/riscv_gpgpu_hls_gpgpu_scheduler_fadd_32ns_32ns_32_8_full_dsp_1_ip_u/U0/i_synth/ADDSUB_OP.ADDSUB/DSP.OP/DSP48E1_BODY.NORM_RND/FULL_USAGE_DSP.SHIFT_RND/i_no_versal_es1_workaround.DSP input gpgpu_system_i/gpgpu_scheduler_0/inst/Block_entry_cu_regs_0_wr_proc_U0/grp_compute_pipeline6_fu_230/grp_executeOneWarp7_fu_284/grp_executeALU_fu_1840/fadd_32ns_32ns_32_8_full_dsp_1_U280/riscv_gpgpu_hls_gpgpu_scheduler_fadd_32ns_32ns_32_8_full_dsp_1_ip_u/U0/i_synth/ADDSUB_OP.ADDSUB/DSP.OP/DSP48E1_BODY.NORM_RND/FULL_USAGE_DSP.SHIFT_RND/i_no_versal_es1_workaround.DSP/B[17:0] is not pipelined. Pipelining DSP48 input will improve performance.
Related violations: <none>

DPIP-2#22 Warning
Input pipelining  
DSP gpgpu_system_i/gpgpu_scheduler_0/inst/Block_entry_cu_regs_0_wr_proc_U0/grp_compute_pipeline6_fu_230/grp_executeOneWarp7_fu_284/grp_executeALU_fu_1840/fadd_32ns_32ns_32_8_full_dsp_1_U281/riscv_gpgpu_hls_gpgpu_scheduler_fadd_32ns_32ns_32_8_full_dsp_1_ip_u/U0/i_synth/ADDSUB_OP.ADDSUB/DSP.OP/DSP48E1_BODY.ALIGN_ADD/DSP2/i_no_versal_es1_workaround.DSP input gpgpu_system_i/gpgpu_scheduler_0/inst/Block_entry_cu_regs_0_wr_proc_U0/grp_compute_pipeline6_fu_230/grp_executeOneWarp7_fu_284/grp_executeALU_fu_1840/fadd_32ns_32ns_32_8_full_dsp_1_U281/riscv_gpgpu_hls_gpgpu_scheduler_fadd_32ns_32ns_32_8_full_dsp_1_ip_u/U0/i_synth/ADDSUB_OP.ADDSUB/DSP.OP/DSP48E1_BODY.ALIGN_ADD/DSP2/i_no_versal_es1_workaround.DSP/A[29:0] is not pipelined. Pipelining DSP48 input will improve performance.
Related violations: <none>

DPIP-2#23 Warning
Input pipelining  
DSP gpgpu_system_i/gpgpu_scheduler_0/inst/Block_entry_cu_regs_0_wr_proc_U0/grp_compute_pipeline6_fu_230/grp_executeOneWarp7_fu_284/grp_executeALU_fu_1840/fadd_32ns_32ns_32_8_full_dsp_1_U281/riscv_gpgpu_hls_gpgpu_scheduler_fadd_32ns_32ns_32_8_full_dsp_1_ip_u/U0/i_synth/ADDSUB_OP.ADDSUB/DSP.OP/DSP48E1_BODY.ALIGN_ADD/DSP2/i_no_versal_es1_workaround.DSP input gpgpu_system_i/gpgpu_scheduler_0/inst/Block_entry_cu_regs_0_wr_proc_U0/grp_compute_pipeline6_fu_230/grp_executeOneWarp7_fu_284/grp_executeALU_fu_1840/fadd_32ns_32ns_32_8_full_dsp_1_U281/riscv_gpgpu_hls_gpgpu_scheduler_fadd_32ns_32ns_32_8_full_dsp_1_ip_u/U0/i_synth/ADDSUB_OP.ADDSUB/DSP.OP/DSP48E1_BODY.ALIGN_ADD/DSP2/i_no_versal_es1_workaround.DSP/B[17:0] is not pipelined. Pipelining DSP48 input will improve performance.
Related violations: <none>

DPIP-2#24 Warning
Input pipelining  
DSP gpgpu_system_i/gpgpu_scheduler_0/inst/Block_entry_cu_regs_0_wr_proc_U0/grp_compute_pipeline6_fu_230/grp_executeOneWarp7_fu_284/grp_executeALU_fu_1840/fadd_32ns_32ns_32_8_full_dsp_1_U281/riscv_gpgpu_hls_gpgpu_scheduler_fadd_32ns_32ns_32_8_full_dsp_1_ip_u/U0/i_synth/ADDSUB_OP.ADDSUB/DSP.OP/DSP48E1_BODY.NORM_RND/FULL_USAGE_DSP.SHIFT_RND/i_no_versal_es1_workaround.DSP input gpgpu_system_i/gpgpu_scheduler_0/inst/Block_entry_cu_regs_0_wr_proc_U0/grp_compute_pipeline6_fu_230/grp_executeOneWarp7_fu_284/grp_executeALU_fu_1840/fadd_32ns_32ns_32_8_full_dsp_1_U281/riscv_gpgpu_hls_gpgpu_scheduler_fadd_32ns_32ns_32_8_full_dsp_1_ip_u/U0/i_synth/ADDSUB_OP.ADDSUB/DSP.OP/DSP48E1_BODY.NORM_RND/FULL_USAGE_DSP.SHIFT_RND/i_no_versal_es1_workaround.DSP/B[17:0] is not pipelined. Pipelining DSP48 input will improve performance.
Related violations: <none>

DPIP-2#25 Warning
Input pipelining  
DSP gpgpu_system_i/gpgpu_scheduler_0/inst/Block_entry_cu_regs_0_wr_proc_U0/grp_compute_pipeline6_fu_230/grp_executeOneWarp7_fu_284/grp_executeALU_fu_1840/fmul_32ns_32ns_32_5_max_dsp_1_U282/riscv_gpgpu_hls_gpgpu_scheduler_fmul_32ns_32ns_32_5_max_dsp_1_ip_u/U0/i_synth/MULT.OP/i_non_prim.MULT/DSP48E1_SPD_SGL_VARIANT.FIX_MULT/DSP1/i_no_versal_es1_workaround.DSP input gpgpu_system_i/gpgpu_scheduler_0/inst/Block_entry_cu_regs_0_wr_proc_U0/grp_compute_pipeline6_fu_230/grp_executeOneWarp7_fu_284/grp_executeALU_fu_1840/fmul_32ns_32ns_32_5_max_dsp_1_U282/riscv_gpgpu_hls_gpgpu_scheduler_fmul_32ns_32ns_32_5_max_dsp_1_ip_u/U0/i_synth/MULT.OP/i_non_prim.MULT/DSP48E1_SPD_SGL_VARIANT.FIX_MULT/DSP1/i_no_versal_es1_workaround.DSP/A[29:0] is not pipelined. Pipelining DSP48 input will improve performance.
Related violations: <none>

DPIP-2#26 Warning
Input pipelining  
DSP gpgpu_system_i/gpgpu_scheduler_0/inst/Block_entry_cu_regs_0_wr_proc_U0/grp_compute_pipeline6_fu_230/grp_executeOneWarp7_fu_284/grp_executeALU_fu_1840/fmul_32ns_32ns_32_5_max_dsp_1_U282/riscv_gpgpu_hls_gpgpu_scheduler_fmul_32ns_32ns_32_5_max_dsp_1_ip_u/U0/i_synth/MULT.OP/i_non_prim.MULT/DSP48E1_SPD_SGL_VARIANT.FIX_MULT/DSP1/i_no_versal_es1_workaround.DSP input gpgpu_system_i/gpgpu_scheduler_0/inst/Block_entry_cu_regs_0_wr_proc_U0/grp_compute_pipeline6_fu_230/grp_executeOneWarp7_fu_284/grp_executeALU_fu_1840/fmul_32ns_32ns_32_5_max_dsp_1_U282/riscv_gpgpu_hls_gpgpu_scheduler_fmul_32ns_32ns_32_5_max_dsp_1_ip_u/U0/i_synth/MULT.OP/i_non_prim.MULT/DSP48E1_SPD_SGL_VARIANT.FIX_MULT/DSP1/i_no_versal_es1_workaround.DSP/B[17:0] is not pipelined. Pipelining DSP48 input will improve performance.
Related violations: <none>

DPIP-2#27 Warning
Input pipelining  
DSP gpgpu_system_i/gpgpu_scheduler_0/inst/Block_entry_cu_regs_0_wr_proc_U0/grp_compute_pipeline6_fu_230/grp_executeOneWarp7_fu_284/grp_executeALU_fu_1840/fmul_32ns_32ns_32_5_max_dsp_1_U283/riscv_gpgpu_hls_gpgpu_scheduler_fmul_32ns_32ns_32_5_max_dsp_1_ip_u/U0/i_synth/MULT.OP/i_non_prim.MULT/DSP48E1_SPD_SGL_VARIANT.FIX_MULT/DSP1/i_no_versal_es1_workaround.DSP input gpgpu_system_i/gpgpu_scheduler_0/inst/Block_entry_cu_regs_0_wr_proc_U0/grp_compute_pipeline6_fu_230/grp_executeOneWarp7_fu_284/grp_executeALU_fu_1840/fmul_32ns_32ns_32_5_max_dsp_1_U283/riscv_gpgpu_hls_gpgpu_scheduler_fmul_32ns_32ns_32_5_max_dsp_1_ip_u/U0/i_synth/MULT.OP/i_non_prim.MULT/DSP48E1_SPD_SGL_VARIANT.FIX_MULT/DSP1/i_no_versal_es1_workaround.DSP/A[29:0] is not pipelined. Pipelining DSP48 input will improve performance.
Related violations: <none>

DPIP-2#28 Warning
Input pipelining  
DSP gpgpu_system_i/gpgpu_scheduler_0/inst/Block_entry_cu_regs_0_wr_proc_U0/grp_compute_pipeline6_fu_230/grp_executeOneWarp7_fu_284/grp_executeALU_fu_1840/fmul_32ns_32ns_32_5_max_dsp_1_U283/riscv_gpgpu_hls_gpgpu_scheduler_fmul_32ns_32ns_32_5_max_dsp_1_ip_u/U0/i_synth/MULT.OP/i_non_prim.MULT/DSP48E1_SPD_SGL_VARIANT.FIX_MULT/DSP1/i_no_versal_es1_workaround.DSP input gpgpu_system_i/gpgpu_scheduler_0/inst/Block_entry_cu_regs_0_wr_proc_U0/grp_compute_pipeline6_fu_230/grp_executeOneWarp7_fu_284/grp_executeALU_fu_1840/fmul_32ns_32ns_32_5_max_dsp_1_U283/riscv_gpgpu_hls_gpgpu_scheduler_fmul_32ns_32ns_32_5_max_dsp_1_ip_u/U0/i_synth/MULT.OP/i_non_prim.MULT/DSP48E1_SPD_SGL_VARIANT.FIX_MULT/DSP1/i_no_versal_es1_workaround.DSP/B[17:0] is not pipelined. Pipelining DSP48 input will improve performance.
Related violations: <none>

DPIP-2#29 Warning
Input pipelining  
DSP gpgpu_system_i/gpgpu_scheduler_0/inst/Block_entry_cu_regs_0_wr_proc_U0/grp_compute_pipeline6_fu_230/grp_executeOneWarp7_fu_284/grp_executeALU_fu_1840/fmul_32ns_32ns_32_5_max_dsp_1_U284/riscv_gpgpu_hls_gpgpu_scheduler_fmul_32ns_32ns_32_5_max_dsp_1_ip_u/U0/i_synth/MULT.OP/i_non_prim.MULT/DSP48E1_SPD_SGL_VARIANT.FIX_MULT/DSP1/i_no_versal_es1_workaround.DSP input gpgpu_system_i/gpgpu_scheduler_0/inst/Block_entry_cu_regs_0_wr_proc_U0/grp_compute_pipeline6_fu_230/grp_executeOneWarp7_fu_284/grp_executeALU_fu_1840/fmul_32ns_32ns_32_5_max_dsp_1_U284/riscv_gpgpu_hls_gpgpu_scheduler_fmul_32ns_32ns_32_5_max_dsp_1_ip_u/U0/i_synth/MULT.OP/i_non_prim.MULT/DSP48E1_SPD_SGL_VARIANT.FIX_MULT/DSP1/i_no_versal_es1_workaround.DSP/A[29:0] is not pipelined. Pipelining DSP48 input will improve performance.
Related violations: <none>

DPIP-2#30 Warning
Input pipelining  
DSP gpgpu_system_i/gpgpu_scheduler_0/inst/Block_entry_cu_regs_0_wr_proc_U0/grp_compute_pipeline6_fu_230/grp_executeOneWarp7_fu_284/grp_executeALU_fu_1840/fmul_32ns_32ns_32_5_max_dsp_1_U284/riscv_gpgpu_hls_gpgpu_scheduler_fmul_32ns_32ns_32_5_max_dsp_1_ip_u/U0/i_synth/MULT.OP/i_non_prim.MULT/DSP48E1_SPD_SGL_VARIANT.FIX_MULT/DSP1/i_no_versal_es1_workaround.DSP input gpgpu_system_i/gpgpu_scheduler_0/inst/Block_entry_cu_regs_0_wr_proc_U0/grp_compute_pipeline6_fu_230/grp_executeOneWarp7_fu_284/grp_executeALU_fu_1840/fmul_32ns_32ns_32_5_max_dsp_1_U284/riscv_gpgpu_hls_gpgpu_scheduler_fmul_32ns_32ns_32_5_max_dsp_1_ip_u/U0/i_synth/MULT.OP/i_non_prim.MULT/DSP48E1_SPD_SGL_VARIANT.FIX_MULT/DSP1/i_no_versal_es1_workaround.DSP/B[17:0] is not pipelined. Pipelining DSP48 input will improve performance.
Related violations: <none>

DPIP-2#31 Warning
Input pipelining  
DSP gpgpu_system_i/gpgpu_scheduler_0/inst/Block_entry_cu_regs_0_wr_proc_U0/grp_compute_pipeline6_fu_230/grp_executeOneWarp7_fu_284/grp_executeALU_fu_1840/fmul_32ns_32ns_32_5_max_dsp_1_U285/riscv_gpgpu_hls_gpgpu_scheduler_fmul_32ns_32ns_32_5_max_dsp_1_ip_u/U0/i_synth/MULT.OP/i_non_prim.MULT/DSP48E1_SPD_SGL_VARIANT.FIX_MULT/DSP1/i_no_versal_es1_workaround.DSP input gpgpu_system_i/gpgpu_scheduler_0/inst/Block_entry_cu_regs_0_wr_proc_U0/grp_compute_pipeline6_fu_230/grp_executeOneWarp7_fu_284/grp_executeALU_fu_1840/fmul_32ns_32ns_32_5_max_dsp_1_U285/riscv_gpgpu_hls_gpgpu_scheduler_fmul_32ns_32ns_32_5_max_dsp_1_ip_u/U0/i_synth/MULT.OP/i_non_prim.MULT/DSP48E1_SPD_SGL_VARIANT.FIX_MULT/DSP1/i_no_versal_es1_workaround.DSP/A[29:0] is not pipelined. Pipelining DSP48 input will improve performance.
Related violations: <none>

DPIP-2#32 Warning
Input pipelining  
DSP gpgpu_system_i/gpgpu_scheduler_0/inst/Block_entry_cu_regs_0_wr_proc_U0/grp_compute_pipeline6_fu_230/grp_executeOneWarp7_fu_284/grp_executeALU_fu_1840/fmul_32ns_32ns_32_5_max_dsp_1_U285/riscv_gpgpu_hls_gpgpu_scheduler_fmul_32ns_32ns_32_5_max_dsp_1_ip_u/U0/i_synth/MULT.OP/i_non_prim.MULT/DSP48E1_SPD_SGL_VARIANT.FIX_MULT/DSP1/i_no_versal_es1_workaround.DSP input gpgpu_system_i/gpgpu_scheduler_0/inst/Block_entry_cu_regs_0_wr_proc_U0/grp_compute_pipeline6_fu_230/grp_executeOneWarp7_fu_284/grp_executeALU_fu_1840/fmul_32ns_32ns_32_5_max_dsp_1_U285/riscv_gpgpu_hls_gpgpu_scheduler_fmul_32ns_32ns_32_5_max_dsp_1_ip_u/U0/i_synth/MULT.OP/i_non_prim.MULT/DSP48E1_SPD_SGL_VARIANT.FIX_MULT/DSP1/i_no_versal_es1_workaround.DSP/B[17:0] is not pipelined. Pipelining DSP48 input will improve performance.
Related violations: <none>

DPIP-2#33 Warning
Input pipelining  
DSP gpgpu_system_i/gpgpu_scheduler_0/inst/Block_entry_cu_regs_0_wr_proc_U0/grp_compute_pipeline6_fu_230/grp_executeOneWarp7_fu_284/grp_executeALU_fu_1840/fmul_32ns_32ns_32_5_max_dsp_1_U286/riscv_gpgpu_hls_gpgpu_scheduler_fmul_32ns_32ns_32_5_max_dsp_1_ip_u/U0/i_synth/MULT.OP/i_non_prim.MULT/DSP48E1_SPD_SGL_VARIANT.FIX_MULT/DSP1/i_no_versal_es1_workaround.DSP input gpgpu_system_i/gpgpu_scheduler_0/inst/Block_entry_cu_regs_0_wr_proc_U0/grp_compute_pipeline6_fu_230/grp_executeOneWarp7_fu_284/grp_executeALU_fu_1840/fmul_32ns_32ns_32_5_max_dsp_1_U286/riscv_gpgpu_hls_gpgpu_scheduler_fmul_32ns_32ns_32_5_max_dsp_1_ip_u/U0/i_synth/MULT.OP/i_non_prim.MULT/DSP48E1_SPD_SGL_VARIANT.FIX_MULT/DSP1/i_no_versal_es1_workaround.DSP/A[29:0] is not pipelined. Pipelining DSP48 input will improve performance.
Related violations: <none>

DPIP-2#34 Warning
Input pipelining  
DSP gpgpu_system_i/gpgpu_scheduler_0/inst/Block_entry_cu_regs_0_wr_proc_U0/grp_compute_pipeline6_fu_230/grp_executeOneWarp7_fu_284/grp_executeALU_fu_1840/fmul_32ns_32ns_32_5_max_dsp_1_U286/riscv_gpgpu_hls_gpgpu_scheduler_fmul_32ns_32ns_32_5_max_dsp_1_ip_u/U0/i_synth/MULT.OP/i_non_prim.MULT/DSP48E1_SPD_SGL_VARIANT.FIX_MULT/DSP1/i_no_versal_es1_workaround.DSP input gpgpu_system_i/gpgpu_scheduler_0/inst/Block_entry_cu_regs_0_wr_proc_U0/grp_compute_pipeline6_fu_230/grp_executeOneWarp7_fu_284/grp_executeALU_fu_1840/fmul_32ns_32ns_32_5_max_dsp_1_U286/riscv_gpgpu_hls_gpgpu_scheduler_fmul_32ns_32ns_32_5_max_dsp_1_ip_u/U0/i_synth/MULT.OP/i_non_prim.MULT/DSP48E1_SPD_SGL_VARIANT.FIX_MULT/DSP1/i_no_versal_es1_workaround.DSP/B[17:0] is not pipelined. Pipelining DSP48 input will improve performance.
Related violations: <none>

DPOP-3#1 Warning
PREG Output pipelining  
DSP gpgpu_system_i/gpgpu_scheduler_0/inst/Block_entry_cu_regs_0_wr_proc_U0/grp_compute_pipeline6_fu_230/grp_executeOneWarp7_fu_284/grp_executeALU_fu_1840/fadd_32ns_32ns_32_8_full_dsp_1_U274/riscv_gpgpu_hls_gpgpu_scheduler_fadd_32ns_32ns_32_8_full_dsp_1_ip_u/U0/i_synth/ADDSUB_OP.ADDSUB/DSP.OP/DSP48E1_BODY.ALIGN_ADD/DSP2/i_no_versal_es1_workaround.DSP output gpgpu_system_i/gpgpu_scheduler_0/inst/Block_entry_cu_regs_0_wr_proc_U0/grp_compute_pipeline6_fu_230/grp_executeOneWarp7_fu_284/grp_executeALU_fu_1840/fadd_32ns_32ns_32_8_full_dsp_1_U274/riscv_gpgpu_hls_gpgpu_scheduler_fadd_32ns_32ns_32_8_full_dsp_1_ip_u/U0/i_synth/ADDSUB_OP.ADDSUB/DSP.OP/DSP48E1_BODY.ALIGN_ADD/DSP2/i_no_versal_es1_workaround.DSP/PATTERNDETECT is not pipelined (PREG=0). Pipelining the DSP48 output will improve performance and often saves power so it is suggested whenever possible to fully pipeline this function.  If this DSP48 function was inferred, it is suggested to describe an additional register stage after this function.  If the DSP48 was instantiated in the design, it is suggested to set the PREG attribute to 1.
Related violations: <none>

DPOP-3#2 Warning
PREG Output pipelining  
DSP gpgpu_system_i/gpgpu_scheduler_0/inst/Block_entry_cu_regs_0_wr_proc_U0/grp_compute_pipeline6_fu_230/grp_executeOneWarp7_fu_284/grp_executeALU_fu_1840/fadd_32ns_32ns_32_8_full_dsp_1_U274/riscv_gpgpu_hls_gpgpu_scheduler_fadd_32ns_32ns_32_8_full_dsp_1_ip_u/U0/i_synth/ADDSUB_OP.ADDSUB/DSP.OP/DSP48E1_BODY.ALIGN_ADD/DSP2/i_no_versal_es1_workaround.DSP output gpgpu_system_i/gpgpu_scheduler_0/inst/Block_entry_cu_regs_0_wr_proc_U0/grp_compute_pipeline6_fu_230/grp_executeOneWarp7_fu_284/grp_executeALU_fu_1840/fadd_32ns_32ns_32_8_full_dsp_1_U274/riscv_gpgpu_hls_gpgpu_scheduler_fadd_32ns_32ns_32_8_full_dsp_1_ip_u/U0/i_synth/ADDSUB_OP.ADDSUB/DSP.OP/DSP48E1_BODY.ALIGN_ADD/DSP2/i_no_versal_es1_workaround.DSP/P[47:0] is not pipelined (PREG=0). Pipelining the DSP48 output will improve performance and often saves power so it is suggested whenever possible to fully pipeline this function.  If this DSP48 function was inferred, it is suggested to describe an additional register stage after this function.  If the DSP48 was instantiated in the design, it is suggested to set the PREG attribute to 1.
Related violations: <none>

DPOP-3#3 Warning
PREG Output pipelining  
DSP gpgpu_system_i/gpgpu_scheduler_0/inst/Block_entry_cu_regs_0_wr_proc_U0/grp_compute_pipeline6_fu_230/grp_executeOneWarp7_fu_284/grp_executeALU_fu_1840/fadd_32ns_32ns_32_8_full_dsp_1_U274/riscv_gpgpu_hls_gpgpu_scheduler_fadd_32ns_32ns_32_8_full_dsp_1_ip_u/U0/i_synth/ADDSUB_OP.ADDSUB/DSP.OP/DSP48E1_BODY.NORM_RND/FULL_USAGE_DSP.SHIFT_RND/i_no_versal_es1_workaround.DSP output gpgpu_system_i/gpgpu_scheduler_0/inst/Block_entry_cu_regs_0_wr_proc_U0/grp_compute_pipeline6_fu_230/grp_executeOneWarp7_fu_284/grp_executeALU_fu_1840/fadd_32ns_32ns_32_8_full_dsp_1_U274/riscv_gpgpu_hls_gpgpu_scheduler_fadd_32ns_32ns_32_8_full_dsp_1_ip_u/U0/i_synth/ADDSUB_OP.ADDSUB/DSP.OP/DSP48E1_BODY.NORM_RND/FULL_USAGE_DSP.SHIFT_RND/i_no_versal_es1_workaround.DSP/P[47:0] is not pipelined (PREG=0). Pipelining the DSP48 output will improve performance and often saves power so it is suggested whenever possible to fully pipeline this function.  If this DSP48 function was inferred, it is suggested to describe an additional register stage after this function.  If the DSP48 was instantiated in the design, it is suggested to set the PREG attribute to 1.
Related violations: <none>

DPOP-3#4 Warning
PREG Output pipelining  
DSP gpgpu_system_i/gpgpu_scheduler_0/inst/Block_entry_cu_regs_0_wr_proc_U0/grp_compute_pipeline6_fu_230/grp_executeOneWarp7_fu_284/grp_executeALU_fu_1840/fadd_32ns_32ns_32_8_full_dsp_1_U275/riscv_gpgpu_hls_gpgpu_scheduler_fadd_32ns_32ns_32_8_full_dsp_1_ip_u/U0/i_synth/ADDSUB_OP.ADDSUB/DSP.OP/DSP48E1_BODY.ALIGN_ADD/DSP2/i_no_versal_es1_workaround.DSP output gpgpu_system_i/gpgpu_scheduler_0/inst/Block_entry_cu_regs_0_wr_proc_U0/grp_compute_pipeline6_fu_230/grp_executeOneWarp7_fu_284/grp_executeALU_fu_1840/fadd_32ns_32ns_32_8_full_dsp_1_U275/riscv_gpgpu_hls_gpgpu_scheduler_fadd_32ns_32ns_32_8_full_dsp_1_ip_u/U0/i_synth/ADDSUB_OP.ADDSUB/DSP.OP/DSP48E1_BODY.ALIGN_ADD/DSP2/i_no_versal_es1_workaround.DSP/PATTERNDETECT is not pipelined (PREG=0). Pipelining the DSP48 output will improve performance and often saves power so it is suggested whenever possible to fully pipeline this function.  If this DSP48 function was inferred, it is suggested to describe an additional register stage after this function.  If the DSP48 was instantiated in the design, it is suggested to set the PREG attribute to 1.
Related violations: <none>

DPOP-3#5 Warning
PREG Output pipelining  
DSP gpgpu_system_i/gpgpu_scheduler_0/inst/Block_entry_cu_regs_0_wr_proc_U0/grp_compute_pipeline6_fu_230/grp_executeOneWarp7_fu_284/grp_executeALU_fu_1840/fadd_32ns_32ns_32_8_full_dsp_1_U275/riscv_gpgpu_hls_gpgpu_scheduler_fadd_32ns_32ns_32_8_full_dsp_1_ip_u/U0/i_synth/ADDSUB_OP.ADDSUB/DSP.OP/DSP48E1_BODY.ALIGN_ADD/DSP2/i_no_versal_es1_workaround.DSP output gpgpu_system_i/gpgpu_scheduler_0/inst/Block_entry_cu_regs_0_wr_proc_U0/grp_compute_pipeline6_fu_230/grp_executeOneWarp7_fu_284/grp_executeALU_fu_1840/fadd_32ns_32ns_32_8_full_dsp_1_U275/riscv_gpgpu_hls_gpgpu_scheduler_fadd_32ns_32ns_32_8_full_dsp_1_ip_u/U0/i_synth/ADDSUB_OP.ADDSUB/DSP.OP/DSP48E1_BODY.ALIGN_ADD/DSP2/i_no_versal_es1_workaround.DSP/P[47:0] is not pipelined (PREG=0). Pipelining the DSP48 output will improve performance and often saves power so it is suggested whenever possible to fully pipeline this function.  If this DSP48 function was inferred, it is suggested to describe an additional register stage after this function.  If the DSP48 was instantiated in the design, it is suggested to set the PREG attribute to 1.
Related violations: <none>

DPOP-3#6 Warning
PREG Output pipelining  
DSP gpgpu_system_i/gpgpu_scheduler_0/inst/Block_entry_cu_regs_0_wr_proc_U0/grp_compute_pipeline6_fu_230/grp_executeOneWarp7_fu_284/grp_executeALU_fu_1840/fadd_32ns_32ns_32_8_full_dsp_1_U275/riscv_gpgpu_hls_gpgpu_scheduler_fadd_32ns_32ns_32_8_full_dsp_1_ip_u/U0/i_synth/ADDSUB_OP.ADDSUB/DSP.OP/DSP48E1_BODY.NORM_RND/FULL_USAGE_DSP.SHIFT_RND/i_no_versal_es1_workaround.DSP output gpgpu_system_i/gpgpu_scheduler_0/inst/Block_entry_cu_regs_0_wr_proc_U0/grp_compute_pipeline6_fu_230/grp_executeOneWarp7_fu_284/grp_executeALU_fu_1840/fadd_32ns_32ns_32_8_full_dsp_1_U275/riscv_gpgpu_hls_gpgpu_scheduler_fadd_32ns_32ns_32_8_full_dsp_1_ip_u/U0/i_synth/ADDSUB_OP.ADDSUB/DSP.OP/DSP48E1_BODY.NORM_RND/FULL_USAGE_DSP.SHIFT_RND/i_no_versal_es1_workaround.DSP/P[47:0] is not pipelined (PREG=0). Pipelining the DSP48 output will improve performance and often saves power so it is suggested whenever possible to fully pipeline this function.  If this DSP48 function was inferred, it is suggested to describe an additional register stage after this function.  If the DSP48 was instantiated in the design, it is suggested to set the PREG attribute to 1.
Related violations: <none>

DPOP-3#7 Warning
PREG Output pipelining  
DSP gpgpu_system_i/gpgpu_scheduler_0/inst/Block_entry_cu_regs_0_wr_proc_U0/grp_compute_pipeline6_fu_230/grp_executeOneWarp7_fu_284/grp_executeALU_fu_1840/fadd_32ns_32ns_32_8_full_dsp_1_U276/riscv_gpgpu_hls_gpgpu_scheduler_fadd_32ns_32ns_32_8_full_dsp_1_ip_u/U0/i_synth/ADDSUB_OP.ADDSUB/DSP.OP/DSP48E1_BODY.ALIGN_ADD/DSP2/i_no_versal_es1_workaround.DSP output gpgpu_system_i/gpgpu_scheduler_0/inst/Block_entry_cu_regs_0_wr_proc_U0/grp_compute_pipeline6_fu_230/grp_executeOneWarp7_fu_284/grp_executeALU_fu_1840/fadd_32ns_32ns_32_8_full_dsp_1_U276/riscv_gpgpu_hls_gpgpu_scheduler_fadd_32ns_32ns_32_8_full_dsp_1_ip_u/U0/i_synth/ADDSUB_OP.ADDSUB/DSP.OP/DSP48E1_BODY.ALIGN_ADD/DSP2/i_no_versal_es1_workaround.DSP/PATTERNDETECT is not pipelined (PREG=0). Pipelining the DSP48 output will improve performance and often saves power so it is suggested whenever possible to fully pipeline this function.  If this DSP48 function was inferred, it is suggested to describe an additional register stage after this function.  If the DSP48 was instantiated in the design, it is suggested to set the PREG attribute to 1.
Related violations: <none>

DPOP-3#8 Warning
PREG Output pipelining  
DSP gpgpu_system_i/gpgpu_scheduler_0/inst/Block_entry_cu_regs_0_wr_proc_U0/grp_compute_pipeline6_fu_230/grp_executeOneWarp7_fu_284/grp_executeALU_fu_1840/fadd_32ns_32ns_32_8_full_dsp_1_U276/riscv_gpgpu_hls_gpgpu_scheduler_fadd_32ns_32ns_32_8_full_dsp_1_ip_u/U0/i_synth/ADDSUB_OP.ADDSUB/DSP.OP/DSP48E1_BODY.ALIGN_ADD/DSP2/i_no_versal_es1_workaround.DSP output gpgpu_system_i/gpgpu_scheduler_0/inst/Block_entry_cu_regs_0_wr_proc_U0/grp_compute_pipeline6_fu_230/grp_executeOneWarp7_fu_284/grp_executeALU_fu_1840/fadd_32ns_32ns_32_8_full_dsp_1_U276/riscv_gpgpu_hls_gpgpu_scheduler_fadd_32ns_32ns_32_8_full_dsp_1_ip_u/U0/i_synth/ADDSUB_OP.ADDSUB/DSP.OP/DSP48E1_BODY.ALIGN_ADD/DSP2/i_no_versal_es1_workaround.DSP/P[47:0] is not pipelined (PREG=0). Pipelining the DSP48 output will improve performance and often saves power so it is suggested whenever possible to fully pipeline this function.  If this DSP48 function was inferred, it is suggested to describe an additional register stage after this function.  If the DSP48 was instantiated in the design, it is suggested to set the PREG attribute to 1.
Related violations: <none>

DPOP-3#9 Warning
PREG Output pipelining  
DSP gpgpu_system_i/gpgpu_scheduler_0/inst/Block_entry_cu_regs_0_wr_proc_U0/grp_compute_pipeline6_fu_230/grp_executeOneWarp7_fu_284/grp_executeALU_fu_1840/fadd_32ns_32ns_32_8_full_dsp_1_U276/riscv_gpgpu_hls_gpgpu_scheduler_fadd_32ns_32ns_32_8_full_dsp_1_ip_u/U0/i_synth/ADDSUB_OP.ADDSUB/DSP.OP/DSP48E1_BODY.NORM_RND/FULL_USAGE_DSP.SHIFT_RND/i_no_versal_es1_workaround.DSP output gpgpu_system_i/gpgpu_scheduler_0/inst/Block_entry_cu_regs_0_wr_proc_U0/grp_compute_pipeline6_fu_230/grp_executeOneWarp7_fu_284/grp_executeALU_fu_1840/fadd_32ns_32ns_32_8_full_dsp_1_U276/riscv_gpgpu_hls_gpgpu_scheduler_fadd_32ns_32ns_32_8_full_dsp_1_ip_u/U0/i_synth/ADDSUB_OP.ADDSUB/DSP.OP/DSP48E1_BODY.NORM_RND/FULL_USAGE_DSP.SHIFT_RND/i_no_versal_es1_workaround.DSP/P[47:0] is not pipelined (PREG=0). Pipelining the DSP48 output will improve performance and often saves power so it is suggested whenever possible to fully pipeline this function.  If this DSP48 function was inferred, it is suggested to describe an additional register stage after this function.  If the DSP48 was instantiated in the design, it is suggested to set the PREG attribute to 1.
Related violations: <none>

DPOP-3#10 Warning
PREG Output pipelining  
DSP gpgpu_system_i/gpgpu_scheduler_0/inst/Block_entry_cu_regs_0_wr_proc_U0/grp_compute_pipeline6_fu_230/grp_executeOneWarp7_fu_284/grp_executeALU_fu_1840/fadd_32ns_32ns_32_8_full_dsp_1_U277/riscv_gpgpu_hls_gpgpu_scheduler_fadd_32ns_32ns_32_8_full_dsp_1_ip_u/U0/i_synth/ADDSUB_OP.ADDSUB/DSP.OP/DSP48E1_BODY.ALIGN_ADD/DSP2/i_no_versal_es1_workaround.DSP output gpgpu_system_i/gpgpu_scheduler_0/inst/Block_entry_cu_regs_0_wr_proc_U0/grp_compute_pipeline6_fu_230/grp_executeOneWarp7_fu_284/grp_executeALU_fu_1840/fadd_32ns_32ns_32_8_full_dsp_1_U277/riscv_gpgpu_hls_gpgpu_scheduler_fadd_32ns_32ns_32_8_full_dsp_1_ip_u/U0/i_synth/ADDSUB_OP.ADDSUB/DSP.OP/DSP48E1_BODY.ALIGN_ADD/DSP2/i_no_versal_es1_workaround.DSP/PATTERNDETECT is not pipelined (PREG=0). Pipelining the DSP48 output will improve performance and often saves power so it is suggested whenever possible to fully pipeline this function.  If this DSP48 function was inferred, it is suggested to describe an additional register stage after this function.  If the DSP48 was instantiated in the design, it is suggested to set the PREG attribute to 1.
Related violations: <none>

DPOP-3#11 Warning
PREG Output pipelining  
DSP gpgpu_system_i/gpgpu_scheduler_0/inst/Block_entry_cu_regs_0_wr_proc_U0/grp_compute_pipeline6_fu_230/grp_executeOneWarp7_fu_284/grp_executeALU_fu_1840/fadd_32ns_32ns_32_8_full_dsp_1_U277/riscv_gpgpu_hls_gpgpu_scheduler_fadd_32ns_32ns_32_8_full_dsp_1_ip_u/U0/i_synth/ADDSUB_OP.ADDSUB/DSP.OP/DSP48E1_BODY.ALIGN_ADD/DSP2/i_no_versal_es1_workaround.DSP output gpgpu_system_i/gpgpu_scheduler_0/inst/Block_entry_cu_regs_0_wr_proc_U0/grp_compute_pipeline6_fu_230/grp_executeOneWarp7_fu_284/grp_executeALU_fu_1840/fadd_32ns_32ns_32_8_full_dsp_1_U277/riscv_gpgpu_hls_gpgpu_scheduler_fadd_32ns_32ns_32_8_full_dsp_1_ip_u/U0/i_synth/ADDSUB_OP.ADDSUB/DSP.OP/DSP48E1_BODY.ALIGN_ADD/DSP2/i_no_versal_es1_workaround.DSP/P[47:0] is not pipelined (PREG=0). Pipelining the DSP48 output will improve performance and often saves power so it is suggested whenever possible to fully pipeline this function.  If this DSP48 function was inferred, it is suggested to describe an additional register stage after this function.  If the DSP48 was instantiated in the design, it is suggested to set the PREG attribute to 1.
Related violations: <none>

DPOP-3#12 Warning
PREG Output pipelining  
DSP gpgpu_system_i/gpgpu_scheduler_0/inst/Block_entry_cu_regs_0_wr_proc_U0/grp_compute_pipeline6_fu_230/grp_executeOneWarp7_fu_284/grp_executeALU_fu_1840/fadd_32ns_32ns_32_8_full_dsp_1_U277/riscv_gpgpu_hls_gpgpu_scheduler_fadd_32ns_32ns_32_8_full_dsp_1_ip_u/U0/i_synth/ADDSUB_OP.ADDSUB/DSP.OP/DSP48E1_BODY.NORM_RND/FULL_USAGE_DSP.SHIFT_RND/i_no_versal_es1_workaround.DSP output gpgpu_system_i/gpgpu_scheduler_0/inst/Block_entry_cu_regs_0_wr_proc_U0/grp_compute_pipeline6_fu_230/grp_executeOneWarp7_fu_284/grp_executeALU_fu_1840/fadd_32ns_32ns_32_8_full_dsp_1_U277/riscv_gpgpu_hls_gpgpu_scheduler_fadd_32ns_32ns_32_8_full_dsp_1_ip_u/U0/i_synth/ADDSUB_OP.ADDSUB/DSP.OP/DSP48E1_BODY.NORM_RND/FULL_USAGE_DSP.SHIFT_RND/i_no_versal_es1_workaround.DSP/P[47:0] is not pipelined (PREG=0). Pipelining the DSP48 output will improve performance and often saves power so it is suggested whenever possible to fully pipeline this function.  If this DSP48 function was inferred, it is suggested to describe an additional register stage after this function.  If the DSP48 was instantiated in the design, it is suggested to set the PREG attribute to 1.
Related violations: <none>

DPOP-3#13 Warning
PREG Output pipelining  
DSP gpgpu_system_i/gpgpu_scheduler_0/inst/Block_entry_cu_regs_0_wr_proc_U0/grp_compute_pipeline6_fu_230/grp_executeOneWarp7_fu_284/grp_executeALU_fu_1840/fadd_32ns_32ns_32_8_full_dsp_1_U278/riscv_gpgpu_hls_gpgpu_scheduler_fadd_32ns_32ns_32_8_full_dsp_1_ip_u/U0/i_synth/ADDSUB_OP.ADDSUB/DSP.OP/DSP48E1_BODY.ALIGN_ADD/DSP2/i_no_versal_es1_workaround.DSP output gpgpu_system_i/gpgpu_scheduler_0/inst/Block_entry_cu_regs_0_wr_proc_U0/grp_compute_pipeline6_fu_230/grp_executeOneWarp7_fu_284/grp_executeALU_fu_1840/fadd_32ns_32ns_32_8_full_dsp_1_U278/riscv_gpgpu_hls_gpgpu_scheduler_fadd_32ns_32ns_32_8_full_dsp_1_ip_u/U0/i_synth/ADDSUB_OP.ADDSUB/DSP.OP/DSP48E1_BODY.ALIGN_ADD/DSP2/i_no_versal_es1_workaround.DSP/PATTERNDETECT is not pipelined (PREG=0). Pipelining the DSP48 output will improve performance and often saves power so it is suggested whenever possible to fully pipeline this function.  If this DSP48 function was inferred, it is suggested to describe an additional register stage after this function.  If the DSP48 was instantiated in the design, it is suggested to set the PREG attribute to 1.
Related violations: <none>

DPOP-3#14 Warning
PREG Output pipelining  
DSP gpgpu_system_i/gpgpu_scheduler_0/inst/Block_entry_cu_regs_0_wr_proc_U0/grp_compute_pipeline6_fu_230/grp_executeOneWarp7_fu_284/grp_executeALU_fu_1840/fadd_32ns_32ns_32_8_full_dsp_1_U278/riscv_gpgpu_hls_gpgpu_scheduler_fadd_32ns_32ns_32_8_full_dsp_1_ip_u/U0/i_synth/ADDSUB_OP.ADDSUB/DSP.OP/DSP48E1_BODY.ALIGN_ADD/DSP2/i_no_versal_es1_workaround.DSP output gpgpu_system_i/gpgpu_scheduler_0/inst/Block_entry_cu_regs_0_wr_proc_U0/grp_compute_pipeline6_fu_230/grp_executeOneWarp7_fu_284/grp_executeALU_fu_1840/fadd_32ns_32ns_32_8_full_dsp_1_U278/riscv_gpgpu_hls_gpgpu_scheduler_fadd_32ns_32ns_32_8_full_dsp_1_ip_u/U0/i_synth/ADDSUB_OP.ADDSUB/DSP.OP/DSP48E1_BODY.ALIGN_ADD/DSP2/i_no_versal_es1_workaround.DSP/P[47:0] is not pipelined (PREG=0). Pipelining the DSP48 output will improve performance and often saves power so it is suggested whenever possible to fully pipeline this function.  If this DSP48 function was inferred, it is suggested to describe an additional register stage after this function.  If the DSP48 was instantiated in the design, it is suggested to set the PREG attribute to 1.
Related violations: <none>

DPOP-3#15 Warning
PREG Output pipelining  
DSP gpgpu_system_i/gpgpu_scheduler_0/inst/Block_entry_cu_regs_0_wr_proc_U0/grp_compute_pipeline6_fu_230/grp_executeOneWarp7_fu_284/grp_executeALU_fu_1840/fadd_32ns_32ns_32_8_full_dsp_1_U278/riscv_gpgpu_hls_gpgpu_scheduler_fadd_32ns_32ns_32_8_full_dsp_1_ip_u/U0/i_synth/ADDSUB_OP.ADDSUB/DSP.OP/DSP48E1_BODY.NORM_RND/FULL_USAGE_DSP.SHIFT_RND/i_no_versal_es1_workaround.DSP output gpgpu_system_i/gpgpu_scheduler_0/inst/Block_entry_cu_regs_0_wr_proc_U0/grp_compute_pipeline6_fu_230/grp_executeOneWarp7_fu_284/grp_executeALU_fu_1840/fadd_32ns_32ns_32_8_full_dsp_1_U278/riscv_gpgpu_hls_gpgpu_scheduler_fadd_32ns_32ns_32_8_full_dsp_1_ip_u/U0/i_synth/ADDSUB_OP.ADDSUB/DSP.OP/DSP48E1_BODY.NORM_RND/FULL_USAGE_DSP.SHIFT_RND/i_no_versal_es1_workaround.DSP/P[47:0] is not pipelined (PREG=0). Pipelining the DSP48 output will improve performance and often saves power so it is suggested whenever possible to fully pipeline this function.  If this DSP48 function was inferred, it is suggested to describe an additional register stage after this function.  If the DSP48 was instantiated in the design, it is suggested to set the PREG attribute to 1.
Related violations: <none>

DPOP-3#16 Warning
PREG Output pipelining  
DSP gpgpu_system_i/gpgpu_scheduler_0/inst/Block_entry_cu_regs_0_wr_proc_U0/grp_compute_pipeline6_fu_230/grp_executeOneWarp7_fu_284/grp_executeALU_fu_1840/fadd_32ns_32ns_32_8_full_dsp_1_U279/riscv_gpgpu_hls_gpgpu_scheduler_fadd_32ns_32ns_32_8_full_dsp_1_ip_u/U0/i_synth/ADDSUB_OP.ADDSUB/DSP.OP/DSP48E1_BODY.ALIGN_ADD/DSP2/i_no_versal_es1_workaround.DSP output gpgpu_system_i/gpgpu_scheduler_0/inst/Block_entry_cu_regs_0_wr_proc_U0/grp_compute_pipeline6_fu_230/grp_executeOneWarp7_fu_284/grp_executeALU_fu_1840/fadd_32ns_32ns_32_8_full_dsp_1_U279/riscv_gpgpu_hls_gpgpu_scheduler_fadd_32ns_32ns_32_8_full_dsp_1_ip_u/U0/i_synth/ADDSUB_OP.ADDSUB/DSP.OP/DSP48E1_BODY.ALIGN_ADD/DSP2/i_no_versal_es1_workaround.DSP/PATTERNDETECT is not pipelined (PREG=0). Pipelining the DSP48 output will improve performance and often saves power so it is suggested whenever possible to fully pipeline this function.  If this DSP48 function was inferred, it is suggested to describe an additional register stage after this function.  If the DSP48 was instantiated in the design, it is suggested to set the PREG attribute to 1.
Related violations: <none>

DPOP-3#17 Warning
PREG Output pipelining  
DSP gpgpu_system_i/gpgpu_scheduler_0/inst/Block_entry_cu_regs_0_wr_proc_U0/grp_compute_pipeline6_fu_230/grp_executeOneWarp7_fu_284/grp_executeALU_fu_1840/fadd_32ns_32ns_32_8_full_dsp_1_U279/riscv_gpgpu_hls_gpgpu_scheduler_fadd_32ns_32ns_32_8_full_dsp_1_ip_u/U0/i_synth/ADDSUB_OP.ADDSUB/DSP.OP/DSP48E1_BODY.ALIGN_ADD/DSP2/i_no_versal_es1_workaround.DSP output gpgpu_system_i/gpgpu_scheduler_0/inst/Block_entry_cu_regs_0_wr_proc_U0/grp_compute_pipeline6_fu_230/grp_executeOneWarp7_fu_284/grp_executeALU_fu_1840/fadd_32ns_32ns_32_8_full_dsp_1_U279/riscv_gpgpu_hls_gpgpu_scheduler_fadd_32ns_32ns_32_8_full_dsp_1_ip_u/U0/i_synth/ADDSUB_OP.ADDSUB/DSP.OP/DSP48E1_BODY.ALIGN_ADD/DSP2/i_no_versal_es1_workaround.DSP/P[47:0] is not pipelined (PREG=0). Pipelining the DSP48 output will improve performance and often saves power so it is suggested whenever possible to fully pipeline this function.  If this DSP48 function was inferred, it is suggested to describe an additional register stage after this function.  If the DSP48 was instantiated in the design, it is suggested to set the PREG attribute to 1.
Related violations: <none>

DPOP-3#18 Warning
PREG Output pipelining  
DSP gpgpu_system_i/gpgpu_scheduler_0/inst/Block_entry_cu_regs_0_wr_proc_U0/grp_compute_pipeline6_fu_230/grp_executeOneWarp7_fu_284/grp_executeALU_fu_1840/fadd_32ns_32ns_32_8_full_dsp_1_U279/riscv_gpgpu_hls_gpgpu_scheduler_fadd_32ns_32ns_32_8_full_dsp_1_ip_u/U0/i_synth/ADDSUB_OP.ADDSUB/DSP.OP/DSP48E1_BODY.NORM_RND/FULL_USAGE_DSP.SHIFT_RND/i_no_versal_es1_workaround.DSP output gpgpu_system_i/gpgpu_scheduler_0/inst/Block_entry_cu_regs_0_wr_proc_U0/grp_compute_pipeline6_fu_230/grp_executeOneWarp7_fu_284/grp_executeALU_fu_1840/fadd_32ns_32ns_32_8_full_dsp_1_U279/riscv_gpgpu_hls_gpgpu_scheduler_fadd_32ns_32ns_32_8_full_dsp_1_ip_u/U0/i_synth/ADDSUB_OP.ADDSUB/DSP.OP/DSP48E1_BODY.NORM_RND/FULL_USAGE_DSP.SHIFT_RND/i_no_versal_es1_workaround.DSP/P[47:0] is not pipelined (PREG=0). Pipelining the DSP48 output will improve performance and often saves power so it is suggested whenever possible to fully pipeline this function.  If this DSP48 function was inferred, it is suggested to describe an additional register stage after this function.  If the DSP48 was instantiated in the design, it is suggested to set the PREG attribute to 1.
Related violations: <none>

DPOP-3#19 Warning
PREG Output pipelining  
DSP gpgpu_system_i/gpgpu_scheduler_0/inst/Block_entry_cu_regs_0_wr_proc_U0/grp_compute_pipeline6_fu_230/grp_executeOneWarp7_fu_284/grp_executeALU_fu_1840/fadd_32ns_32ns_32_8_full_dsp_1_U280/riscv_gpgpu_hls_gpgpu_scheduler_fadd_32ns_32ns_32_8_full_dsp_1_ip_u/U0/i_synth/ADDSUB_OP.ADDSUB/DSP.OP/DSP48E1_BODY.ALIGN_ADD/DSP2/i_no_versal_es1_workaround.DSP output gpgpu_system_i/gpgpu_scheduler_0/inst/Block_entry_cu_regs_0_wr_proc_U0/grp_compute_pipeline6_fu_230/grp_executeOneWarp7_fu_284/grp_executeALU_fu_1840/fadd_32ns_32ns_32_8_full_dsp_1_U280/riscv_gpgpu_hls_gpgpu_scheduler_fadd_32ns_32ns_32_8_full_dsp_1_ip_u/U0/i_synth/ADDSUB_OP.ADDSUB/DSP.OP/DSP48E1_BODY.ALIGN_ADD/DSP2/i_no_versal_es1_workaround.DSP/PATTERNDETECT is not pipelined (PREG=0). Pipelining the DSP48 output will improve performance and often saves power so it is suggested whenever possible to fully pipeline this function.  If this DSP48 function was inferred, it is suggested to describe an additional register stage after this function.  If the DSP48 was instantiated in the design, it is suggested to set the PREG attribute to 1.
Related violations: <none>

DPOP-3#20 Warning
PREG Output pipelining  
DSP gpgpu_system_i/gpgpu_scheduler_0/inst/Block_entry_cu_regs_0_wr_proc_U0/grp_compute_pipeline6_fu_230/grp_executeOneWarp7_fu_284/grp_executeALU_fu_1840/fadd_32ns_32ns_32_8_full_dsp_1_U280/riscv_gpgpu_hls_gpgpu_scheduler_fadd_32ns_32ns_32_8_full_dsp_1_ip_u/U0/i_synth/ADDSUB_OP.ADDSUB/DSP.OP/DSP48E1_BODY.ALIGN_ADD/DSP2/i_no_versal_es1_workaround.DSP output gpgpu_system_i/gpgpu_scheduler_0/inst/Block_entry_cu_regs_0_wr_proc_U0/grp_compute_pipeline6_fu_230/grp_executeOneWarp7_fu_284/grp_executeALU_fu_1840/fadd_32ns_32ns_32_8_full_dsp_1_U280/riscv_gpgpu_hls_gpgpu_scheduler_fadd_32ns_32ns_32_8_full_dsp_1_ip_u/U0/i_synth/ADDSUB_OP.ADDSUB/DSP.OP/DSP48E1_BODY.ALIGN_ADD/DSP2/i_no_versal_es1_workaround.DSP/P[47:0] is not pipelined (PREG=0). Pipelining the DSP48 output will improve performance and often saves power so it is suggested whenever possible to fully pipeline this function.  If this DSP48 function was inferred, it is suggested to describe an additional register stage after this function.  If the DSP48 was instantiated in the design, it is suggested to set the PREG attribute to 1.
Related violations: <none>

DPOP-3#21 Warning
PREG Output pipelining  
DSP gpgpu_system_i/gpgpu_scheduler_0/inst/Block_entry_cu_regs_0_wr_proc_U0/grp_compute_pipeline6_fu_230/grp_executeOneWarp7_fu_284/grp_executeALU_fu_1840/fadd_32ns_32ns_32_8_full_dsp_1_U280/riscv_gpgpu_hls_gpgpu_scheduler_fadd_32ns_32ns_32_8_full_dsp_1_ip_u/U0/i_synth/ADDSUB_OP.ADDSUB/DSP.OP/DSP48E1_BODY.NORM_RND/FULL_USAGE_DSP.SHIFT_RND/i_no_versal_es1_workaround.DSP output gpgpu_system_i/gpgpu_scheduler_0/inst/Block_entry_cu_regs_0_wr_proc_U0/grp_compute_pipeline6_fu_230/grp_executeOneWarp7_fu_284/grp_executeALU_fu_1840/fadd_32ns_32ns_32_8_full_dsp_1_U280/riscv_gpgpu_hls_gpgpu_scheduler_fadd_32ns_32ns_32_8_full_dsp_1_ip_u/U0/i_synth/ADDSUB_OP.ADDSUB/DSP.OP/DSP48E1_BODY.NORM_RND/FULL_USAGE_DSP.SHIFT_RND/i_no_versal_es1_workaround.DSP/P[47:0] is not pipelined (PREG=0). Pipelining the DSP48 output will improve performance and often saves power so it is suggested whenever possible to fully pipeline this function.  If this DSP48 function was inferred, it is suggested to describe an additional register stage after this function.  If the DSP48 was instantiated in the design, it is suggested to set the PREG attribute to 1.
Related violations: <none>

DPOP-3#22 Warning
PREG Output pipelining  
DSP gpgpu_system_i/gpgpu_scheduler_0/inst/Block_entry_cu_regs_0_wr_proc_U0/grp_compute_pipeline6_fu_230/grp_executeOneWarp7_fu_284/grp_executeALU_fu_1840/fadd_32ns_32ns_32_8_full_dsp_1_U281/riscv_gpgpu_hls_gpgpu_scheduler_fadd_32ns_32ns_32_8_full_dsp_1_ip_u/U0/i_synth/ADDSUB_OP.ADDSUB/DSP.OP/DSP48E1_BODY.ALIGN_ADD/DSP2/i_no_versal_es1_workaround.DSP output gpgpu_system_i/gpgpu_scheduler_0/inst/Block_entry_cu_regs_0_wr_proc_U0/grp_compute_pipeline6_fu_230/grp_executeOneWarp7_fu_284/grp_executeALU_fu_1840/fadd_32ns_32ns_32_8_full_dsp_1_U281/riscv_gpgpu_hls_gpgpu_scheduler_fadd_32ns_32ns_32_8_full_dsp_1_ip_u/U0/i_synth/ADDSUB_OP.ADDSUB/DSP.OP/DSP48E1_BODY.ALIGN_ADD/DSP2/i_no_versal_es1_workaround.DSP/PATTERNDETECT is not pipelined (PREG=0). Pipelining the DSP48 output will improve performance and often saves power so it is suggested whenever possible to fully pipeline this function.  If this DSP48 function was inferred, it is suggested to describe an additional register stage after this function.  If the DSP48 was instantiated in the design, it is suggested to set the PREG attribute to 1.
Related violations: <none>

DPOP-3#23 Warning
PREG Output pipelining  
DSP gpgpu_system_i/gpgpu_scheduler_0/inst/Block_entry_cu_regs_0_wr_proc_U0/grp_compute_pipeline6_fu_230/grp_executeOneWarp7_fu_284/grp_executeALU_fu_1840/fadd_32ns_32ns_32_8_full_dsp_1_U281/riscv_gpgpu_hls_gpgpu_scheduler_fadd_32ns_32ns_32_8_full_dsp_1_ip_u/U0/i_synth/ADDSUB_OP.ADDSUB/DSP.OP/DSP48E1_BODY.ALIGN_ADD/DSP2/i_no_versal_es1_workaround.DSP output gpgpu_system_i/gpgpu_scheduler_0/inst/Block_entry_cu_regs_0_wr_proc_U0/grp_compute_pipeline6_fu_230/grp_executeOneWarp7_fu_284/grp_executeALU_fu_1840/fadd_32ns_32ns_32_8_full_dsp_1_U281/riscv_gpgpu_hls_gpgpu_scheduler_fadd_32ns_32ns_32_8_full_dsp_1_ip_u/U0/i_synth/ADDSUB_OP.ADDSUB/DSP.OP/DSP48E1_BODY.ALIGN_ADD/DSP2/i_no_versal_es1_workaround.DSP/P[47:0] is not pipelined (PREG=0). Pipelining the DSP48 output will improve performance and often saves power so it is suggested whenever possible to fully pipeline this function.  If this DSP48 function was inferred, it is suggested to describe an additional register stage after this function.  If the DSP48 was instantiated in the design, it is suggested to set the PREG attribute to 1.
Related violations: <none>

DPOP-3#24 Warning
PREG Output pipelining  
DSP gpgpu_system_i/gpgpu_scheduler_0/inst/Block_entry_cu_regs_0_wr_proc_U0/grp_compute_pipeline6_fu_230/grp_executeOneWarp7_fu_284/grp_executeALU_fu_1840/fadd_32ns_32ns_32_8_full_dsp_1_U281/riscv_gpgpu_hls_gpgpu_scheduler_fadd_32ns_32ns_32_8_full_dsp_1_ip_u/U0/i_synth/ADDSUB_OP.ADDSUB/DSP.OP/DSP48E1_BODY.NORM_RND/FULL_USAGE_DSP.SHIFT_RND/i_no_versal_es1_workaround.DSP output gpgpu_system_i/gpgpu_scheduler_0/inst/Block_entry_cu_regs_0_wr_proc_U0/grp_compute_pipeline6_fu_230/grp_executeOneWarp7_fu_284/grp_executeALU_fu_1840/fadd_32ns_32ns_32_8_full_dsp_1_U281/riscv_gpgpu_hls_gpgpu_scheduler_fadd_32ns_32ns_32_8_full_dsp_1_ip_u/U0/i_synth/ADDSUB_OP.ADDSUB/DSP.OP/DSP48E1_BODY.NORM_RND/FULL_USAGE_DSP.SHIFT_RND/i_no_versal_es1_workaround.DSP/P[47:0] is not pipelined (PREG=0). Pipelining the DSP48 output will improve performance and often saves power so it is suggested whenever possible to fully pipeline this function.  If this DSP48 function was inferred, it is suggested to describe an additional register stage after this function.  If the DSP48 was instantiated in the design, it is suggested to set the PREG attribute to 1.
Related violations: <none>

DPOP-3#25 Warning
PREG Output pipelining  
DSP gpgpu_system_i/gpgpu_scheduler_0/inst/Block_entry_cu_regs_0_wr_proc_U0/grp_compute_pipeline6_fu_230/grp_executeOneWarp7_fu_284/grp_executeALU_fu_1840/fmul_32ns_32ns_32_5_max_dsp_1_U282/riscv_gpgpu_hls_gpgpu_scheduler_fmul_32ns_32ns_32_5_max_dsp_1_ip_u/U0/i_synth/MULT.OP/i_non_prim.MULT/DSP48E1_SPD_SGL_VARIANT.FIX_MULT/DSP1/i_no_versal_es1_workaround.DSP output gpgpu_system_i/gpgpu_scheduler_0/inst/Block_entry_cu_regs_0_wr_proc_U0/grp_compute_pipeline6_fu_230/grp_executeOneWarp7_fu_284/grp_executeALU_fu_1840/fmul_32ns_32ns_32_5_max_dsp_1_U282/riscv_gpgpu_hls_gpgpu_scheduler_fmul_32ns_32ns_32_5_max_dsp_1_ip_u/U0/i_synth/MULT.OP/i_non_prim.MULT/DSP48E1_SPD_SGL_VARIANT.FIX_MULT/DSP1/i_no_versal_es1_workaround.DSP/PATTERNDETECT is not pipelined (PREG=0). Pipelining the DSP48 output will improve performance and often saves power so it is suggested whenever possible to fully pipeline this function.  If this DSP48 function was inferred, it is suggested to describe an additional register stage after this function.  If the DSP48 was instantiated in the design, it is suggested to set the PREG attribute to 1.
Related violations: <none>

DPOP-3#26 Warning
PREG Output pipelining  
DSP gpgpu_system_i/gpgpu_scheduler_0/inst/Block_entry_cu_regs_0_wr_proc_U0/grp_compute_pipeline6_fu_230/grp_executeOneWarp7_fu_284/grp_executeALU_fu_1840/fmul_32ns_32ns_32_5_max_dsp_1_U282/riscv_gpgpu_hls_gpgpu_scheduler_fmul_32ns_32ns_32_5_max_dsp_1_ip_u/U0/i_synth/MULT.OP/i_non_prim.R_AND_R/LAT_OPT.FULL.R_AND_R/DSP48E1_SGL_EXP_IP.OLD_ADD.ADD/i_no_versal_es1_workaround.DSP output gpgpu_system_i/gpgpu_scheduler_0/inst/Block_entry_cu_regs_0_wr_proc_U0/grp_compute_pipeline6_fu_230/grp_executeOneWarp7_fu_284/grp_executeALU_fu_1840/fmul_32ns_32ns_32_5_max_dsp_1_U282/riscv_gpgpu_hls_gpgpu_scheduler_fmul_32ns_32ns_32_5_max_dsp_1_ip_u/U0/i_synth/MULT.OP/i_non_prim.R_AND_R/LAT_OPT.FULL.R_AND_R/DSP48E1_SGL_EXP_IP.OLD_ADD.ADD/i_no_versal_es1_workaround.DSP/CARRYOUT[3:0] is not pipelined (PREG=0). Pipelining the DSP48 output will improve performance and often saves power so it is suggested whenever possible to fully pipeline this function.  If this DSP48 function was inferred, it is suggested to describe an additional register stage after this function.  If the DSP48 was instantiated in the design, it is suggested to set the PREG attribute to 1.
Related violations: <none>

DPOP-3#27 Warning
PREG Output pipelining  
DSP gpgpu_system_i/gpgpu_scheduler_0/inst/Block_entry_cu_regs_0_wr_proc_U0/grp_compute_pipeline6_fu_230/grp_executeOneWarp7_fu_284/grp_executeALU_fu_1840/fmul_32ns_32ns_32_5_max_dsp_1_U282/riscv_gpgpu_hls_gpgpu_scheduler_fmul_32ns_32ns_32_5_max_dsp_1_ip_u/U0/i_synth/MULT.OP/i_non_prim.R_AND_R/LAT_OPT.FULL.R_AND_R/DSP48E1_SGL_EXP_IP.OLD_ADD.ADD/i_no_versal_es1_workaround.DSP output gpgpu_system_i/gpgpu_scheduler_0/inst/Block_entry_cu_regs_0_wr_proc_U0/grp_compute_pipeline6_fu_230/grp_executeOneWarp7_fu_284/grp_executeALU_fu_1840/fmul_32ns_32ns_32_5_max_dsp_1_U282/riscv_gpgpu_hls_gpgpu_scheduler_fmul_32ns_32ns_32_5_max_dsp_1_ip_u/U0/i_synth/MULT.OP/i_non_prim.R_AND_R/LAT_OPT.FULL.R_AND_R/DSP48E1_SGL_EXP_IP.OLD_ADD.ADD/i_no_versal_es1_workaround.DSP/P[47:0] is not pipelined (PREG=0). Pipelining the DSP48 output will improve performance and often saves power so it is suggested whenever possible to fully pipeline this function.  If this DSP48 function was inferred, it is suggested to describe an additional register stage after this function.  If the DSP48 was instantiated in the design, it is suggested to set the PREG attribute to 1.
Related violations: <none>

DPOP-3#28 Warning
PREG Output pipelining  
DSP gpgpu_system_i/gpgpu_scheduler_0/inst/Block_entry_cu_regs_0_wr_proc_U0/grp_compute_pipeline6_fu_230/grp_executeOneWarp7_fu_284/grp_executeALU_fu_1840/fmul_32ns_32ns_32_5_max_dsp_1_U283/riscv_gpgpu_hls_gpgpu_scheduler_fmul_32ns_32ns_32_5_max_dsp_1_ip_u/U0/i_synth/MULT.OP/i_non_prim.MULT/DSP48E1_SPD_SGL_VARIANT.FIX_MULT/DSP1/i_no_versal_es1_workaround.DSP output gpgpu_system_i/gpgpu_scheduler_0/inst/Block_entry_cu_regs_0_wr_proc_U0/grp_compute_pipeline6_fu_230/grp_executeOneWarp7_fu_284/grp_executeALU_fu_1840/fmul_32ns_32ns_32_5_max_dsp_1_U283/riscv_gpgpu_hls_gpgpu_scheduler_fmul_32ns_32ns_32_5_max_dsp_1_ip_u/U0/i_synth/MULT.OP/i_non_prim.MULT/DSP48E1_SPD_SGL_VARIANT.FIX_MULT/DSP1/i_no_versal_es1_workaround.DSP/PATTERNDETECT is not pipelined (PREG=0). Pipelining the DSP48 output will improve performance and often saves power so it is suggested whenever possible to fully pipeline this function.  If this DSP48 function was inferred, it is suggested to describe an additional register stage after this function.  If the DSP48 was instantiated in the design, it is suggested to set the PREG attribute to 1.
Related violations: <none>

DPOP-3#29 Warning
PREG Output pipelining  
DSP gpgpu_system_i/gpgpu_scheduler_0/inst/Block_entry_cu_regs_0_wr_proc_U0/grp_compute_pipeline6_fu_230/grp_executeOneWarp7_fu_284/grp_executeALU_fu_1840/fmul_32ns_32ns_32_5_max_dsp_1_U283/riscv_gpgpu_hls_gpgpu_scheduler_fmul_32ns_32ns_32_5_max_dsp_1_ip_u/U0/i_synth/MULT.OP/i_non_prim.R_AND_R/LAT_OPT.FULL.R_AND_R/DSP48E1_SGL_EXP_IP.OLD_ADD.ADD/i_no_versal_es1_workaround.DSP output gpgpu_system_i/gpgpu_scheduler_0/inst/Block_entry_cu_regs_0_wr_proc_U0/grp_compute_pipeline6_fu_230/grp_executeOneWarp7_fu_284/grp_executeALU_fu_1840/fmul_32ns_32ns_32_5_max_dsp_1_U283/riscv_gpgpu_hls_gpgpu_scheduler_fmul_32ns_32ns_32_5_max_dsp_1_ip_u/U0/i_synth/MULT.OP/i_non_prim.R_AND_R/LAT_OPT.FULL.R_AND_R/DSP48E1_SGL_EXP_IP.OLD_ADD.ADD/i_no_versal_es1_workaround.DSP/CARRYOUT[3:0] is not pipelined (PREG=0). Pipelining the DSP48 output will improve performance and often saves power so it is suggested whenever possible to fully pipeline this function.  If this DSP48 function was inferred, it is suggested to describe an additional register stage after this function.  If the DSP48 was instantiated in the design, it is suggested to set the PREG attribute to 1.
Related violations: <none>

DPOP-3#30 Warning
PREG Output pipelining  
DSP gpgpu_system_i/gpgpu_scheduler_0/inst/Block_entry_cu_regs_0_wr_proc_U0/grp_compute_pipeline6_fu_230/grp_executeOneWarp7_fu_284/grp_executeALU_fu_1840/fmul_32ns_32ns_32_5_max_dsp_1_U283/riscv_gpgpu_hls_gpgpu_scheduler_fmul_32ns_32ns_32_5_max_dsp_1_ip_u/U0/i_synth/MULT.OP/i_non_prim.R_AND_R/LAT_OPT.FULL.R_AND_R/DSP48E1_SGL_EXP_IP.OLD_ADD.ADD/i_no_versal_es1_workaround.DSP output gpgpu_system_i/gpgpu_scheduler_0/inst/Block_entry_cu_regs_0_wr_proc_U0/grp_compute_pipeline6_fu_230/grp_executeOneWarp7_fu_284/grp_executeALU_fu_1840/fmul_32ns_32ns_32_5_max_dsp_1_U283/riscv_gpgpu_hls_gpgpu_scheduler_fmul_32ns_32ns_32_5_max_dsp_1_ip_u/U0/i_synth/MULT.OP/i_non_prim.R_AND_R/LAT_OPT.FULL.R_AND_R/DSP48E1_SGL_EXP_IP.OLD_ADD.ADD/i_no_versal_es1_workaround.DSP/P[47:0] is not pipelined (PREG=0). Pipelining the DSP48 output will improve performance and often saves power so it is suggested whenever possible to fully pipeline this function.  If this DSP48 function was inferred, it is suggested to describe an additional register stage after this function.  If the DSP48 was instantiated in the design, it is suggested to set the PREG attribute to 1.
Related violations: <none>

DPOP-3#31 Warning
PREG Output pipelining  
DSP gpgpu_system_i/gpgpu_scheduler_0/inst/Block_entry_cu_regs_0_wr_proc_U0/grp_compute_pipeline6_fu_230/grp_executeOneWarp7_fu_284/grp_executeALU_fu_1840/fmul_32ns_32ns_32_5_max_dsp_1_U284/riscv_gpgpu_hls_gpgpu_scheduler_fmul_32ns_32ns_32_5_max_dsp_1_ip_u/U0/i_synth/MULT.OP/i_non_prim.MULT/DSP48E1_SPD_SGL_VARIANT.FIX_MULT/DSP1/i_no_versal_es1_workaround.DSP output gpgpu_system_i/gpgpu_scheduler_0/inst/Block_entry_cu_regs_0_wr_proc_U0/grp_compute_pipeline6_fu_230/grp_executeOneWarp7_fu_284/grp_executeALU_fu_1840/fmul_32ns_32ns_32_5_max_dsp_1_U284/riscv_gpgpu_hls_gpgpu_scheduler_fmul_32ns_32ns_32_5_max_dsp_1_ip_u/U0/i_synth/MULT.OP/i_non_prim.MULT/DSP48E1_SPD_SGL_VARIANT.FIX_MULT/DSP1/i_no_versal_es1_workaround.DSP/PATTERNDETECT is not pipelined (PREG=0). Pipelining the DSP48 output will improve performance and often saves power so it is suggested whenever possible to fully pipeline this function.  If this DSP48 function was inferred, it is suggested to describe an additional register stage after this function.  If the DSP48 was instantiated in the design, it is suggested to set the PREG attribute to 1.
Related violations: <none>

DPOP-3#32 Warning
PREG Output pipelining  
DSP gpgpu_system_i/gpgpu_scheduler_0/inst/Block_entry_cu_regs_0_wr_proc_U0/grp_compute_pipeline6_fu_230/grp_executeOneWarp7_fu_284/grp_executeALU_fu_1840/fmul_32ns_32ns_32_5_max_dsp_1_U284/riscv_gpgpu_hls_gpgpu_scheduler_fmul_32ns_32ns_32_5_max_dsp_1_ip_u/U0/i_synth/MULT.OP/i_non_prim.R_AND_R/LAT_OPT.FULL.R_AND_R/DSP48E1_SGL_EXP_IP.OLD_ADD.ADD/i_no_versal_es1_workaround.DSP output gpgpu_system_i/gpgpu_scheduler_0/inst/Block_entry_cu_regs_0_wr_proc_U0/grp_compute_pipeline6_fu_230/grp_executeOneWarp7_fu_284/grp_executeALU_fu_1840/fmul_32ns_32ns_32_5_max_dsp_1_U284/riscv_gpgpu_hls_gpgpu_scheduler_fmul_32ns_32ns_32_5_max_dsp_1_ip_u/U0/i_synth/MULT.OP/i_non_prim.R_AND_R/LAT_OPT.FULL.R_AND_R/DSP48E1_SGL_EXP_IP.OLD_ADD.ADD/i_no_versal_es1_workaround.DSP/CARRYOUT[3:0] is not pipelined (PREG=0). Pipelining the DSP48 output will improve performance and often saves power so it is suggested whenever possible to fully pipeline this function.  If this DSP48 function was inferred, it is suggested to describe an additional register stage after this function.  If the DSP48 was instantiated in the design, it is suggested to set the PREG attribute to 1.
Related violations: <none>

DPOP-3#33 Warning
PREG Output pipelining  
DSP gpgpu_system_i/gpgpu_scheduler_0/inst/Block_entry_cu_regs_0_wr_proc_U0/grp_compute_pipeline6_fu_230/grp_executeOneWarp7_fu_284/grp_executeALU_fu_1840/fmul_32ns_32ns_32_5_max_dsp_1_U284/riscv_gpgpu_hls_gpgpu_scheduler_fmul_32ns_32ns_32_5_max_dsp_1_ip_u/U0/i_synth/MULT.OP/i_non_prim.R_AND_R/LAT_OPT.FULL.R_AND_R/DSP48E1_SGL_EXP_IP.OLD_ADD.ADD/i_no_versal_es1_workaround.DSP output gpgpu_system_i/gpgpu_scheduler_0/inst/Block_entry_cu_regs_0_wr_proc_U0/grp_compute_pipeline6_fu_230/grp_executeOneWarp7_fu_284/grp_executeALU_fu_1840/fmul_32ns_32ns_32_5_max_dsp_1_U284/riscv_gpgpu_hls_gpgpu_scheduler_fmul_32ns_32ns_32_5_max_dsp_1_ip_u/U0/i_synth/MULT.OP/i_non_prim.R_AND_R/LAT_OPT.FULL.R_AND_R/DSP48E1_SGL_EXP_IP.OLD_ADD.ADD/i_no_versal_es1_workaround.DSP/P[47:0] is not pipelined (PREG=0). Pipelining the DSP48 output will improve performance and often saves power so it is suggested whenever possible to fully pipeline this function.  If this DSP48 function was inferred, it is suggested to describe an additional register stage after this function.  If the DSP48 was instantiated in the design, it is suggested to set the PREG attribute to 1.
Related violations: <none>

DPOP-3#34 Warning
PREG Output pipelining  
DSP gpgpu_system_i/gpgpu_scheduler_0/inst/Block_entry_cu_regs_0_wr_proc_U0/grp_compute_pipeline6_fu_230/grp_executeOneWarp7_fu_284/grp_executeALU_fu_1840/fmul_32ns_32ns_32_5_max_dsp_1_U285/riscv_gpgpu_hls_gpgpu_scheduler_fmul_32ns_32ns_32_5_max_dsp_1_ip_u/U0/i_synth/MULT.OP/i_non_prim.MULT/DSP48E1_SPD_SGL_VARIANT.FIX_MULT/DSP1/i_no_versal_es1_workaround.DSP output gpgpu_system_i/gpgpu_scheduler_0/inst/Block_entry_cu_regs_0_wr_proc_U0/grp_compute_pipeline6_fu_230/grp_executeOneWarp7_fu_284/grp_executeALU_fu_1840/fmul_32ns_32ns_32_5_max_dsp_1_U285/riscv_gpgpu_hls_gpgpu_scheduler_fmul_32ns_32ns_32_5_max_dsp_1_ip_u/U0/i_synth/MULT.OP/i_non_prim.MULT/DSP48E1_SPD_SGL_VARIANT.FIX_MULT/DSP1/i_no_versal_es1_workaround.DSP/PATTERNDETECT is not pipelined (PREG=0). Pipelining the DSP48 output will improve performance and often saves power so it is suggested whenever possible to fully pipeline this function.  If this DSP48 function was inferred, it is suggested to describe an additional register stage after this function.  If the DSP48 was instantiated in the design, it is suggested to set the PREG attribute to 1.
Related violations: <none>

DPOP-3#35 Warning
PREG Output pipelining  
DSP gpgpu_system_i/gpgpu_scheduler_0/inst/Block_entry_cu_regs_0_wr_proc_U0/grp_compute_pipeline6_fu_230/grp_executeOneWarp7_fu_284/grp_executeALU_fu_1840/fmul_32ns_32ns_32_5_max_dsp_1_U285/riscv_gpgpu_hls_gpgpu_scheduler_fmul_32ns_32ns_32_5_max_dsp_1_ip_u/U0/i_synth/MULT.OP/i_non_prim.R_AND_R/LAT_OPT.FULL.R_AND_R/DSP48E1_SGL_EXP_IP.OLD_ADD.ADD/i_no_versal_es1_workaround.DSP output gpgpu_system_i/gpgpu_scheduler_0/inst/Block_entry_cu_regs_0_wr_proc_U0/grp_compute_pipeline6_fu_230/grp_executeOneWarp7_fu_284/grp_executeALU_fu_1840/fmul_32ns_32ns_32_5_max_dsp_1_U285/riscv_gpgpu_hls_gpgpu_scheduler_fmul_32ns_32ns_32_5_max_dsp_1_ip_u/U0/i_synth/MULT.OP/i_non_prim.R_AND_R/LAT_OPT.FULL.R_AND_R/DSP48E1_SGL_EXP_IP.OLD_ADD.ADD/i_no_versal_es1_workaround.DSP/CARRYOUT[3:0] is not pipelined (PREG=0). Pipelining the DSP48 output will improve performance and often saves power so it is suggested whenever possible to fully pipeline this function.  If this DSP48 function was inferred, it is suggested to describe an additional register stage after this function.  If the DSP48 was instantiated in the design, it is suggested to set the PREG attribute to 1.
Related violations: <none>

DPOP-3#36 Warning
PREG Output pipelining  
DSP gpgpu_system_i/gpgpu_scheduler_0/inst/Block_entry_cu_regs_0_wr_proc_U0/grp_compute_pipeline6_fu_230/grp_executeOneWarp7_fu_284/grp_executeALU_fu_1840/fmul_32ns_32ns_32_5_max_dsp_1_U285/riscv_gpgpu_hls_gpgpu_scheduler_fmul_32ns_32ns_32_5_max_dsp_1_ip_u/U0/i_synth/MULT.OP/i_non_prim.R_AND_R/LAT_OPT.FULL.R_AND_R/DSP48E1_SGL_EXP_IP.OLD_ADD.ADD/i_no_versal_es1_workaround.DSP output gpgpu_system_i/gpgpu_scheduler_0/inst/Block_entry_cu_regs_0_wr_proc_U0/grp_compute_pipeline6_fu_230/grp_executeOneWarp7_fu_284/grp_executeALU_fu_1840/fmul_32ns_32ns_32_5_max_dsp_1_U285/riscv_gpgpu_hls_gpgpu_scheduler_fmul_32ns_32ns_32_5_max_dsp_1_ip_u/U0/i_synth/MULT.OP/i_non_prim.R_AND_R/LAT_OPT.FULL.R_AND_R/DSP48E1_SGL_EXP_IP.OLD_ADD.ADD/i_no_versal_es1_workaround.DSP/P[47:0] is not pipelined (PREG=0). Pipelining the DSP48 output will improve performance and often saves power so it is suggested whenever possible to fully pipeline this function.  If this DSP48 function was inferred, it is suggested to describe an additional register stage after this function.  If the DSP48 was instantiated in the design, it is suggested to set the PREG attribute to 1.
Related violations: <none>

DPOP-3#37 Warning
PREG Output pipelining  
DSP gpgpu_system_i/gpgpu_scheduler_0/inst/Block_entry_cu_regs_0_wr_proc_U0/grp_compute_pipeline6_fu_230/grp_executeOneWarp7_fu_284/grp_executeALU_fu_1840/fmul_32ns_32ns_32_5_max_dsp_1_U286/riscv_gpgpu_hls_gpgpu_scheduler_fmul_32ns_32ns_32_5_max_dsp_1_ip_u/U0/i_synth/MULT.OP/i_non_prim.MULT/DSP48E1_SPD_SGL_VARIANT.FIX_MULT/DSP1/i_no_versal_es1_workaround.DSP output gpgpu_system_i/gpgpu_scheduler_0/inst/Block_entry_cu_regs_0_wr_proc_U0/grp_compute_pipeline6_fu_230/grp_executeOneWarp7_fu_284/grp_executeALU_fu_1840/fmul_32ns_32ns_32_5_max_dsp_1_U286/riscv_gpgpu_hls_gpgpu_scheduler_fmul_32ns_32ns_32_5_max_dsp_1_ip_u/U0/i_synth/MULT.OP/i_non_prim.MULT/DSP48E1_SPD_SGL_VARIANT.FIX_MULT/DSP1/i_no_versal_es1_workaround.DSP/PATTERNDETECT is not pipelined (PREG=0). Pipelining the DSP48 output will improve performance and often saves power so it is suggested whenever possible to fully pipeline this function.  If this DSP48 function was inferred, it is suggested to describe an additional register stage after this function.  If the DSP48 was instantiated in the design, it is suggested to set the PREG attribute to 1.
Related violations: <none>

DPOP-3#38 Warning
PREG Output pipelining  
DSP gpgpu_system_i/gpgpu_scheduler_0/inst/Block_entry_cu_regs_0_wr_proc_U0/grp_compute_pipeline6_fu_230/grp_executeOneWarp7_fu_284/grp_executeALU_fu_1840/fmul_32ns_32ns_32_5_max_dsp_1_U286/riscv_gpgpu_hls_gpgpu_scheduler_fmul_32ns_32ns_32_5_max_dsp_1_ip_u/U0/i_synth/MULT.OP/i_non_prim.R_AND_R/LAT_OPT.FULL.R_AND_R/DSP48E1_SGL_EXP_IP.OLD_ADD.ADD/i_no_versal_es1_workaround.DSP output gpgpu_system_i/gpgpu_scheduler_0/inst/Block_entry_cu_regs_0_wr_proc_U0/grp_compute_pipeline6_fu_230/grp_executeOneWarp7_fu_284/grp_executeALU_fu_1840/fmul_32ns_32ns_32_5_max_dsp_1_U286/riscv_gpgpu_hls_gpgpu_scheduler_fmul_32ns_32ns_32_5_max_dsp_1_ip_u/U0/i_synth/MULT.OP/i_non_prim.R_AND_R/LAT_OPT.FULL.R_AND_R/DSP48E1_SGL_EXP_IP.OLD_ADD.ADD/i_no_versal_es1_workaround.DSP/CARRYOUT[3:0] is not pipelined (PREG=0). Pipelining the DSP48 output will improve performance and often saves power so it is suggested whenever possible to fully pipeline this function.  If this DSP48 function was inferred, it is suggested to describe an additional register stage after this function.  If the DSP48 was instantiated in the design, it is suggested to set the PREG attribute to 1.
Related violations: <none>

DPOP-3#39 Warning
PREG Output pipelining  
DSP gpgpu_system_i/gpgpu_scheduler_0/inst/Block_entry_cu_regs_0_wr_proc_U0/grp_compute_pipeline6_fu_230/grp_executeOneWarp7_fu_284/grp_executeALU_fu_1840/fmul_32ns_32ns_32_5_max_dsp_1_U286/riscv_gpgpu_hls_gpgpu_scheduler_fmul_32ns_32ns_32_5_max_dsp_1_ip_u/U0/i_synth/MULT.OP/i_non_prim.R_AND_R/LAT_OPT.FULL.R_AND_R/DSP48E1_SGL_EXP_IP.OLD_ADD.ADD/i_no_versal_es1_workaround.DSP output gpgpu_system_i/gpgpu_scheduler_0/inst/Block_entry_cu_regs_0_wr_proc_U0/grp_compute_pipeline6_fu_230/grp_executeOneWarp7_fu_284/grp_executeALU_fu_1840/fmul_32ns_32ns_32_5_max_dsp_1_U286/riscv_gpgpu_hls_gpgpu_scheduler_fmul_32ns_32ns_32_5_max_dsp_1_ip_u/U0/i_synth/MULT.OP/i_non_prim.R_AND_R/LAT_OPT.FULL.R_AND_R/DSP48E1_SGL_EXP_IP.OLD_ADD.ADD/i_no_versal_es1_workaround.DSP/P[47:0] is not pipelined (PREG=0). Pipelining the DSP48 output will improve performance and often saves power so it is suggested whenever possible to fully pipeline this function.  If this DSP48 function was inferred, it is suggested to describe an additional register stage after this function.  If the DSP48 was instantiated in the design, it is suggested to set the PREG attribute to 1.
Related violations: <none>

DPOP-4#1 Warning
MREG Output pipelining  
DSP gpgpu_system_i/gpgpu_scheduler_0/inst/Block_entry_cu_regs_0_wr_proc_U0/grp_compute_pipeline6_fu_230/grp_executeOneWarp7_fu_284/grp_executeALU_fu_1840/fmul_32ns_32ns_32_5_max_dsp_1_U282/riscv_gpgpu_hls_gpgpu_scheduler_fmul_32ns_32ns_32_5_max_dsp_1_ip_u/U0/i_synth/MULT.OP/i_non_prim.MULT/DSP48E1_SPD_SGL_VARIANT.FIX_MULT/DSP2/i_no_versal_es1_workaround.DSP multiplier stage gpgpu_system_i/gpgpu_scheduler_0/inst/Block_entry_cu_regs_0_wr_proc_U0/grp_compute_pipeline6_fu_230/grp_executeOneWarp7_fu_284/grp_executeALU_fu_1840/fmul_32ns_32ns_32_5_max_dsp_1_U282/riscv_gpgpu_hls_gpgpu_scheduler_fmul_32ns_32ns_32_5_max_dsp_1_ip_u/U0/i_synth/MULT.OP/i_non_prim.MULT/DSP48E1_SPD_SGL_VARIANT.FIX_MULT/DSP2/i_no_versal_es1_workaround.DSP/PATTERNDETECT is not pipelined (MREG=0). Pipelining the multiplier function will improve performance and will save significant power so it is suggested whenever possible to fully pipeline this function.  If this multiplier was inferred, it is suggested to describe an additional register stage after this function.  If there is no registered adder/accumulator following the multiply function, two pipeline stages are suggested to allow both the MREG and PREG registers to be used.  If the DSP48 was instantiated in the design, it is suggested to set both the MREG and PREG attributes to 1 when performing multiply functions.
Related violations: <none>

DPOP-4#2 Warning
MREG Output pipelining  
DSP gpgpu_system_i/gpgpu_scheduler_0/inst/Block_entry_cu_regs_0_wr_proc_U0/grp_compute_pipeline6_fu_230/grp_executeOneWarp7_fu_284/grp_executeALU_fu_1840/fmul_32ns_32ns_32_5_max_dsp_1_U282/riscv_gpgpu_hls_gpgpu_scheduler_fmul_32ns_32ns_32_5_max_dsp_1_ip_u/U0/i_synth/MULT.OP/i_non_prim.MULT/DSP48E1_SPD_SGL_VARIANT.FIX_MULT/DSP2/i_no_versal_es1_workaround.DSP multiplier stage gpgpu_system_i/gpgpu_scheduler_0/inst/Block_entry_cu_regs_0_wr_proc_U0/grp_compute_pipeline6_fu_230/grp_executeOneWarp7_fu_284/grp_executeALU_fu_1840/fmul_32ns_32ns_32_5_max_dsp_1_U282/riscv_gpgpu_hls_gpgpu_scheduler_fmul_32ns_32ns_32_5_max_dsp_1_ip_u/U0/i_synth/MULT.OP/i_non_prim.MULT/DSP48E1_SPD_SGL_VARIANT.FIX_MULT/DSP2/i_no_versal_es1_workaround.DSP/P[47:0] is not pipelined (MREG=0). Pipelining the multiplier function will improve performance and will save significant power so it is suggested whenever possible to fully pipeline this function.  If this multiplier was inferred, it is suggested to describe an additional register stage after this function.  If there is no registered adder/accumulator following the multiply function, two pipeline stages are suggested to allow both the MREG and PREG registers to be used.  If the DSP48 was instantiated in the design, it is suggested to set both the MREG and PREG attributes to 1 when performing multiply functions.
Related violations: <none>

DPOP-4#3 Warning
MREG Output pipelining  
DSP gpgpu_system_i/gpgpu_scheduler_0/inst/Block_entry_cu_regs_0_wr_proc_U0/grp_compute_pipeline6_fu_230/grp_executeOneWarp7_fu_284/grp_executeALU_fu_1840/fmul_32ns_32ns_32_5_max_dsp_1_U283/riscv_gpgpu_hls_gpgpu_scheduler_fmul_32ns_32ns_32_5_max_dsp_1_ip_u/U0/i_synth/MULT.OP/i_non_prim.MULT/DSP48E1_SPD_SGL_VARIANT.FIX_MULT/DSP2/i_no_versal_es1_workaround.DSP multiplier stage gpgpu_system_i/gpgpu_scheduler_0/inst/Block_entry_cu_regs_0_wr_proc_U0/grp_compute_pipeline6_fu_230/grp_executeOneWarp7_fu_284/grp_executeALU_fu_1840/fmul_32ns_32ns_32_5_max_dsp_1_U283/riscv_gpgpu_hls_gpgpu_scheduler_fmul_32ns_32ns_32_5_max_dsp_1_ip_u/U0/i_synth/MULT.OP/i_non_prim.MULT/DSP48E1_SPD_SGL_VARIANT.FIX_MULT/DSP2/i_no_versal_es1_workaround.DSP/PATTERNDETECT is not pipelined (MREG=0). Pipelining the multiplier function will improve performance and will save significant power so it is suggested whenever possible to fully pipeline this function.  If this multiplier was inferred, it is suggested to describe an additional register stage after this function.  If there is no registered adder/accumulator following the multiply function, two pipeline stages are suggested to allow both the MREG and PREG registers to be used.  If the DSP48 was instantiated in the design, it is suggested to set both the MREG and PREG attributes to 1 when performing multiply functions.
Related violations: <none>

DPOP-4#4 Warning
MREG Output pipelining  
DSP gpgpu_system_i/gpgpu_scheduler_0/inst/Block_entry_cu_regs_0_wr_proc_U0/grp_compute_pipeline6_fu_230/grp_executeOneWarp7_fu_284/grp_executeALU_fu_1840/fmul_32ns_32ns_32_5_max_dsp_1_U283/riscv_gpgpu_hls_gpgpu_scheduler_fmul_32ns_32ns_32_5_max_dsp_1_ip_u/U0/i_synth/MULT.OP/i_non_prim.MULT/DSP48E1_SPD_SGL_VARIANT.FIX_MULT/DSP2/i_no_versal_es1_workaround.DSP multiplier stage gpgpu_system_i/gpgpu_scheduler_0/inst/Block_entry_cu_regs_0_wr_proc_U0/grp_compute_pipeline6_fu_230/grp_executeOneWarp7_fu_284/grp_executeALU_fu_1840/fmul_32ns_32ns_32_5_max_dsp_1_U283/riscv_gpgpu_hls_gpgpu_scheduler_fmul_32ns_32ns_32_5_max_dsp_1_ip_u/U0/i_synth/MULT.OP/i_non_prim.MULT/DSP48E1_SPD_SGL_VARIANT.FIX_MULT/DSP2/i_no_versal_es1_workaround.DSP/P[47:0] is not pipelined (MREG=0). Pipelining the multiplier function will improve performance and will save significant power so it is suggested whenever possible to fully pipeline this function.  If this multiplier was inferred, it is suggested to describe an additional register stage after this function.  If there is no registered adder/accumulator following the multiply function, two pipeline stages are suggested to allow both the MREG and PREG registers to be used.  If the DSP48 was instantiated in the design, it is suggested to set both the MREG and PREG attributes to 1 when performing multiply functions.
Related violations: <none>

DPOP-4#5 Warning
MREG Output pipelining  
DSP gpgpu_system_i/gpgpu_scheduler_0/inst/Block_entry_cu_regs_0_wr_proc_U0/grp_compute_pipeline6_fu_230/grp_executeOneWarp7_fu_284/grp_executeALU_fu_1840/fmul_32ns_32ns_32_5_max_dsp_1_U284/riscv_gpgpu_hls_gpgpu_scheduler_fmul_32ns_32ns_32_5_max_dsp_1_ip_u/U0/i_synth/MULT.OP/i_non_prim.MULT/DSP48E1_SPD_SGL_VARIANT.FIX_MULT/DSP2/i_no_versal_es1_workaround.DSP multiplier stage gpgpu_system_i/gpgpu_scheduler_0/inst/Block_entry_cu_regs_0_wr_proc_U0/grp_compute_pipeline6_fu_230/grp_executeOneWarp7_fu_284/grp_executeALU_fu_1840/fmul_32ns_32ns_32_5_max_dsp_1_U284/riscv_gpgpu_hls_gpgpu_scheduler_fmul_32ns_32ns_32_5_max_dsp_1_ip_u/U0/i_synth/MULT.OP/i_non_prim.MULT/DSP48E1_SPD_SGL_VARIANT.FIX_MULT/DSP2/i_no_versal_es1_workaround.DSP/PATTERNDETECT is not pipelined (MREG=0). Pipelining the multiplier function will improve performance and will save significant power so it is suggested whenever possible to fully pipeline this function.  If this multiplier was inferred, it is suggested to describe an additional register stage after this function.  If there is no registered adder/accumulator following the multiply function, two pipeline stages are suggested to allow both the MREG and PREG registers to be used.  If the DSP48 was instantiated in the design, it is suggested to set both the MREG and PREG attributes to 1 when performing multiply functions.
Related violations: <none>

DPOP-4#6 Warning
MREG Output pipelining  
DSP gpgpu_system_i/gpgpu_scheduler_0/inst/Block_entry_cu_regs_0_wr_proc_U0/grp_compute_pipeline6_fu_230/grp_executeOneWarp7_fu_284/grp_executeALU_fu_1840/fmul_32ns_32ns_32_5_max_dsp_1_U284/riscv_gpgpu_hls_gpgpu_scheduler_fmul_32ns_32ns_32_5_max_dsp_1_ip_u/U0/i_synth/MULT.OP/i_non_prim.MULT/DSP48E1_SPD_SGL_VARIANT.FIX_MULT/DSP2/i_no_versal_es1_workaround.DSP multiplier stage gpgpu_system_i/gpgpu_scheduler_0/inst/Block_entry_cu_regs_0_wr_proc_U0/grp_compute_pipeline6_fu_230/grp_executeOneWarp7_fu_284/grp_executeALU_fu_1840/fmul_32ns_32ns_32_5_max_dsp_1_U284/riscv_gpgpu_hls_gpgpu_scheduler_fmul_32ns_32ns_32_5_max_dsp_1_ip_u/U0/i_synth/MULT.OP/i_non_prim.MULT/DSP48E1_SPD_SGL_VARIANT.FIX_MULT/DSP2/i_no_versal_es1_workaround.DSP/P[47:0] is not pipelined (MREG=0). Pipelining the multiplier function will improve performance and will save significant power so it is suggested whenever possible to fully pipeline this function.  If this multiplier was inferred, it is suggested to describe an additional register stage after this function.  If there is no registered adder/accumulator following the multiply function, two pipeline stages are suggested to allow both the MREG and PREG registers to be used.  If the DSP48 was instantiated in the design, it is suggested to set both the MREG and PREG attributes to 1 when performing multiply functions.
Related violations: <none>

DPOP-4#7 Warning
MREG Output pipelining  
DSP gpgpu_system_i/gpgpu_scheduler_0/inst/Block_entry_cu_regs_0_wr_proc_U0/grp_compute_pipeline6_fu_230/grp_executeOneWarp7_fu_284/grp_executeALU_fu_1840/fmul_32ns_32ns_32_5_max_dsp_1_U285/riscv_gpgpu_hls_gpgpu_scheduler_fmul_32ns_32ns_32_5_max_dsp_1_ip_u/U0/i_synth/MULT.OP/i_non_prim.MULT/DSP48E1_SPD_SGL_VARIANT.FIX_MULT/DSP2/i_no_versal_es1_workaround.DSP multiplier stage gpgpu_system_i/gpgpu_scheduler_0/inst/Block_entry_cu_regs_0_wr_proc_U0/grp_compute_pipeline6_fu_230/grp_executeOneWarp7_fu_284/grp_executeALU_fu_1840/fmul_32ns_32ns_32_5_max_dsp_1_U285/riscv_gpgpu_hls_gpgpu_scheduler_fmul_32ns_32ns_32_5_max_dsp_1_ip_u/U0/i_synth/MULT.OP/i_non_prim.MULT/DSP48E1_SPD_SGL_VARIANT.FIX_MULT/DSP2/i_no_versal_es1_workaround.DSP/PATTERNDETECT is not pipelined (MREG=0). Pipelining the multiplier function will improve performance and will save significant power so it is suggested whenever possible to fully pipeline this function.  If this multiplier was inferred, it is suggested to describe an additional register stage after this function.  If there is no registered adder/accumulator following the multiply function, two pipeline stages are suggested to allow both the MREG and PREG registers to be used.  If the DSP48 was instantiated in the design, it is suggested to set both the MREG and PREG attributes to 1 when performing multiply functions.
Related violations: <none>

DPOP-4#8 Warning
MREG Output pipelining  
DSP gpgpu_system_i/gpgpu_scheduler_0/inst/Block_entry_cu_regs_0_wr_proc_U0/grp_compute_pipeline6_fu_230/grp_executeOneWarp7_fu_284/grp_executeALU_fu_1840/fmul_32ns_32ns_32_5_max_dsp_1_U285/riscv_gpgpu_hls_gpgpu_scheduler_fmul_32ns_32ns_32_5_max_dsp_1_ip_u/U0/i_synth/MULT.OP/i_non_prim.MULT/DSP48E1_SPD_SGL_VARIANT.FIX_MULT/DSP2/i_no_versal_es1_workaround.DSP multiplier stage gpgpu_system_i/gpgpu_scheduler_0/inst/Block_entry_cu_regs_0_wr_proc_U0/grp_compute_pipeline6_fu_230/grp_executeOneWarp7_fu_284/grp_executeALU_fu_1840/fmul_32ns_32ns_32_5_max_dsp_1_U285/riscv_gpgpu_hls_gpgpu_scheduler_fmul_32ns_32ns_32_5_max_dsp_1_ip_u/U0/i_synth/MULT.OP/i_non_prim.MULT/DSP48E1_SPD_SGL_VARIANT.FIX_MULT/DSP2/i_no_versal_es1_workaround.DSP/P[47:0] is not pipelined (MREG=0). Pipelining the multiplier function will improve performance and will save significant power so it is suggested whenever possible to fully pipeline this function.  If this multiplier was inferred, it is suggested to describe an additional register stage after this function.  If there is no registered adder/accumulator following the multiply function, two pipeline stages are suggested to allow both the MREG and PREG registers to be used.  If the DSP48 was instantiated in the design, it is suggested to set both the MREG and PREG attributes to 1 when performing multiply functions.
Related violations: <none>

DPOP-4#9 Warning
MREG Output pipelining  
DSP gpgpu_system_i/gpgpu_scheduler_0/inst/Block_entry_cu_regs_0_wr_proc_U0/grp_compute_pipeline6_fu_230/grp_executeOneWarp7_fu_284/grp_executeALU_fu_1840/fmul_32ns_32ns_32_5_max_dsp_1_U286/riscv_gpgpu_hls_gpgpu_scheduler_fmul_32ns_32ns_32_5_max_dsp_1_ip_u/U0/i_synth/MULT.OP/i_non_prim.MULT/DSP48E1_SPD_SGL_VARIANT.FIX_MULT/DSP2/i_no_versal_es1_workaround.DSP multiplier stage gpgpu_system_i/gpgpu_scheduler_0/inst/Block_entry_cu_regs_0_wr_proc_U0/grp_compute_pipeline6_fu_230/grp_executeOneWarp7_fu_284/grp_executeALU_fu_1840/fmul_32ns_32ns_32_5_max_dsp_1_U286/riscv_gpgpu_hls_gpgpu_scheduler_fmul_32ns_32ns_32_5_max_dsp_1_ip_u/U0/i_synth/MULT.OP/i_non_prim.MULT/DSP48E1_SPD_SGL_VARIANT.FIX_MULT/DSP2/i_no_versal_es1_workaround.DSP/PATTERNDETECT is not pipelined (MREG=0). Pipelining the multiplier function will improve performance and will save significant power so it is suggested whenever possible to fully pipeline this function.  If this multiplier was inferred, it is suggested to describe an additional register stage after this function.  If there is no registered adder/accumulator following the multiply function, two pipeline stages are suggested to allow both the MREG and PREG registers to be used.  If the DSP48 was instantiated in the design, it is suggested to set both the MREG and PREG attributes to 1 when performing multiply functions.
Related violations: <none>

DPOP-4#10 Warning
MREG Output pipelining  
DSP gpgpu_system_i/gpgpu_scheduler_0/inst/Block_entry_cu_regs_0_wr_proc_U0/grp_compute_pipeline6_fu_230/grp_executeOneWarp7_fu_284/grp_executeALU_fu_1840/fmul_32ns_32ns_32_5_max_dsp_1_U286/riscv_gpgpu_hls_gpgpu_scheduler_fmul_32ns_32ns_32_5_max_dsp_1_ip_u/U0/i_synth/MULT.OP/i_non_prim.MULT/DSP48E1_SPD_SGL_VARIANT.FIX_MULT/DSP2/i_no_versal_es1_workaround.DSP multiplier stage gpgpu_system_i/gpgpu_scheduler_0/inst/Block_entry_cu_regs_0_wr_proc_U0/grp_compute_pipeline6_fu_230/grp_executeOneWarp7_fu_284/grp_executeALU_fu_1840/fmul_32ns_32ns_32_5_max_dsp_1_U286/riscv_gpgpu_hls_gpgpu_scheduler_fmul_32ns_32ns_32_5_max_dsp_1_ip_u/U0/i_synth/MULT.OP/i_non_prim.MULT/DSP48E1_SPD_SGL_VARIANT.FIX_MULT/DSP2/i_no_versal_es1_workaround.DSP/P[47:0] is not pipelined (MREG=0). Pipelining the multiplier function will improve performance and will save significant power so it is suggested whenever possible to fully pipeline this function.  If this multiplier was inferred, it is suggested to describe an additional register stage after this function.  If there is no registered adder/accumulator following the multiply function, two pipeline stages are suggested to allow both the MREG and PREG registers to be used.  If the DSP48 was instantiated in the design, it is suggested to set both the MREG and PREG attributes to 1 when performing multiply functions.
Related violations: <none>

DPREG-7#1 Warning
DSP48E2_PregDynOpmodeZmuxP:  
The DSP48E2 cell gpgpu_system_i/gpgpu_scheduler_0/inst/Block_entry_cu_regs_0_wr_proc_U0/grp_compute_pipeline6_fu_230/grp_executeOneWarp7_fu_284/grp_executeALU_fu_1840/fadd_32ns_32ns_32_8_full_dsp_1_U274/riscv_gpgpu_hls_gpgpu_scheduler_fadd_32ns_32ns_32_8_full_dsp_1_ip_u/U0/i_synth/ADDSUB_OP.ADDSUB/DSP.OP/DSP48E1_BODY.ALIGN_ADD/DSP2/i_no_versal_es1_workaround.DSP with the given dynamic OPMODE[8:0] connections may lead to an unregistered asynchronous feedback path without the PREG attribute enabled. Please refer to the user guide and if one of the internal P feedback opmodes is possible for this design the PREG attribute must be set to 1, currently set to 0
Related violations: <none>

DPREG-7#2 Warning
DSP48E2_PregDynOpmodeZmuxP:  
The DSP48E2 cell gpgpu_system_i/gpgpu_scheduler_0/inst/Block_entry_cu_regs_0_wr_proc_U0/grp_compute_pipeline6_fu_230/grp_executeOneWarp7_fu_284/grp_executeALU_fu_1840/fadd_32ns_32ns_32_8_full_dsp_1_U275/riscv_gpgpu_hls_gpgpu_scheduler_fadd_32ns_32ns_32_8_full_dsp_1_ip_u/U0/i_synth/ADDSUB_OP.ADDSUB/DSP.OP/DSP48E1_BODY.ALIGN_ADD/DSP2/i_no_versal_es1_workaround.DSP with the given dynamic OPMODE[8:0] connections may lead to an unregistered asynchronous feedback path without the PREG attribute enabled. Please refer to the user guide and if one of the internal P feedback opmodes is possible for this design the PREG attribute must be set to 1, currently set to 0
Related violations: <none>

DPREG-7#3 Warning
DSP48E2_PregDynOpmodeZmuxP:  
The DSP48E2 cell gpgpu_system_i/gpgpu_scheduler_0/inst/Block_entry_cu_regs_0_wr_proc_U0/grp_compute_pipeline6_fu_230/grp_executeOneWarp7_fu_284/grp_executeALU_fu_1840/fadd_32ns_32ns_32_8_full_dsp_1_U276/riscv_gpgpu_hls_gpgpu_scheduler_fadd_32ns_32ns_32_8_full_dsp_1_ip_u/U0/i_synth/ADDSUB_OP.ADDSUB/DSP.OP/DSP48E1_BODY.ALIGN_ADD/DSP2/i_no_versal_es1_workaround.DSP with the given dynamic OPMODE[8:0] connections may lead to an unregistered asynchronous feedback path without the PREG attribute enabled. Please refer to the user guide and if one of the internal P feedback opmodes is possible for this design the PREG attribute must be set to 1, currently set to 0
Related violations: <none>

DPREG-7#4 Warning
DSP48E2_PregDynOpmodeZmuxP:  
The DSP48E2 cell gpgpu_system_i/gpgpu_scheduler_0/inst/Block_entry_cu_regs_0_wr_proc_U0/grp_compute_pipeline6_fu_230/grp_executeOneWarp7_fu_284/grp_executeALU_fu_1840/fadd_32ns_32ns_32_8_full_dsp_1_U277/riscv_gpgpu_hls_gpgpu_scheduler_fadd_32ns_32ns_32_8_full_dsp_1_ip_u/U0/i_synth/ADDSUB_OP.ADDSUB/DSP.OP/DSP48E1_BODY.ALIGN_ADD/DSP2/i_no_versal_es1_workaround.DSP with the given dynamic OPMODE[8:0] connections may lead to an unregistered asynchronous feedback path without the PREG attribute enabled. Please refer to the user guide and if one of the internal P feedback opmodes is possible for this design the PREG attribute must be set to 1, currently set to 0
Related violations: <none>

DPREG-7#5 Warning
DSP48E2_PregDynOpmodeZmuxP:  
The DSP48E2 cell gpgpu_system_i/gpgpu_scheduler_0/inst/Block_entry_cu_regs_0_wr_proc_U0/grp_compute_pipeline6_fu_230/grp_executeOneWarp7_fu_284/grp_executeALU_fu_1840/fadd_32ns_32ns_32_8_full_dsp_1_U278/riscv_gpgpu_hls_gpgpu_scheduler_fadd_32ns_32ns_32_8_full_dsp_1_ip_u/U0/i_synth/ADDSUB_OP.ADDSUB/DSP.OP/DSP48E1_BODY.ALIGN_ADD/DSP2/i_no_versal_es1_workaround.DSP with the given dynamic OPMODE[8:0] connections may lead to an unregistered asynchronous feedback path without the PREG attribute enabled. Please refer to the user guide and if one of the internal P feedback opmodes is possible for this design the PREG attribute must be set to 1, currently set to 0
Related violations: <none>

DPREG-7#6 Warning
DSP48E2_PregDynOpmodeZmuxP:  
The DSP48E2 cell gpgpu_system_i/gpgpu_scheduler_0/inst/Block_entry_cu_regs_0_wr_proc_U0/grp_compute_pipeline6_fu_230/grp_executeOneWarp7_fu_284/grp_executeALU_fu_1840/fadd_32ns_32ns_32_8_full_dsp_1_U279/riscv_gpgpu_hls_gpgpu_scheduler_fadd_32ns_32ns_32_8_full_dsp_1_ip_u/U0/i_synth/ADDSUB_OP.ADDSUB/DSP.OP/DSP48E1_BODY.ALIGN_ADD/DSP2/i_no_versal_es1_workaround.DSP with the given dynamic OPMODE[8:0] connections may lead to an unregistered asynchronous feedback path without the PREG attribute enabled. Please refer to the user guide and if one of the internal P feedback opmodes is possible for this design the PREG attribute must be set to 1, currently set to 0
Related violations: <none>

DPREG-7#7 Warning
DSP48E2_PregDynOpmodeZmuxP:  
The DSP48E2 cell gpgpu_system_i/gpgpu_scheduler_0/inst/Block_entry_cu_regs_0_wr_proc_U0/grp_compute_pipeline6_fu_230/grp_executeOneWarp7_fu_284/grp_executeALU_fu_1840/fadd_32ns_32ns_32_8_full_dsp_1_U280/riscv_gpgpu_hls_gpgpu_scheduler_fadd_32ns_32ns_32_8_full_dsp_1_ip_u/U0/i_synth/ADDSUB_OP.ADDSUB/DSP.OP/DSP48E1_BODY.ALIGN_ADD/DSP2/i_no_versal_es1_workaround.DSP with the given dynamic OPMODE[8:0] connections may lead to an unregistered asynchronous feedback path without the PREG attribute enabled. Please refer to the user guide and if one of the internal P feedback opmodes is possible for this design the PREG attribute must be set to 1, currently set to 0
Related violations: <none>

DPREG-7#8 Warning
DSP48E2_PregDynOpmodeZmuxP:  
The DSP48E2 cell gpgpu_system_i/gpgpu_scheduler_0/inst/Block_entry_cu_regs_0_wr_proc_U0/grp_compute_pipeline6_fu_230/grp_executeOneWarp7_fu_284/grp_executeALU_fu_1840/fadd_32ns_32ns_32_8_full_dsp_1_U281/riscv_gpgpu_hls_gpgpu_scheduler_fadd_32ns_32ns_32_8_full_dsp_1_ip_u/U0/i_synth/ADDSUB_OP.ADDSUB/DSP.OP/DSP48E1_BODY.ALIGN_ADD/DSP2/i_no_versal_es1_workaround.DSP with the given dynamic OPMODE[8:0] connections may lead to an unregistered asynchronous feedback path without the PREG attribute enabled. Please refer to the user guide and if one of the internal P feedback opmodes is possible for this design the PREG attribute must be set to 1, currently set to 0
Related violations: <none>

AVAL-155#1 Advisory
enum_AMULTSEL_BMULTSEL_enum_DREG_ADREG_0_connects_CED_CEAD_RSTD_GND  
gpgpu_system_i/gpgpu_scheduler_0/inst/Block_entry_cu_regs_0_wr_proc_U0/grp_compute_pipeline6_fu_230/grp_executeOneWarp7_fu_284/grp_executeALU_fu_1840/fadd_32ns_32ns_32_8_full_dsp_1_U274/riscv_gpgpu_hls_gpgpu_scheduler_fadd_32ns_32ns_32_8_full_dsp_1_ip_u/U0/i_synth/ADDSUB_OP.ADDSUB/DSP.OP/DSP48E1_BODY.NORM_RND/FULL_USAGE_DSP.SHIFT_RND/i_no_versal_es1_workaround.DSP: DSP48E2 is not using the D port (AMULTSEL = A and BMULTSEL = B). For improved power characteristics, set DREG and ADREG to '1', tie CED, CEAD, and RSTD to logic '0'.
Related violations: <none>

AVAL-155#2 Advisory
enum_AMULTSEL_BMULTSEL_enum_DREG_ADREG_0_connects_CED_CEAD_RSTD_GND  
gpgpu_system_i/gpgpu_scheduler_0/inst/Block_entry_cu_regs_0_wr_proc_U0/grp_compute_pipeline6_fu_230/grp_executeOneWarp7_fu_284/grp_executeALU_fu_1840/fadd_32ns_32ns_32_8_full_dsp_1_U275/riscv_gpgpu_hls_gpgpu_scheduler_fadd_32ns_32ns_32_8_full_dsp_1_ip_u/U0/i_synth/ADDSUB_OP.ADDSUB/DSP.OP/DSP48E1_BODY.NORM_RND/FULL_USAGE_DSP.SHIFT_RND/i_no_versal_es1_workaround.DSP: DSP48E2 is not using the D port (AMULTSEL = A and BMULTSEL = B). For improved power characteristics, set DREG and ADREG to '1', tie CED, CEAD, and RSTD to logic '0'.
Related violations: <none>

AVAL-155#3 Advisory
enum_AMULTSEL_BMULTSEL_enum_DREG_ADREG_0_connects_CED_CEAD_RSTD_GND  
gpgpu_system_i/gpgpu_scheduler_0/inst/Block_entry_cu_regs_0_wr_proc_U0/grp_compute_pipeline6_fu_230/grp_executeOneWarp7_fu_284/grp_executeALU_fu_1840/fadd_32ns_32ns_32_8_full_dsp_1_U276/riscv_gpgpu_hls_gpgpu_scheduler_fadd_32ns_32ns_32_8_full_dsp_1_ip_u/U0/i_synth/ADDSUB_OP.ADDSUB/DSP.OP/DSP48E1_BODY.NORM_RND/FULL_USAGE_DSP.SHIFT_RND/i_no_versal_es1_workaround.DSP: DSP48E2 is not using the D port (AMULTSEL = A and BMULTSEL = B). For improved power characteristics, set DREG and ADREG to '1', tie CED, CEAD, and RSTD to logic '0'.
Related violations: <none>

AVAL-155#4 Advisory
enum_AMULTSEL_BMULTSEL_enum_DREG_ADREG_0_connects_CED_CEAD_RSTD_GND  
gpgpu_system_i/gpgpu_scheduler_0/inst/Block_entry_cu_regs_0_wr_proc_U0/grp_compute_pipeline6_fu_230/grp_executeOneWarp7_fu_284/grp_executeALU_fu_1840/fadd_32ns_32ns_32_8_full_dsp_1_U277/riscv_gpgpu_hls_gpgpu_scheduler_fadd_32ns_32ns_32_8_full_dsp_1_ip_u/U0/i_synth/ADDSUB_OP.ADDSUB/DSP.OP/DSP48E1_BODY.NORM_RND/FULL_USAGE_DSP.SHIFT_RND/i_no_versal_es1_workaround.DSP: DSP48E2 is not using the D port (AMULTSEL = A and BMULTSEL = B). For improved power characteristics, set DREG and ADREG to '1', tie CED, CEAD, and RSTD to logic '0'.
Related violations: <none>

AVAL-155#5 Advisory
enum_AMULTSEL_BMULTSEL_enum_DREG_ADREG_0_connects_CED_CEAD_RSTD_GND  
gpgpu_system_i/gpgpu_scheduler_0/inst/Block_entry_cu_regs_0_wr_proc_U0/grp_compute_pipeline6_fu_230/grp_executeOneWarp7_fu_284/grp_executeALU_fu_1840/fadd_32ns_32ns_32_8_full_dsp_1_U278/riscv_gpgpu_hls_gpgpu_scheduler_fadd_32ns_32ns_32_8_full_dsp_1_ip_u/U0/i_synth/ADDSUB_OP.ADDSUB/DSP.OP/DSP48E1_BODY.NORM_RND/FULL_USAGE_DSP.SHIFT_RND/i_no_versal_es1_workaround.DSP: DSP48E2 is not using the D port (AMULTSEL = A and BMULTSEL = B). For improved power characteristics, set DREG and ADREG to '1', tie CED, CEAD, and RSTD to logic '0'.
Related violations: <none>

AVAL-155#6 Advisory
enum_AMULTSEL_BMULTSEL_enum_DREG_ADREG_0_connects_CED_CEAD_RSTD_GND  
gpgpu_system_i/gpgpu_scheduler_0/inst/Block_entry_cu_regs_0_wr_proc_U0/grp_compute_pipeline6_fu_230/grp_executeOneWarp7_fu_284/grp_executeALU_fu_1840/fadd_32ns_32ns_32_8_full_dsp_1_U279/riscv_gpgpu_hls_gpgpu_scheduler_fadd_32ns_32ns_32_8_full_dsp_1_ip_u/U0/i_synth/ADDSUB_OP.ADDSUB/DSP.OP/DSP48E1_BODY.NORM_RND/FULL_USAGE_DSP.SHIFT_RND/i_no_versal_es1_workaround.DSP: DSP48E2 is not using the D port (AMULTSEL = A and BMULTSEL = B). For improved power characteristics, set DREG and ADREG to '1', tie CED, CEAD, and RSTD to logic '0'.
Related violations: <none>

AVAL-155#7 Advisory
enum_AMULTSEL_BMULTSEL_enum_DREG_ADREG_0_connects_CED_CEAD_RSTD_GND  
gpgpu_system_i/gpgpu_scheduler_0/inst/Block_entry_cu_regs_0_wr_proc_U0/grp_compute_pipeline6_fu_230/grp_executeOneWarp7_fu_284/grp_executeALU_fu_1840/fadd_32ns_32ns_32_8_full_dsp_1_U280/riscv_gpgpu_hls_gpgpu_scheduler_fadd_32ns_32ns_32_8_full_dsp_1_ip_u/U0/i_synth/ADDSUB_OP.ADDSUB/DSP.OP/DSP48E1_BODY.NORM_RND/FULL_USAGE_DSP.SHIFT_RND/i_no_versal_es1_workaround.DSP: DSP48E2 is not using the D port (AMULTSEL = A and BMULTSEL = B). For improved power characteristics, set DREG and ADREG to '1', tie CED, CEAD, and RSTD to logic '0'.
Related violations: <none>

AVAL-155#8 Advisory
enum_AMULTSEL_BMULTSEL_enum_DREG_ADREG_0_connects_CED_CEAD_RSTD_GND  
gpgpu_system_i/gpgpu_scheduler_0/inst/Block_entry_cu_regs_0_wr_proc_U0/grp_compute_pipeline6_fu_230/grp_executeOneWarp7_fu_284/grp_executeALU_fu_1840/fadd_32ns_32ns_32_8_full_dsp_1_U281/riscv_gpgpu_hls_gpgpu_scheduler_fadd_32ns_32ns_32_8_full_dsp_1_ip_u/U0/i_synth/ADDSUB_OP.ADDSUB/DSP.OP/DSP48E1_BODY.NORM_RND/FULL_USAGE_DSP.SHIFT_RND/i_no_versal_es1_workaround.DSP: DSP48E2 is not using the D port (AMULTSEL = A and BMULTSEL = B). For improved power characteristics, set DREG and ADREG to '1', tie CED, CEAD, and RSTD to logic '0'.
Related violations: <none>

AVAL-155#9 Advisory
enum_AMULTSEL_BMULTSEL_enum_DREG_ADREG_0_connects_CED_CEAD_RSTD_GND  
gpgpu_system_i/gpgpu_scheduler_0/inst/Block_entry_cu_regs_0_wr_proc_U0/grp_compute_pipeline6_fu_230/grp_executeOneWarp7_fu_284/grp_executeALU_fu_1840/fmul_32ns_32ns_32_5_max_dsp_1_U282/riscv_gpgpu_hls_gpgpu_scheduler_fmul_32ns_32ns_32_5_max_dsp_1_ip_u/U0/i_synth/MULT.OP/i_non_prim.MULT/DSP48E1_SPD_SGL_VARIANT.FIX_MULT/DSP1/i_no_versal_es1_workaround.DSP: DSP48E2 is not using the D port (AMULTSEL = A and BMULTSEL = B). For improved power characteristics, set DREG and ADREG to '1', tie CED, CEAD, and RSTD to logic '0'.
Related violations: <none>

AVAL-155#10 Advisory
enum_AMULTSEL_BMULTSEL_enum_DREG_ADREG_0_connects_CED_CEAD_RSTD_GND  
gpgpu_system_i/gpgpu_scheduler_0/inst/Block_entry_cu_regs_0_wr_proc_U0/grp_compute_pipeline6_fu_230/grp_executeOneWarp7_fu_284/grp_executeALU_fu_1840/fmul_32ns_32ns_32_5_max_dsp_1_U282/riscv_gpgpu_hls_gpgpu_scheduler_fmul_32ns_32ns_32_5_max_dsp_1_ip_u/U0/i_synth/MULT.OP/i_non_prim.MULT/DSP48E1_SPD_SGL_VARIANT.FIX_MULT/DSP2/i_no_versal_es1_workaround.DSP: DSP48E2 is not using the D port (AMULTSEL = A and BMULTSEL = B). For improved power characteristics, set DREG and ADREG to '1', tie CED, CEAD, and RSTD to logic '0'.
Related violations: <none>

AVAL-155#11 Advisory
enum_AMULTSEL_BMULTSEL_enum_DREG_ADREG_0_connects_CED_CEAD_RSTD_GND  
gpgpu_system_i/gpgpu_scheduler_0/inst/Block_entry_cu_regs_0_wr_proc_U0/grp_compute_pipeline6_fu_230/grp_executeOneWarp7_fu_284/grp_executeALU_fu_1840/fmul_32ns_32ns_32_5_max_dsp_1_U282/riscv_gpgpu_hls_gpgpu_scheduler_fmul_32ns_32ns_32_5_max_dsp_1_ip_u/U0/i_synth/MULT.OP/i_non_prim.R_AND_R/LAT_OPT.FULL.R_AND_R/DSP48E1_SGL_EXP_IP.OLD_ADD.ADD/i_no_versal_es1_workaround.DSP: DSP48E2 is not using the D port (AMULTSEL = A and BMULTSEL = B). For improved power characteristics, set DREG and ADREG to '1', tie CED, CEAD, and RSTD to logic '0'.
Related violations: <none>

AVAL-155#12 Advisory
enum_AMULTSEL_BMULTSEL_enum_DREG_ADREG_0_connects_CED_CEAD_RSTD_GND  
gpgpu_system_i/gpgpu_scheduler_0/inst/Block_entry_cu_regs_0_wr_proc_U0/grp_compute_pipeline6_fu_230/grp_executeOneWarp7_fu_284/grp_executeALU_fu_1840/fmul_32ns_32ns_32_5_max_dsp_1_U283/riscv_gpgpu_hls_gpgpu_scheduler_fmul_32ns_32ns_32_5_max_dsp_1_ip_u/U0/i_synth/MULT.OP/i_non_prim.MULT/DSP48E1_SPD_SGL_VARIANT.FIX_MULT/DSP1/i_no_versal_es1_workaround.DSP: DSP48E2 is not using the D port (AMULTSEL = A and BMULTSEL = B). For improved power characteristics, set DREG and ADREG to '1', tie CED, CEAD, and RSTD to logic '0'.
Related violations: <none>

AVAL-155#13 Advisory
enum_AMULTSEL_BMULTSEL_enum_DREG_ADREG_0_connects_CED_CEAD_RSTD_GND  
gpgpu_system_i/gpgpu_scheduler_0/inst/Block_entry_cu_regs_0_wr_proc_U0/grp_compute_pipeline6_fu_230/grp_executeOneWarp7_fu_284/grp_executeALU_fu_1840/fmul_32ns_32ns_32_5_max_dsp_1_U283/riscv_gpgpu_hls_gpgpu_scheduler_fmul_32ns_32ns_32_5_max_dsp_1_ip_u/U0/i_synth/MULT.OP/i_non_prim.MULT/DSP48E1_SPD_SGL_VARIANT.FIX_MULT/DSP2/i_no_versal_es1_workaround.DSP: DSP48E2 is not using the D port (AMULTSEL = A and BMULTSEL = B). For improved power characteristics, set DREG and ADREG to '1', tie CED, CEAD, and RSTD to logic '0'.
Related violations: <none>

AVAL-155#14 Advisory
enum_AMULTSEL_BMULTSEL_enum_DREG_ADREG_0_connects_CED_CEAD_RSTD_GND  
gpgpu_system_i/gpgpu_scheduler_0/inst/Block_entry_cu_regs_0_wr_proc_U0/grp_compute_pipeline6_fu_230/grp_executeOneWarp7_fu_284/grp_executeALU_fu_1840/fmul_32ns_32ns_32_5_max_dsp_1_U283/riscv_gpgpu_hls_gpgpu_scheduler_fmul_32ns_32ns_32_5_max_dsp_1_ip_u/U0/i_synth/MULT.OP/i_non_prim.R_AND_R/LAT_OPT.FULL.R_AND_R/DSP48E1_SGL_EXP_IP.OLD_ADD.ADD/i_no_versal_es1_workaround.DSP: DSP48E2 is not using the D port (AMULTSEL = A and BMULTSEL = B). For improved power characteristics, set DREG and ADREG to '1', tie CED, CEAD, and RSTD to logic '0'.
Related violations: <none>

AVAL-155#15 Advisory
enum_AMULTSEL_BMULTSEL_enum_DREG_ADREG_0_connects_CED_CEAD_RSTD_GND  
gpgpu_system_i/gpgpu_scheduler_0/inst/Block_entry_cu_regs_0_wr_proc_U0/grp_compute_pipeline6_fu_230/grp_executeOneWarp7_fu_284/grp_executeALU_fu_1840/fmul_32ns_32ns_32_5_max_dsp_1_U284/riscv_gpgpu_hls_gpgpu_scheduler_fmul_32ns_32ns_32_5_max_dsp_1_ip_u/U0/i_synth/MULT.OP/i_non_prim.MULT/DSP48E1_SPD_SGL_VARIANT.FIX_MULT/DSP1/i_no_versal_es1_workaround.DSP: DSP48E2 is not using the D port (AMULTSEL = A and BMULTSEL = B). For improved power characteristics, set DREG and ADREG to '1', tie CED, CEAD, and RSTD to logic '0'.
Related violations: <none>

AVAL-155#16 Advisory
enum_AMULTSEL_BMULTSEL_enum_DREG_ADREG_0_connects_CED_CEAD_RSTD_GND  
gpgpu_system_i/gpgpu_scheduler_0/inst/Block_entry_cu_regs_0_wr_proc_U0/grp_compute_pipeline6_fu_230/grp_executeOneWarp7_fu_284/grp_executeALU_fu_1840/fmul_32ns_32ns_32_5_max_dsp_1_U284/riscv_gpgpu_hls_gpgpu_scheduler_fmul_32ns_32ns_32_5_max_dsp_1_ip_u/U0/i_synth/MULT.OP/i_non_prim.MULT/DSP48E1_SPD_SGL_VARIANT.FIX_MULT/DSP2/i_no_versal_es1_workaround.DSP: DSP48E2 is not using the D port (AMULTSEL = A and BMULTSEL = B). For improved power characteristics, set DREG and ADREG to '1', tie CED, CEAD, and RSTD to logic '0'.
Related violations: <none>

AVAL-155#17 Advisory
enum_AMULTSEL_BMULTSEL_enum_DREG_ADREG_0_connects_CED_CEAD_RSTD_GND  
gpgpu_system_i/gpgpu_scheduler_0/inst/Block_entry_cu_regs_0_wr_proc_U0/grp_compute_pipeline6_fu_230/grp_executeOneWarp7_fu_284/grp_executeALU_fu_1840/fmul_32ns_32ns_32_5_max_dsp_1_U284/riscv_gpgpu_hls_gpgpu_scheduler_fmul_32ns_32ns_32_5_max_dsp_1_ip_u/U0/i_synth/MULT.OP/i_non_prim.R_AND_R/LAT_OPT.FULL.R_AND_R/DSP48E1_SGL_EXP_IP.OLD_ADD.ADD/i_no_versal_es1_workaround.DSP: DSP48E2 is not using the D port (AMULTSEL = A and BMULTSEL = B). For improved power characteristics, set DREG and ADREG to '1', tie CED, CEAD, and RSTD to logic '0'.
Related violations: <none>

AVAL-155#18 Advisory
enum_AMULTSEL_BMULTSEL_enum_DREG_ADREG_0_connects_CED_CEAD_RSTD_GND  
gpgpu_system_i/gpgpu_scheduler_0/inst/Block_entry_cu_regs_0_wr_proc_U0/grp_compute_pipeline6_fu_230/grp_executeOneWarp7_fu_284/grp_executeALU_fu_1840/fmul_32ns_32ns_32_5_max_dsp_1_U285/riscv_gpgpu_hls_gpgpu_scheduler_fmul_32ns_32ns_32_5_max_dsp_1_ip_u/U0/i_synth/MULT.OP/i_non_prim.MULT/DSP48E1_SPD_SGL_VARIANT.FIX_MULT/DSP1/i_no_versal_es1_workaround.DSP: DSP48E2 is not using the D port (AMULTSEL = A and BMULTSEL = B). For improved power characteristics, set DREG and ADREG to '1', tie CED, CEAD, and RSTD to logic '0'.
Related violations: <none>

AVAL-155#19 Advisory
enum_AMULTSEL_BMULTSEL_enum_DREG_ADREG_0_connects_CED_CEAD_RSTD_GND  
gpgpu_system_i/gpgpu_scheduler_0/inst/Block_entry_cu_regs_0_wr_proc_U0/grp_compute_pipeline6_fu_230/grp_executeOneWarp7_fu_284/grp_executeALU_fu_1840/fmul_32ns_32ns_32_5_max_dsp_1_U285/riscv_gpgpu_hls_gpgpu_scheduler_fmul_32ns_32ns_32_5_max_dsp_1_ip_u/U0/i_synth/MULT.OP/i_non_prim.MULT/DSP48E1_SPD_SGL_VARIANT.FIX_MULT/DSP2/i_no_versal_es1_workaround.DSP: DSP48E2 is not using the D port (AMULTSEL = A and BMULTSEL = B). For improved power characteristics, set DREG and ADREG to '1', tie CED, CEAD, and RSTD to logic '0'.
Related violations: <none>

AVAL-155#20 Advisory
enum_AMULTSEL_BMULTSEL_enum_DREG_ADREG_0_connects_CED_CEAD_RSTD_GND  
gpgpu_system_i/gpgpu_scheduler_0/inst/Block_entry_cu_regs_0_wr_proc_U0/grp_compute_pipeline6_fu_230/grp_executeOneWarp7_fu_284/grp_executeALU_fu_1840/fmul_32ns_32ns_32_5_max_dsp_1_U285/riscv_gpgpu_hls_gpgpu_scheduler_fmul_32ns_32ns_32_5_max_dsp_1_ip_u/U0/i_synth/MULT.OP/i_non_prim.R_AND_R/LAT_OPT.FULL.R_AND_R/DSP48E1_SGL_EXP_IP.OLD_ADD.ADD/i_no_versal_es1_workaround.DSP: DSP48E2 is not using the D port (AMULTSEL = A and BMULTSEL = B). For improved power characteristics, set DREG and ADREG to '1', tie CED, CEAD, and RSTD to logic '0'.
Related violations: <none>

AVAL-155#21 Advisory
enum_AMULTSEL_BMULTSEL_enum_DREG_ADREG_0_connects_CED_CEAD_RSTD_GND  
gpgpu_system_i/gpgpu_scheduler_0/inst/Block_entry_cu_regs_0_wr_proc_U0/grp_compute_pipeline6_fu_230/grp_executeOneWarp7_fu_284/grp_executeALU_fu_1840/fmul_32ns_32ns_32_5_max_dsp_1_U286/riscv_gpgpu_hls_gpgpu_scheduler_fmul_32ns_32ns_32_5_max_dsp_1_ip_u/U0/i_synth/MULT.OP/i_non_prim.MULT/DSP48E1_SPD_SGL_VARIANT.FIX_MULT/DSP1/i_no_versal_es1_workaround.DSP: DSP48E2 is not using the D port (AMULTSEL = A and BMULTSEL = B). For improved power characteristics, set DREG and ADREG to '1', tie CED, CEAD, and RSTD to logic '0'.
Related violations: <none>

AVAL-155#22 Advisory
enum_AMULTSEL_BMULTSEL_enum_DREG_ADREG_0_connects_CED_CEAD_RSTD_GND  
gpgpu_system_i/gpgpu_scheduler_0/inst/Block_entry_cu_regs_0_wr_proc_U0/grp_compute_pipeline6_fu_230/grp_executeOneWarp7_fu_284/grp_executeALU_fu_1840/fmul_32ns_32ns_32_5_max_dsp_1_U286/riscv_gpgpu_hls_gpgpu_scheduler_fmul_32ns_32ns_32_5_max_dsp_1_ip_u/U0/i_synth/MULT.OP/i_non_prim.MULT/DSP48E1_SPD_SGL_VARIANT.FIX_MULT/DSP2/i_no_versal_es1_workaround.DSP: DSP48E2 is not using the D port (AMULTSEL = A and BMULTSEL = B). For improved power characteristics, set DREG and ADREG to '1', tie CED, CEAD, and RSTD to logic '0'.
Related violations: <none>

AVAL-155#23 Advisory
enum_AMULTSEL_BMULTSEL_enum_DREG_ADREG_0_connects_CED_CEAD_RSTD_GND  
gpgpu_system_i/gpgpu_scheduler_0/inst/Block_entry_cu_regs_0_wr_proc_U0/grp_compute_pipeline6_fu_230/grp_executeOneWarp7_fu_284/grp_executeALU_fu_1840/fmul_32ns_32ns_32_5_max_dsp_1_U286/riscv_gpgpu_hls_gpgpu_scheduler_fmul_32ns_32ns_32_5_max_dsp_1_ip_u/U0/i_synth/MULT.OP/i_non_prim.R_AND_R/LAT_OPT.FULL.R_AND_R/DSP48E1_SGL_EXP_IP.OLD_ADD.ADD/i_no_versal_es1_workaround.DSP: DSP48E2 is not using the D port (AMULTSEL = A and BMULTSEL = B). For improved power characteristics, set DREG and ADREG to '1', tie CED, CEAD, and RSTD to logic '0'.
Related violations: <none>

AVAL-156#1 Advisory
enum_USE_MULT_NONE__enum_DREG_ADREG_0_connects_CED_CEAD_RSTD_GND  
gpgpu_system_i/gpgpu_scheduler_0/inst/Block_entry_cu_regs_0_wr_proc_U0/grp_compute_pipeline6_fu_230/grp_executeOneWarp7_fu_284/grp_executeALU_fu_1840/fmul_32ns_32ns_32_5_max_dsp_1_U282/riscv_gpgpu_hls_gpgpu_scheduler_fmul_32ns_32ns_32_5_max_dsp_1_ip_u/U0/i_synth/MULT.OP/i_non_prim.R_AND_R/LAT_OPT.FULL.R_AND_R/DSP48E1_SGL_EXP_IP.OLD_ADD.ADD/i_no_versal_es1_workaround.DSP: DSP48E2 is not using the Multiplier (USE_MULT = NONE). For improved power characteristics, set DREG and ADREG to '1', tie CED, CEAD, and RSTD to logic '0'.
Related violations: <none>

AVAL-156#2 Advisory
enum_USE_MULT_NONE__enum_DREG_ADREG_0_connects_CED_CEAD_RSTD_GND  
gpgpu_system_i/gpgpu_scheduler_0/inst/Block_entry_cu_regs_0_wr_proc_U0/grp_compute_pipeline6_fu_230/grp_executeOneWarp7_fu_284/grp_executeALU_fu_1840/fmul_32ns_32ns_32_5_max_dsp_1_U283/riscv_gpgpu_hls_gpgpu_scheduler_fmul_32ns_32ns_32_5_max_dsp_1_ip_u/U0/i_synth/MULT.OP/i_non_prim.R_AND_R/LAT_OPT.FULL.R_AND_R/DSP48E1_SGL_EXP_IP.OLD_ADD.ADD/i_no_versal_es1_workaround.DSP: DSP48E2 is not using the Multiplier (USE_MULT = NONE). For improved power characteristics, set DREG and ADREG to '1', tie CED, CEAD, and RSTD to logic '0'.
Related violations: <none>

AVAL-156#3 Advisory
enum_USE_MULT_NONE__enum_DREG_ADREG_0_connects_CED_CEAD_RSTD_GND  
gpgpu_system_i/gpgpu_scheduler_0/inst/Block_entry_cu_regs_0_wr_proc_U0/grp_compute_pipeline6_fu_230/grp_executeOneWarp7_fu_284/grp_executeALU_fu_1840/fmul_32ns_32ns_32_5_max_dsp_1_U284/riscv_gpgpu_hls_gpgpu_scheduler_fmul_32ns_32ns_32_5_max_dsp_1_ip_u/U0/i_synth/MULT.OP/i_non_prim.R_AND_R/LAT_OPT.FULL.R_AND_R/DSP48E1_SGL_EXP_IP.OLD_ADD.ADD/i_no_versal_es1_workaround.DSP: DSP48E2 is not using the Multiplier (USE_MULT = NONE). For improved power characteristics, set DREG and ADREG to '1', tie CED, CEAD, and RSTD to logic '0'.
Related violations: <none>

AVAL-156#4 Advisory
enum_USE_MULT_NONE__enum_DREG_ADREG_0_connects_CED_CEAD_RSTD_GND  
gpgpu_system_i/gpgpu_scheduler_0/inst/Block_entry_cu_regs_0_wr_proc_U0/grp_compute_pipeline6_fu_230/grp_executeOneWarp7_fu_284/grp_executeALU_fu_1840/fmul_32ns_32ns_32_5_max_dsp_1_U285/riscv_gpgpu_hls_gpgpu_scheduler_fmul_32ns_32ns_32_5_max_dsp_1_ip_u/U0/i_synth/MULT.OP/i_non_prim.R_AND_R/LAT_OPT.FULL.R_AND_R/DSP48E1_SGL_EXP_IP.OLD_ADD.ADD/i_no_versal_es1_workaround.DSP: DSP48E2 is not using the Multiplier (USE_MULT = NONE). For improved power characteristics, set DREG and ADREG to '1', tie CED, CEAD, and RSTD to logic '0'.
Related violations: <none>

AVAL-156#5 Advisory
enum_USE_MULT_NONE__enum_DREG_ADREG_0_connects_CED_CEAD_RSTD_GND  
gpgpu_system_i/gpgpu_scheduler_0/inst/Block_entry_cu_regs_0_wr_proc_U0/grp_compute_pipeline6_fu_230/grp_executeOneWarp7_fu_284/grp_executeALU_fu_1840/fmul_32ns_32ns_32_5_max_dsp_1_U286/riscv_gpgpu_hls_gpgpu_scheduler_fmul_32ns_32ns_32_5_max_dsp_1_ip_u/U0/i_synth/MULT.OP/i_non_prim.R_AND_R/LAT_OPT.FULL.R_AND_R/DSP48E1_SGL_EXP_IP.OLD_ADD.ADD/i_no_versal_es1_workaround.DSP: DSP48E2 is not using the Multiplier (USE_MULT = NONE). For improved power characteristics, set DREG and ADREG to '1', tie CED, CEAD, and RSTD to logic '0'.
Related violations: <none>


